fit,StoreCode,net_sales,gross_sales,return_amount,discount_amount,net_qty,n_rows,gross_h1,gross_h2,growth_index,growth_ratio_h2_h1,return_rate_amount,discount_intensity,net_share_pct
Baggy,1501,3826.33,5099.05,-1272.72,327.2727,4,6,2735.43,2363.62,-0.0729,0.8641,0.2496,0.0603,0.0215
Baggy,1502,4309.06,5399.96,-1090.9,327.2727,4,6,1854.53,3545.43,0.3131,1.9118,0.202,0.0571,0.0242
Baggy,1504,0.0,1090.9,-1090.9,0.0,0,2,0.0,1090.9,1.0,,1.0,0.0,0.0
Baggy,1505,5000.2572,5763.8872,-763.63,-119.2,4,6,882.8273,4881.06,0.6937,5.5289,0.1325,0.0348,0.028
Baggy,1512,181.82,1272.72,-1090.9,0.0,0,2,0.0,1272.72,1.0,,0.8571,0.0,0.001
Baggy,1515,2272.71,3227.25,-954.54,0.0,2,4,0.0,3227.25,1.0,,0.2958,0.0897,0.0127
Baggy,1516,2545.44,5545.41,-2999.97,0.0,2,8,1090.9,4454.51,0.6066,4.0833,0.541,0.0,0.0143
Baggy,1518,2545.44,2545.44,0.0,0.0,2,2,0.0,2545.44,1.0,,0.0,0.0,0.0143
Baggy,1519,2050.41,3959.48,-1909.07,212.1182,2,6,1090.9,2868.58,0.449,2.6296,0.4822,0.0508,0.0115
Baggy,1520,2036.35,2036.35,0.0,327.2727,2,2,0.0,2036.35,1.0,,0.0,0.1385,0.0114
Baggy,1521,1315.63,2406.53,-1090.9,0.0,1,3,0.0,2406.53,1.0,,0.4533,0.0,0.0074
Baggy,1522,1272.72,1272.72,0.0,0.0,1,1,0.0,1272.72,1.0,,0.0,0.0,0.0071
Baggy,1523,9545.39,9545.39,0.0,0.0,8,8,0.0,9545.39,1.0,,0.0,0.0,0.0535
Baggy,1524,3384.3865,4211.6465,-827.26,0.0,3,5,0.0,4211.6465,1.0,,0.1964,0.0776,0.019
Baggy,1529,3136.34,3136.34,0.0,318.1818,3,3,0.0,3136.34,1.0,,0.0,0.0921,0.0176
Baggy,1531,-90.91,1181.81,-1272.72,0.0,0,2,0.0,1181.81,1.0,,1.0769,0.0,-0.0005
Baggy,1534,2545.44,2545.44,0.0,0.0,2,2,0.0,2545.44,1.0,,0.0,0.0,0.0143
Baggy,1535,5475.96,5475.96,0.0,318.1818,5,5,2157.8,3318.16,0.2119,1.5378,0.0,0.0549,0.0307
Baggy,1536,2252.71,2252.71,0.0,0.0,2,2,0.0,2252.71,1.0,,0.0,0.0,0.0126
Baggy,1538,4025.2,5970.64,-1945.44,520.2182,4,8,0.0,5970.64,1.0,,0.3258,0.1243,0.0226
Baggy,1539,1272.72,1272.72,0.0,0.0,1,1,0.0,1272.72,1.0,,0.0,0.0,0.0071
Baggy,1540,2040.89,4313.6,-2272.71,272.7273,2,6,1090.9,3222.7,0.4942,2.9542,0.5269,0.0595,0.0114
Baggy,1541,3136.34,3136.34,0.0,318.1818,3,3,0.0,3136.34,1.0,,0.0,0.0921,0.0176
Baggy,1542,3186.34,5549.96,-2363.62,177.2727,3,7,1090.9,4459.06,0.6069,4.0875,0.4259,0.031,0.0179
Baggy,1543,10361.3373,10361.3373,0.0,197.4909,9,9,3272.7,7088.6373,0.3683,2.166,0.0,0.0187,0.0581
Baggy,1544,1272.72,2363.62,-1090.9,0.0,1,3,1090.9,1272.72,0.0769,1.1667,0.4615,0.0,0.0071
Baggy,1545,2363.62,2363.62,0.0,0.0,2,2,1090.9,1272.72,0.0769,1.1667,0.0,0.0,0.0133
Baggy,1546,6909.04,6909.04,0.0,0.0,6,6,1090.9,5818.14,0.6842,5.3333,0.0,0.0,0.0387
Baggy,1547,3454.52,3454.52,0.0,0.0,3,3,1090.9,2363.62,0.3684,2.1667,0.0,0.0,0.0194
Baggy,1549,954.9,2045.8,-1090.9,0.0,1,3,954.9,1090.9,0.0665,1.1424,0.5332,0.0,0.0054
Baggy,1551,9163.57,9163.57,0.0,381.8182,8,8,2181.8,6981.77,0.5238,3.2,0.0,0.04,0.0514
Baggy,1554,1272.72,1272.72,0.0,0.0,1,1,0.0,1272.72,1.0,,0.0,0.0,0.0071
Baggy,1555,763.63,763.63,0.0,327.2727,1,1,763.63,0.0,-1.0,0.0,0.0,0.3,0.0043
Baggy,1556,8164.1512,9255.0512,-1090.9,0.0,7,9,0.0,9255.0512,1.0,,0.1179,0.0,0.0458
Baggy,1557,3959.07,4727.24,-768.17,-272.7273,3,5,2181.8,2545.44,0.0769,1.1667,0.1625,0.0,0.0222
Baggy,1559,3265.76,6238.46,-2972.7,488.7636,3,9,2090.89,4147.57,0.3297,1.9836,0.4765,0.0727,0.0183
Baggy,1566,-2090.89,1090.9,-3181.79,0.0,-2,4,1090.9,0.0,-1.0,0.0,2.9167,0.0,-0.0117
Baggy,1568,-763.63,0.0,-763.63,-327.2727,-1,1,0.0,0.0,,,,,-0.0043
Baggy,1571,1272.72,1272.72,0.0,0.0,1,1,0.0,1272.72,1.0,,0.0,0.0,0.0071
Baggy,1572,3236.34,3236.34,0.0,218.1818,3,3,872.72,2363.62,0.4607,2.7083,0.0,0.0632,0.0182
Baggy,1574,3072.71,3727.25,-654.54,-163.6364,2,4,0.0,3727.25,1.0,,0.1756,0.0,0.0172
Baggy,1579,1009.08,2099.98,-1090.9,81.8182,1,3,1009.08,1090.9,0.039,1.0811,0.5195,0.0375,0.0057
Baggy,1583,954.54,2077.85,-1123.31,318.1818,1,3,0.0,2077.85,1.0,,0.5406,0.1837,0.0054
Baggy,1587,3424.22,3424.22,0.0,212.1182,3,3,0.0,3424.22,1.0,,0.0,0.0583,0.0192
Baggy,1588,1272.72,1272.72,0.0,0.0,1,1,0.0,1272.72,1.0,,0.0,0.0,0.0071
Baggy,1591,4993.2817,4993.2817,0.0,1027.2727,5,5,763.63,4229.6517,0.6941,5.5389,0.0,0.1706,0.028
Baggy,1592,1272.7191,2363.6191,-1090.9,0.0,1,3,0.0,2363.6191,1.0,,0.4615,0.0,0.0071
Baggy,1593,2115.27,4395.55,-2280.28,-24.3727,2,6,1090.9,3304.65,0.5036,3.0293,0.5188,0.0519,0.0119
Baggy,1594,5636.32,5636.32,0.0,0.0,5,5,3272.7,2363.62,-0.1613,0.7222,0.0,0.0,0.0316
Baggy,1596,-736.35,0.0,-736.35,0.0,-1,1,0.0,0.0,,,,,-0.0041
Baggy,1597,3454.52,3454.52,0.0,0.0,3,3,0.0,3454.52,1.0,,0.0,0.0,0.0194
Baggy,1600,1718.17,1718.17,0.0,645.4546,2,2,0.0,1718.17,1.0,,0.0,0.2731,0.0096
Baggy,1601,3235.7684,4326.6684,-1090.9,198.3454,3,5,0.0,4326.6684,1.0,,0.2521,0.0438,0.0181
Baggy,1603,3149.7,3149.7,0.0,486.6364,3,3,0.0,3149.7,1.0,,0.0,0.1338,0.0177
Baggy,1604,390.91,1090.9,-699.99,-300.0,0,2,0.0,1090.9,1.0,,0.6417,0.0,0.0022
Baggy,1606,1272.72,1272.72,0.0,0.0,1,1,0.0,1272.72,1.0,,0.0,0.0,0.0071
Baggy,1607,954.54,2045.44,-1090.9,500.0,1,3,0.0,2045.44,1.0,,0.5333,0.1964,0.0054
Baggy,1608,4636.33,5909.05,-1272.72,0.0,4,6,1090.9,4818.15,0.6308,4.4167,0.2154,0.0,0.026
Baggy,1609,1181.81,1181.81,0.0,0.0,1,1,0.0,1181.81,1.0,,0.0,0.0,0.0066
Baggy,1611,1272.72,1272.72,0.0,0.0,1,1,0.0,1272.72,1.0,,0.0,0.0,0.0071
Baggy,1614,3424.92,5606.72,-2181.8,0.0,3,7,2152.2,3454.52,0.2323,1.6051,0.3891,0.0,0.0192
Baggy,1616,1190.9,1772.71,-581.81,590.9091,1,3,0.0,1772.71,1.0,,0.3282,0.25,0.0067
Baggy,1617,954.54,954.54,0.0,318.1818,1,1,0.0,954.54,1.0,,0.0,0.25,0.0054
Baggy,1619,665.9,1256.8,-590.9,263.6364,1,3,0.0,1256.8,1.0,,0.4702,0.3486,0.0037
Baggy,1623,4342.93,4342.93,0.0,202.4909,4,4,0.0,4342.93,1.0,,0.0,0.0445,0.0244
Baggy,1625,1300.39,4454.51,-3154.12,-118.5818,1,7,1090.9,3363.61,0.5102,3.0833,0.7081,0.0,0.0073
Baggy,1626,1272.72,1272.72,0.0,0.0,1,1,0.0,1272.72,1.0,,0.0,0.0,0.0071
Baggy,1627,-1072.73,890.9,-1963.63,381.8182,-1,3,0.0,890.9,1.0,,2.2041,0.3,-0.006
Baggy,1629,2363.62,2363.62,0.0,0.0,2,2,0.0,2363.62,1.0,,0.0,0.0,0.0133
Baggy,1630,1272.72,1272.72,0.0,0.0,1,1,0.0,1272.72,1.0,,0.0,0.0,0.0071
Baggy,1632,5990.87,5990.87,0.0,190.9091,5,5,1090.9,4899.97,0.6358,4.4917,0.0,0.0309,0.0336
Baggy,1634,-34.31,1056.59,-1090.9,216.1273,0,2,0.0,1056.59,1.0,,1.0325,0.1698,-0.0002
Baggy,1635,1272.72,1272.72,0.0,0.0,1,1,0.0,1272.72,1.0,,0.0,0.0,0.0071
Baggy,1637,2584.4,4636.33,-2051.93,-129.8727,2,6,1090.9,3545.43,0.5294,3.25,0.4426,0.0,0.0145
Baggy,1639,763.63,763.63,0.0,327.2727,1,1,0.0,763.63,1.0,,0.0,0.3,0.0043
Baggy,1641,5544.3214,7728.8214,-2184.5,57.2455,5,9,1090.9,6637.9214,0.7177,6.0848,0.2826,0.0406,0.0311
Baggy,1642,1090.9,1090.9,0.0,0.0,1,1,0.0,1090.9,1.0,,0.0,0.0,0.0061
Baggy,1643,5818.14,6999.95,-1181.81,0.0,5,7,0.0,6999.95,1.0,,0.1688,0.0,0.0326
Baggy,1644,3429.1211,3429.1211,0.0,0.0,3,3,1065.5011,2363.62,0.3786,2.2183,0.0,0.0,0.0192
Baggy,1647,5247.23,5247.23,0.0,480.0,5,5,938.17,4309.06,0.6424,4.593,0.0,0.0838,0.0294
Baggy,1648,3118.16,3118.16,0.0,318.1818,3,3,0.0,3118.16,1.0,,0.0,0.0926,0.0175
Baggy,1649,0.0,1090.9,-1090.9,0.0,0,2,0.0,1090.9,1.0,,1.0,0.0,0.0
Baggy,1652,1272.72,1272.72,0.0,0.0,1,1,0.0,1272.72,1.0,,0.0,0.0,0.0071
Baggy,1653,1272.72,1272.72,0.0,0.0,1,1,0.0,1272.72,1.0,,0.0,0.0,0.0071
Baggy,1654,1931.6,4113.4,-2181.8,522.9364,2,6,0.0,4113.4,1.0,,0.5304,0.1128,0.0108
Baggy,1655,8212.7741,8212.7741,0.0,177.5909,7,7,913.3091,7299.465,0.7776,7.9923,0.0,0.0212,0.0461
Baggy,1656,136.14,1090.9,-954.76,0.0,0,2,1090.9,0.0,-1.0,0.0,0.8752,0.0,0.0008
Baggy,1657,4345.42,4345.42,0.0,381.8182,4,4,0.0,4345.42,1.0,,0.0,0.0808,0.0244
Baggy,1658,3636.34,3636.34,0.0,0.0,3,3,1090.9,2545.44,0.4,2.3333,0.0,0.0,0.0204
Baggy,1660,5909.05,5909.05,0.0,0.0,5,5,0.0,5909.05,1.0,,0.0,0.0,0.0331
Baggy,1661,1654.5273,1654.5273,0.0,709.0909,2,2,0.0,1654.5273,1.0,,0.0,0.3,0.0093
Baggy,1662,3272.7,5454.5,-2181.8,0.0,3,7,0.0,5454.5,1.0,,0.4,0.0,0.0184
Baggy,1665,7818.12,7818.12,0.0,0.0,7,7,1090.9,6727.22,0.7209,6.1667,0.0,0.0,0.0438
Baggy,1666,2375.52,6102.77,-3727.25,327.2727,3,9,763.63,5339.14,0.7497,6.9918,0.6107,0.0509,0.0133
Baggy,1667,1090.9,1090.9,0.0,0.0,1,1,1090.9,0.0,-1.0,0.0,0.0,0.0,0.0061
Baggy,1668,-763.63,0.0,-763.63,0.0,-1,1,0.0,0.0,,,,,-0.0043
Baggy,1669,4975.24,5909.05,-933.81,-157.0909,4,6,0.0,5909.05,1.0,,0.158,0.0,0.0279
Baggy,1670,-76.36,-76.36,0.0,327.2727,1,1,0.0,-76.36,,,,1.3043,-0.0004
Baggy,1674,-184.9,906.0,-1090.9,184.9,0,2,906.0,0.0,-1.0,0.0,1.2041,0.1695,-0.001
Baggy,1675,3027.6037,3027.6037,0.0,0.0,3,3,2027.6137,999.99,-0.3394,0.4932,0.0,0.0,0.017
Baggy,1677,2090.89,3272.7,-1181.81,0.0,2,4,2181.8,1090.9,-0.3333,0.5,0.3611,0.0,0.0117
Baggy,1678,5482.92,8028.36,-2545.44,517.0364,5,9,1090.9,6937.46,0.7282,6.3594,0.3171,0.0605,0.0308
Baggy,1679,1121.5655,2212.4655,-1090.9,0.0,1,3,0.0,2212.4655,1.0,,0.4931,0.0,0.0063
Baggy,1682,1272.72,1272.72,0.0,0.0,1,1,0.0,1272.72,1.0,,0.0,0.0,0.0071
Baggy,1683,954.54,954.54,0.0,318.1818,1,1,0.0,954.54,1.0,,0.0,0.25,0.0054
Baggy,1684,1272.72,1272.72,0.0,0.0,1,1,0.0,1272.72,1.0,,0.0,0.0,0.0071
Baggy,1686,6309.04,6309.04,0.0,781.8182,6,6,763.63,5545.41,0.7579,7.2619,0.0,0.1103,0.0354
Baggy,1687,973.87,3110.22,-2136.35,162.4818,1,5,2019.32,1090.9,-0.2985,0.5402,0.6869,0.0496,0.0055
Baggy,1689,5181.78,6272.68,-1090.9,636.3636,5,7,1090.9,5181.78,0.6522,4.75,0.1739,0.0921,0.0291
Baggy,1690,181.82,1272.72,-1090.9,0.0,0,2,0.0,1272.72,1.0,,0.8571,0.0,0.001
Baggy,1692,2363.62,2363.62,0.0,0.0,2,2,0.0,2363.62,1.0,,0.0,0.0,0.0133
Baggy,1695,-966.32,0.0,-966.32,-306.4,-1,1,0.0,0.0,,,,,-0.0054
Baggy,1696,8818.13,9454.48,-636.35,-272.7273,7,9,1090.9,8363.58,0.7692,7.6667,0.0673,0.0,0.0495
Baggy,1699,4489.6971,6344.2271,-1854.53,187.2727,4,8,1064.7071,5279.52,0.6644,4.9587,0.2923,0.075,0.0252
Baggy,1702,2090.89,2090.89,0.0,272.7273,2,2,0.0,2090.89,1.0,,0.0,0.1154,0.0117
Baggy,1704,1272.72,2404.02,-1131.3,0.0,1,3,0.0,2404.02,1.0,,0.4706,0.0556,0.0071
Baggy,1705,2454.53,2454.53,0.0,0.0,2,2,0.0,2454.53,1.0,,0.0,0.0,0.0138
Baggy,1706,1727.25,1727.25,0.0,454.5454,2,2,1090.9,636.35,-0.2632,0.5833,0.0,0.2083,0.0097
Baggy,1707,360.9288,360.9288,0.0,572.7273,1,1,0.0,360.9288,1.0,,0.0,0.6134,0.002
Baggy,1711,-1090.9,0.0,-1090.9,0.0,-1,1,0.0,0.0,,,,,-0.0061
Baggy,1713,2836.34,3599.97,-763.63,709.0909,3,5,0.0,3599.97,1.0,,0.2121,0.2235,0.0159
Baggy,1715,2662.5501,3426.1801,-763.63,627.2727,3,5,0.0,3426.1801,1.0,,0.2229,0.2179,0.0149
Baggy,1716,4545.42,4545.42,0.0,0.0,4,4,999.99,3545.43,0.56,3.5455,0.0,0.0,0.0255
Baggy,1718,636.35,636.35,0.0,454.5454,1,1,0.0,636.35,1.0,,0.0,0.4167,0.0036
Baggy,1724,1272.72,1272.72,0.0,0.0,1,1,0.0,1272.72,1.0,,0.0,0.0,0.0071
Baggy,1732,5088.9109,6043.4509,-954.54,0.0,4,6,0.0,6043.4509,1.0,,0.1579,0.0,0.0285
Baggy,1743,1090.9,2181.8,-1090.9,0.0,1,3,0.0,2181.8,1.0,,0.5,0.0,0.0061
Baggy,1744,6593.7433,6593.7433,0.0,79.0546,6,6,4230.1233,2363.62,-0.2831,0.5588,0.0,0.0118,0.037
Baggy,1750,3654.51,4745.41,-1090.9,800.0,4,6,1090.9,3654.51,0.5402,3.35,0.2299,0.1443,0.0205
Baggy,1751,-1181.82,272.72,-1454.54,0.0091,-1,3,0.0,272.72,1.0,,5.3335,0.6667,-0.0066
Baggy,1755,539.2098,539.2098,0.0,471.0727,1,1,0.0,539.2098,1.0,,0.0,0.4663,0.003
Baggy,1759,2181.8,2181.8,0.0,0.0,2,2,0.0,2181.8,1.0,,0.0,0.0,0.0122
Baggy,1760,1272.72,1272.72,0.0,0.0,1,1,0.0,1272.72,1.0,,0.0,0.0,0.0071
Baggy,1761,1272.72,1272.72,0.0,0.0,1,1,0.0,1272.72,1.0,,0.0,0.0,0.0071
Baggy,1763,1090.9,1090.9,0.0,0.0,1,1,1090.9,0.0,-1.0,0.0,0.0,0.0,0.0061
Baggy,1764,1090.9,1090.9,0.0,0.0,1,1,0.0,1090.9,1.0,,0.0,0.0,0.0061
Baggy,1765,3245.99,3245.99,0.0,390.3455,3,3,0.0,3245.99,1.0,,0.0,0.1073,0.0182
Baggy,1766,3454.52,3454.52,0.0,0.0,3,3,0.0,3454.52,1.0,,0.0,0.0,0.0194
Baggy,1769,1272.72,2363.62,-1090.9,0.0,1,3,1090.9,1272.72,0.0769,1.1667,0.4615,0.0,0.0071
Baggy,1770,1090.9,1090.9,0.0,0.0,1,1,0.0,1090.9,1.0,,0.0,0.0,0.0061
Baggy,1777,4587.21,6859.92,-2272.71,140.0273,4,8,1090.9,5769.02,0.6819,5.2883,0.3313,0.02,0.0257
Baggy,1780,2363.62,3454.52,-1090.9,0.0,2,4,0.0,3454.52,1.0,,0.3158,0.0,0.0133
Baggy,1783,1272.72,1272.72,0.0,0.0,1,1,0.0,1272.72,1.0,,0.0,0.0,0.0071
Baggy,1789,5229.78,5229.78,0.0,497.4546,5,5,0.0,5229.78,1.0,,0.0,0.0869,0.0293
Baggy,1801,2363.62,3890.88,-1527.26,0.0,2,6,1527.26,2363.62,0.215,1.5476,0.3925,0.144,0.0133
Baggy,1802,-136.36,954.54,-1090.9,318.1818,0,2,0.0,954.54,1.0,,1.1429,0.25,-0.0008
Baggy,1804,4227.24,5318.14,-1090.9,318.1818,4,6,0.0,5318.14,1.0,,0.2051,0.0565,0.0237
Baggy,1807,4113.6,4113.6,0.0,0.0,4,4,1931.8,2181.8,0.0608,1.1294,0.0,0.0,0.0231
Baggy,1810,2250.69,2796.14,-545.45,476.5546,2,4,0.0,2796.14,1.0,,0.1951,0.1906,0.0126
Baggy,1813,3172.7,6309.04,-3136.34,327.2727,3,9,2945.43,3363.61,0.0663,1.142,0.4971,0.0493,0.0178
Baggy,1818,1584.0423,1584.0423,0.0,500.0,2,2,0.0,1584.0423,1.0,,0.0,0.2399,0.0089
Baggy,1822,3681.8,5663.6,-1981.8,318.1818,3,7,0.0,5663.6,1.0,,0.3499,0.11,0.0206
Baggy,1824,6387.3208,6387.3208,0.0,636.3636,6,6,1058.7208,5328.6,0.6685,5.0331,0.0,0.0906,0.0358
Baggy,1826,945.45,5490.87,-4545.42,327.2727,1,9,1090.9,4399.97,0.6026,4.0333,0.8278,0.0563,0.0053
Baggy,1828,10309.02,10309.02,0.0,327.2727,9,9,0.0,10309.02,1.0,,0.0,0.0308,0.0578
Baggy,1829,-1272.72,0.0,-1272.72,0.0,-1,1,0.0,0.0,,,,,-0.0071
Baggy,1831,2363.62,2363.62,0.0,0.0,2,2,0.0,2363.62,1.0,,0.0,0.0,0.0133
Baggy,1833,-1083.32,984.84,-2068.16,-7.5727,-1,3,0.0,984.84,1.0,,2.1,0.1667,-0.0061
Baggy,1834,7581.76,8672.66,-1090.9,327.2727,7,9,1090.9,7581.76,0.7484,6.95,0.1258,0.0364,0.0425
Baggy,1835,1090.9,2945.43,-1854.53,0.0,1,5,763.63,2181.8,0.4815,2.8571,0.6296,0.1,0.0061
Baggy,1836,1090.9,2181.8,-1090.9,0.0,1,3,1090.9,1090.9,0.0,1.0,0.5,0.0,0.0061
Baggy,1839,2293.2033,3475.0133,-1181.81,0.0,2,4,0.0,3475.0133,1.0,,0.3401,0.0,0.0129
Baggy,1840,768.17,2972.7,-2204.53,322.7273,1,5,0.0,2972.7,1.0,,0.7416,0.1395,0.0043
Baggy,1842,8258.13,9195.62,-937.49,196.3636,7,9,0.0,9195.62,1.0,,0.1019,0.0366,0.0463
Baggy,1843,993.45,2084.35,-1090.9,318.1818,1,3,0.0,2084.35,1.0,,0.5234,0.1324,0.0056
Baggy,1844,2454.53,3545.43,-1090.9,0.0,2,4,1090.9,2454.53,0.3846,2.25,0.3077,0.0,0.0138
Baggy,1848,3644.67,4917.39,-1272.72,1082.5727,4,6,1090.9,3826.49,0.5563,3.5076,0.2588,0.1804,0.0204
Baggy,1849,3118.51,3118.51,0.0,517.8273,3,3,0.0,3118.51,1.0,,0.0,0.1424,0.0175
Baggy,1851,699.99,699.99,0.0,300.0,1,1,0.0,699.99,1.0,,0.0,0.3,0.0039
Baggy,1852,795.44,1977.25,-1181.81,295.4546,1,3,0.0,1977.25,1.0,,0.5977,0.13,0.0045
Baggy,1854,2448.2098,2448.2098,0.0,954.5454,3,3,0.0,2448.2098,1.0,,0.0,0.2805,0.0137
Baggy,1855,6490.86,7581.76,-1090.9,327.2727,6,8,1854.53,5727.23,0.5108,3.0882,0.1439,0.0414,0.0364
Baggy,1857,5939.37,5939.37,0.0,1242.4,6,6,1090.9,4848.47,0.6327,4.4445,0.0,0.173,0.0333
Baggy,1860,2931.45,2931.45,0.0,523.0727,3,3,1090.9,1840.55,0.2557,1.6872,0.0,0.1514,0.0164
Baggy,1861,3254.52,3254.52,0.0,381.8182,3,3,0.0,3254.52,1.0,,0.0,0.105,0.0183
Baggy,1872,90.91,1272.72,-1181.81,0.0,0,2,0.0,1272.72,1.0,,0.9286,0.0,0.0005
Baggy,1874,3444.43,3444.43,0.0,0.0,3,3,0.0,3444.43,1.0,,0.0,0.0,0.0193
Baggy,1879,1272.72,1272.72,0.0,0.0,1,1,0.0,1272.72,1.0,,0.0,0.0,0.0071
Baggy,1880,909.08,2181.8,-1272.72,0.0,1,3,2181.8,0.0,-1.0,0.0,0.5833,0.0,0.0051
Baggy,1881,-1090.9,0.0,-1090.9,0.0,-1,1,0.0,0.0,,,,,-0.0061
Baggy,1882,932.81,3114.61,-2181.8,0.0,1,5,0.0,3114.61,1.0,,0.7005,0.0,0.0052
Baggy,1883,6672.68,7309.03,-636.35,327.2727,6,8,636.35,6672.68,0.8259,10.4859,0.0871,0.0759,0.0374
Baggy,1885,1045.45,1045.45,0.0,227.2636,1,1,0.0,1045.45,1.0,,0.0,0.1786,0.0059
Baggy,1887,2181.8,3336.34,-1154.54,0.0,2,4,1090.9,2245.44,0.346,2.0583,0.346,0.0342,0.0122
Baggy,1888,-1090.9,0.0,-1090.9,0.0,-1,1,0.0,0.0,,,,,-0.0061
Baggy,1889,1272.72,1272.72,0.0,0.0,1,1,0.0,1272.72,1.0,,0.0,0.0,0.0071
Baggy,1892,-961.03,2363.62,-3324.65,-129.8727,-1,5,1090.9,1272.72,0.0769,1.1667,1.4066,0.0,-0.0054
Baggy,1893,890.9,890.9,0.0,381.8182,1,1,0.0,890.9,1.0,,0.0,0.3,0.005
Baggy,1894,8922.2438,8922.2438,0.0,219.3636,8,8,3141.6438,5780.6,0.2958,1.84,0.0,0.024,0.05
Baggy,1895,3072.7,3072.7,0.0,381.8182,3,3,0.0,3072.7,1.0,,0.0,0.1105,0.0172
Baggy,1896,6581.77,7689.92,-1108.15,327.2727,6,8,2181.8,5508.12,0.4326,2.5246,0.1441,0.0601,0.0369
Baggy,1897,1088.88,1088.88,0.0,183.8364,1,1,0.0,1088.88,1.0,,0.0,0.1444,0.0061
Baggy,1898,5632.91,6676.54,-1043.63,548.8636,5,7,0.0,6676.54,1.0,,0.1563,0.1044,0.0316
Baggy,1901,2822.912,2822.912,0.0,0.0,1,1,2822.912,0.0,-1.0,0.0,0.0,0.0,0.0158
Baggy,1906,6450.6,6450.6,0.0,458.4455,6,6,0.0,6450.6,1.0,,0.0,0.0664,0.0362
Baggy,1908,3136.34,3136.34,0.0,318.1818,3,3,2181.8,954.54,-0.3913,0.4375,0.0,0.0921,0.0176
Baggy,1909,1272.72,1272.72,0.0,0.0,1,1,0.0,1272.72,1.0,,0.0,0.0,0.0071
Baggy,1911,5672.69,5672.69,0.0,318.1818,5,5,0.0,5672.69,1.0,,0.0,0.0531,0.0318
Baggy,1912,1272.72,1272.72,0.0,0.0,1,1,0.0,1272.72,1.0,,0.0,0.0,0.0071
Baggy,1913,1090.9,1090.9,0.0,0.0,1,1,0.0,1090.9,1.0,,0.0,0.0,0.0061
Baggy,1914,1090.9,1090.9,0.0,0.0,1,1,1090.9,0.0,-1.0,0.0,0.0,0.0,0.0061
Baggy,1917,1272.72,1272.72,0.0,0.0,1,1,0.0,1272.72,1.0,,0.0,0.0,0.0071
Baggy,1919,-1160.42,0.0,-1160.42,0.0,-1,1,0.0,0.0,,,,,-0.0065
Baggy,1920,3044.1643,3044.1643,0.0,0.0,3,3,1090.9,1953.2643,0.2833,1.7905,0.0,0.0,0.0171
Baggy,1921,-2009.07,0.0,-2009.07,0.0,-2,2,0.0,0.0,,,,,-0.0113
Baggy,1922,3036.34,5490.87,-2454.53,327.2727,3,7,763.63,4727.24,0.7219,6.1905,0.447,0.0563,0.017
Baggy,1923,1295.45,2181.8,-886.35,-295.4546,1,3,1090.9,1090.9,0.0,1.0,0.4062,0.0,0.0073
Baggy,1926,1272.72,1272.72,0.0,0.0,1,1,0.0,1272.72,1.0,,0.0,0.0,0.0071
Baggy,1929,-954.54,0.0,-954.54,-318.1818,-1,1,0.0,0.0,,,,,-0.0054
Baggy,1930,-1227.26,954.54,-2181.8,318.1818,-1,3,0.0,954.54,1.0,,2.2857,0.25,-0.0069
Baggy,1931,327.27,2181.8,-1854.53,-327.2727,0,4,2181.8,0.0,-1.0,0.0,0.85,0.0,0.0018
Baggy,1932,1272.72,1272.72,0.0,0.0,1,1,0.0,1272.72,1.0,,0.0,0.0,0.0071
Baggy,1933,1090.9,1090.9,0.0,0.0,1,1,0.0,1090.9,1.0,,0.0,0.0,0.0061
Baggy,1934,1272.72,1272.72,0.0,0.0,1,1,0.0,1272.72,1.0,,0.0,0.0,0.0071
Baggy,1935,3308.6572,3308.6572,0.0,287.3909,3,3,0.0,3308.6572,1.0,,0.0,0.0799,0.0186
Baggy,1936,1300.38,3363.61,-2063.23,-118.5727,1,5,1090.9,2272.71,0.3514,2.0833,0.6134,0.0,0.0073
Baggy,1937,1272.72,1272.72,0.0,0.0,1,1,0.0,1272.72,1.0,,0.0,0.0,0.0071
Baggy,1938,4264.67,5355.57,-1090.9,462.5727,4,6,0.0,5355.57,1.0,,0.2037,0.0795,0.0239
Baggy,1940,363.64,1090.9,-727.26,0.0,0,2,1090.9,0.0,-1.0,0.0,0.6667,0.0,0.002
Baggy,1941,3234.24,3234.24,0.0,220.2818,3,3,0.0,3234.24,1.0,,0.0,0.0638,0.0181
Boyfriend,1516,-436.35,0.0,-436.35,0.0,-1,1,0.0,0.0,,,,,-0.0024
Boyfriend,1554,0.0,436.35,-436.35,0.0,0,2,436.35,0.0,-1.0,0.0,1.0,0.2,0.0
Boyfriend,1628,-555.55,0.0,-555.55,0.0,-1,1,0.0,0.0,,,,,-0.0031
Boyfriend,1652,1072.71,1366.41,-293.7,563.6182,3,5,1366.41,0.0,-1.0,0.0,0.2149,0.3737,0.006
Boyfriend,1657,762.69,762.69,0.0,328.2,2,2,762.69,0.0,-1.0,0.0,0.0,0.3009,0.0043
Boyfriend,1661,-436.35,0.0,-436.35,-109.0909,-1,1,0.0,0.0,,,,,-0.0024
Boyfriend,1669,813.5857,1160.6857,-347.1,271.5818,2,4,1160.6857,0.0,-1.0,0.0,0.299,0.2882,0.0046
Boyfriend,1678,-363.63,0.0,-363.63,0.0,-1,1,0.0,0.0,,,,,-0.002
Boyfriend,1680,1000.9,1000.9,0.0,635.4364,3,3,1000.9,0.0,-1.0,0.0,0.0,0.3883,0.0056
Boyfriend,1686,436.35,436.35,0.0,109.0909,1,1,436.35,0.0,-1.0,0.0,0.0,0.2,0.0024
Boyfriend,1694,110.01,436.35,-326.34,-110.0182,0,2,436.35,0.0,-1.0,0.0,0.7479,0.2,0.0006
Boyfriend,1711,417.15,417.15,0.0,109.0909,1,1,417.15,0.0,-1.0,0.0,0.0,0.2073,0.0023
Boyfriend,1714,872.7,872.7,0.0,218.1818,2,2,872.7,0.0,-1.0,0.0,0.0,0.2,0.0049
Boyfriend,1720,436.35,436.35,0.0,109.0909,1,1,436.35,0.0,-1.0,0.0,0.0,0.2,0.0024
Boyfriend,1733,436.35,436.35,0.0,109.0909,1,1,436.35,0.0,-1.0,0.0,0.0,0.2,0.0024
Boyfriend,1734,629.37,629.37,0.0,461.5273,2,2,629.37,0.0,-1.0,0.0,0.0,0.4231,0.0035
Boyfriend,1739,709.07,709.07,0.0,381.8182,2,2,709.07,0.0,-1.0,0.0,0.0,0.35,0.004
Boyfriend,1744,872.7018,872.7018,0.0,218.1818,2,2,872.7018,0.0,-1.0,0.0,0.0,0.2,0.0049
Boyfriend,1748,754.52,754.52,0.0,336.3636,2,2,754.52,0.0,-1.0,0.0,0.0,0.3083,0.0042
Boyfriend,1751,436.35,872.7,-436.35,109.0909,1,3,872.7,0.0,-1.0,0.0,0.5,0.2,0.0024
Boyfriend,1754,688.0899,688.0899,0.0,218.1818,2,2,688.0899,0.0,-1.0,0.0,0.0,0.2407,0.0039
Boyfriend,1755,792.8299,792.8299,0.0,218.1818,2,2,792.8299,0.0,-1.0,0.0,0.0,0.2158,0.0044
Boyfriend,1768,611.87,611.87,0.0,479.0182,2,2,611.87,0.0,-1.0,0.0,0.0,0.4391,0.0034
Boyfriend,1770,872.7,872.7,0.0,218.1818,2,2,872.7,0.0,-1.0,0.0,0.0,0.2,0.0049
Boyfriend,1789,293.7,293.7,0.0,251.7454,1,1,293.7,0.0,-1.0,0.0,0.0,0.4615,0.0016
Boyfriend,1790,363.63,363.63,0.0,181.8182,1,1,363.63,0.0,-1.0,0.0,0.0,0.3333,0.002
Boyfriend,1818,1057.56,1057.56,0.0,578.7727,3,3,1057.56,0.0,-1.0,0.0,0.0,0.3537,0.0059
Boyfriend,1854,1190.87,1190.87,0.0,445.4546,3,3,1190.87,0.0,-1.0,0.0,0.0,0.2722,0.0067
Boyfriend,1872,133.32,754.52,-621.2,-133.3273,0,4,754.52,0.0,-1.0,0.0,0.8233,0.3083,0.0007
Boyfriend,1913,-555.55,0.0,-555.55,0.0,-1,1,0.0,0.0,,,,,-0.0031
Flare,1504,2427.8634,5246.0134,-2818.15,181.8182,2,8,0.0,5246.0134,1.0,,0.5372,0.0335,0.0136
Flare,1505,5567.71,7567.69,-1999.98,157.0909,5,9,999.99,6567.7,0.7357,6.5678,0.2643,0.0203,0.0312
Flare,1515,4025.53,4025.53,0.0,156.2546,4,4,0.0,4025.53,1.0,,0.0,0.0374,0.0226
Flare,1522,1380.81,4167.69,-2786.88,-304.0,1,7,0.0,4167.69,1.0,,0.6687,0.0,0.0077
Flare,1528,3490.88,3999.96,-509.08,-218.1818,3,5,818.17,3181.79,0.5909,3.8889,0.1273,0.0,0.0196
Flare,1529,3306.3,4124.47,-818.17,239.1273,3,5,999.99,3124.48,0.5151,3.1245,0.1984,0.0548,0.0185
Flare,1531,2872.6638,3690.8338,-818.17,286.6727,3,5,1810.4738,1880.36,0.0189,1.0386,0.2217,0.0721,0.0161
Flare,1532,727.27,4272.69,-3545.42,-236.3636,0,8,0.0,4272.69,1.0,,0.8298,0.0,0.0041
Flare,1539,7967.85,8604.2,-636.35,-272.7273,7,9,0.0,8604.2,1.0,,0.074,0.0,0.0447
Flare,1554,2127.26,3363.61,-1236.35,-163.6364,1,5,0.0,3363.61,1.0,,0.3676,0.0,0.0119
Flare,1562,3754.51,3754.51,0.0,245.4546,4,4,572.72,3181.79,0.6949,5.5556,0.0,0.0614,0.0211
Flare,1567,5987.34,6987.33,-999.99,306.1545,6,8,892.85,6094.48,0.7444,6.8259,0.1431,0.042,0.0336
Flare,1568,2090.89,3738.14,-1647.25,0.0,2,6,818.17,2919.97,0.5623,3.5689,0.4407,0.0655,0.0117
Flare,1569,-702.01,1090.9,-1792.91,0.0,-1,3,0.0,1090.9,1.0,,1.6435,0.0,-0.0039
Flare,1571,7090.84,7090.84,0.0,181.8182,7,7,818.17,6272.67,0.7692,7.6667,0.0,0.025,0.0398
Flare,1572,7555.57,8282.83,-727.26,113.6364,7,9,1669.25,6613.58,0.5969,3.962,0.0878,0.0135,0.0424
Flare,1580,5347.36,5347.36,0.0,107.1454,5,5,892.85,4454.51,0.6661,4.9891,0.0,0.0196,0.03
Flare,1587,5007.3,5007.3,0.0,211.5364,5,5,834.33,4172.97,0.6668,5.0016,0.0,0.0405,0.0281
Flare,1594,6175.8904,6994.0604,-818.17,492.4273,6,8,3029.0704,3964.9899,0.1338,1.309,0.117,0.0658,0.0346
Flare,1595,2488.18,5290.15,-2801.97,0.0,2,8,0.0,5290.15,1.0,,0.5297,0.0,0.014
Flare,1600,1909.07,2727.24,-818.17,272.7273,2,4,636.35,2090.89,0.5333,3.2858,0.3,0.0909,0.0107
Flare,1601,4427.22,4427.22,0.0,572.7273,5,5,636.35,3790.87,0.7125,5.9572,0.0,0.1145,0.0248
Flare,1604,6701.45,6701.45,0.0,116.6636,7,7,2636.33,4065.12,0.2132,1.542,0.0,0.0171,0.0376
Flare,1609,5102.95,7269.51,-2166.56,122.7273,5,9,0.0,7269.51,1.0,,0.298,0.0305,0.0286
Flare,1617,2393.5,3220.76,-827.26,-120.7818,2,4,0.0,3220.76,1.0,,0.2569,0.0677,0.0134
Flare,1629,1181.81,1181.81,0.0,0.0,1,1,0.0,1181.81,1.0,,0.0,0.0,0.0066
Flare,1633,5893.3168,6575.1269,-681.81,903.4818,6,8,0.0,6575.1269,1.0,,0.1037,0.1208,0.0331
Flare,1634,4949.09,6130.9,-1181.81,414.5,5,7,0.0,6130.9,1.0,,0.1928,0.0633,0.0278
Flare,1635,4920.6918,4920.6918,0.0,135.0,5,5,818.17,4102.5218,0.6675,5.0143,0.0,0.0267,0.0276
Flare,1642,2077.64,3077.63,-999.99,104.1636,2,4,0.0,3077.63,1.0,,0.3249,0.0327,0.0117
Flare,1648,181.82,1181.81,-999.99,0.0,0,2,0.0,1181.81,1.0,,0.8462,0.0,0.001
Flare,1649,4845.1097,4845.1097,0.0,272.7273,5,5,1545.4318,3299.6779,0.3621,2.1351,0.0,0.0533,0.0272
Flare,1656,3081.7909,4081.7809,-999.99,0.0,3,5,0.0,4081.7809,1.0,,0.245,0.0,0.0173
Flare,1664,1181.81,1181.81,0.0,0.0,1,1,0.0,1181.81,1.0,,0.0,0.0,0.0066
Flare,1668,185.89,2163.14,-1977.25,354.5454,1,5,0.0,2163.14,1.0,,0.9141,0.1408,0.001
Flare,1670,2427.25,4090.87,-1663.62,-245.4546,2,6,818.17,3272.7,0.6,4.0,0.4067,0.0,0.0136
Flare,1682,3956.73,3956.73,0.0,406.8727,4,4,0.0,3956.73,1.0,,0.0,0.0932,0.0222
Flare,1684,-1272.7,3545.43,-4818.13,0.0,-2,8,0.0,3545.43,1.0,,1.359,0.0,-0.0071
Flare,1692,7545.39,8363.56,-818.17,0.0,7,9,1636.34,6727.22,0.6087,4.1111,0.0978,0.0,0.0423
Flare,1695,9249.0901,9249.0901,0.0,0.0,9,9,794.6201,8454.47,0.8282,10.6396,0.0,0.0,0.0519
Flare,1697,3336.9693,3336.9693,0.0,0.0,3,3,0.0,3336.9693,1.0,,0.0,0.0,0.0187
Flare,1698,3588.98,3588.98,0.0,229.1636,4,4,818.17,2770.81,0.5441,3.3866,0.0,0.06,0.0201
Flare,1702,1181.81,1181.81,0.0,0.0,1,1,0.0,1181.81,1.0,,0.0,0.0,0.0066
Flare,1704,1090.9,1090.9,0.0,0.0,1,1,0.0,1090.9,1.0,,0.0,0.0,0.0061
Flare,1710,3761.87,3761.87,0.0,238.0909,4,4,818.17,2943.7,0.565,3.5979,0.0,0.0595,0.0211
Flare,1711,1715.43,1715.43,0.0,466.3636,2,2,0.0,1715.43,1.0,,0.0,0.2138,0.0096
Flare,1717,3909.05,5818.12,-1909.07,0.0,4,8,1636.34,4181.78,0.4375,2.5556,0.3281,0.0,0.0219
Flare,1719,5681.76,5681.76,0.0,227.2727,6,6,1409.07,4272.69,0.504,3.0323,0.0,0.0385,0.0319
Flare,1720,7245.39,8245.38,-999.99,300.0,7,9,818.17,7427.21,0.8015,9.0778,0.1213,0.0351,0.0406
Flare,1723,818.17,1999.98,-1181.81,272.7273,1,3,0.0,1999.98,1.0,,0.5909,0.12,0.0046
Flare,1724,4272.69,5272.68,-999.99,0.0,4,6,818.17,4454.51,0.6897,5.4445,0.1897,0.0,0.024
Flare,1732,7373.52,7373.52,0.0,0.0,8,8,3636.32,3737.2,0.0137,1.0277,0.0,0.0,0.0414
Flare,1733,3575.1506,4756.9606,-1181.81,245.4546,4,6,572.72,4184.2406,0.7592,7.3059,0.2484,0.0491,0.0201
Flare,1739,6011.8,6011.8,0.0,260.8727,6,6,0.0,6011.8,1.0,,0.0,0.0416,0.0337
Flare,1743,3039.86,4676.2,-1636.34,323.7546,3,7,1818.16,2858.04,0.2224,1.5719,0.3499,0.0648,0.017
Flare,1745,2710.36,2710.36,0.0,289.6182,3,3,0.0,2710.36,1.0,,0.0,0.0965,0.0152
Flare,1747,5181.77,5181.77,0.0,0.0,5,5,818.17,4363.6,0.6842,5.3334,0.0,0.0,0.0291
Flare,1753,4024.75,4024.75,0.0,247.9364,4,4,818.17,3206.58,0.5934,3.9192,0.0,0.058,0.0226
Flare,1754,6347.42,6347.42,0.0,246.8909,6,6,0.0,6347.42,1.0,,0.0,0.0374,0.0356
Flare,1762,1327.26,4999.95,-3672.69,0.0,1,9,818.17,4181.78,0.6727,5.1111,0.7345,0.0,0.0074
Flare,1763,6413.9949,7068.5349,-654.54,809.0909,7,9,641.3258,6427.2091,0.8185,10.0218,0.0926,0.121,0.036
Flare,1765,1712.73,3476.35,-1763.62,-21.8455,2,6,1636.34,1840.01,0.0586,1.1245,0.5073,0.0343,0.0096
Flare,1768,-581.81,1181.81,-1763.62,-145.4546,-1,3,0.0,1181.81,1.0,,1.4923,0.0,-0.0033
Flare,1770,6317.4061,6317.4061,0.0,229.1636,7,7,1589.6161,4727.79,0.4968,2.9742,0.0,0.035,0.0354
Flare,1781,1181.81,1999.98,-818.17,0.0,1,3,818.17,1181.81,0.1818,1.4445,0.4091,0.0,0.0066
Flare,1783,1027.01,1027.01,0.0,0.0,1,1,0.0,1027.01,1.0,,0.0,0.0,0.0058
Flare,1784,2736.96,5112.17,-2375.21,978.6818,3,9,636.35,4475.82,0.751,7.0336,0.4646,0.1607,0.0153
Flare,1785,5232.94,6323.84,-1090.9,130.6454,5,7,0.0,6323.84,1.0,,0.1725,0.0202,0.0293
Flare,1787,2181.8,2181.8,0.0,0.0,2,2,0.0,2181.8,1.0,,0.0,0.0,0.0122
Flare,1788,46.6576,3055.7176,-3009.06,-211.6909,0,6,0.0,3055.7176,1.0,,0.9847,0.0447,0.0003
Flare,1790,3272.7,4272.69,-999.99,272.7273,3,5,0.0,4272.69,1.0,,0.234,0.06,0.0184
Flare,1792,481.82,1181.81,-699.99,-300.0,0,2,0.0,1181.81,1.0,,0.5923,0.0,0.0027
Flare,1832,3669.1927,5884.0327,-2214.84,388.6364,3,9,818.1727,5065.86,0.7219,6.1917,0.3764,0.062,0.0206
Flare,1834,4186.21,6004.37,-1818.16,117.3909,4,8,939.99,5064.38,0.6869,5.3877,0.3028,0.0192,0.0235
Flare,1854,6479.7982,7388.8782,-909.08,156.5182,6,8,818.1773,6570.7009,0.7785,8.0309,0.123,0.0207,0.0363
Flare,1856,5386.31,7068.11,-1681.8,295.4546,5,9,1636.34,5431.77,0.537,3.3195,0.2379,0.0401,0.0302
Flare,1869,3545.42,4636.31,-1090.89,0.0,3,7,2454.51,2181.8,-0.0588,0.8889,0.2353,0.0,0.0199
Flare,1877,6006.22,6006.22,0.0,175.5454,6,6,1551.71,4454.51,0.4833,2.8707,0.0,0.0284,0.0337
Flare,1880,1699.98,1699.98,0.0,300.0,2,2,0.0,1699.98,1.0,,0.0,0.15,0.0095
Flare,1881,2679.9,3498.07,-818.17,229.1636,3,5,1636.34,1861.73,0.0644,1.1377,0.2339,0.0615,0.015
Flare,1887,6090.85,6090.85,0.0,0.0,6,6,2999.97,3090.88,0.0149,1.0303,0.0,0.0,0.0342
Flare,1888,5931.76,5931.76,0.0,250.0,6,6,909.08,5022.68,0.6935,5.525,0.0,0.0404,0.0333
Flare,1893,3272.7,3272.7,0.0,0.0,3,3,0.0,3272.7,1.0,,0.0,0.0,0.0184
Flare,1897,4170.41,4988.58,-818.17,64.5909,4,6,753.58,4235.0,0.6979,5.6198,0.164,0.0128,0.0234
Flare,1900,2344.71,2344.71,0.0,272.7273,3,3,1454.52,890.19,-0.2407,0.612,0.0,0.1042,0.0132
Flare,1907,7309.8554,7865.4054,-555.55,163.6364,7,9,1472.71,6392.6954,0.6255,4.3408,0.0706,0.0204,0.041
Flare,1908,-951.51,866.65,-1818.16,133.3364,-1,3,0.0,866.65,1.0,,2.0979,0.1333,-0.0053
Flare,1912,6696.31,7423.57,-727.26,212.7273,6,8,818.17,6605.4,0.7796,8.0734,0.098,0.0279,0.0376
Flare,1918,1351.77,3181.79,-1830.02,-260.8727,1,5,999.99,2181.8,0.3714,2.1818,0.5752,0.0,0.0076
Flare,1924,3731.8772,4550.0472,-818.17,140.2636,4,6,1636.34,2913.7072,0.2807,1.7806,0.1798,0.0299,0.0209
Flare,1929,3694.18,5148.71,-1454.53,396.7,3,7,0.0,5148.71,1.0,,0.2825,0.0715,0.0207
Flare,1930,2909.06,2909.06,0.0,0.0,3,3,818.17,2090.89,0.4375,2.5556,0.0,0.0,0.0163
Flare,1933,181.82,2090.89,-1909.07,0.0,0,4,0.0,2090.89,1.0,,0.913,0.0,0.001
Flare,1934,-909.08,3418.14,-4327.22,0.0,-1,9,1327.25,2090.89,0.2234,1.5754,1.266,0.06,-0.0051
Flare,1937,4999.95,4999.95,0.0,0.0,5,5,1636.34,3363.61,0.3455,2.0556,0.0,0.0,0.028
Flare,1940,1576.22,4030.73,-2454.51,151.0454,1,7,0.0,4030.73,1.0,,0.6089,0.0361,0.0088
Mom,1502,56.14,1909.07,-1852.93,-147.0546,0,4,0.0,1909.07,1.0,,0.9706,0.0,0.0003
Mom,1515,81.4175,3172.2975,-3090.88,245.4546,1,7,710.1695,2462.1281,0.5523,3.467,0.9743,0.0718,0.0005
Mom,1521,3842.87,5251.94,-1409.07,109.0909,4,8,1481.8,3770.14,0.4357,2.5443,0.2683,0.0752,0.0216
Mom,1522,2589.2427,4331.6427,-1742.4,0.0,3,7,1498.3427,2833.3,0.3082,1.891,0.4022,0.0371,0.0145
Mom,1528,390.9,2027.24,-1636.34,518.1818,1,5,1390.89,636.35,-0.3722,0.4575,0.8072,0.2036,0.0022
Mom,1529,1426.52,3790.12,-2363.6,300.7364,2,8,2218.15,1571.97,-0.1705,0.7087,0.6236,0.0735,0.008
Mom,1531,2209.06,2209.06,0.0,245.4546,3,3,2209.06,0.0,-1.0,0.0,0.0,0.1,0.0124
Mom,1535,5125.82,6125.81,-999.99,419.5818,6,8,3262.2,2863.61,-0.0651,0.8778,0.1632,0.0641,0.0287
Mom,1536,1975.39,4818.13,-2842.74,-157.2273,2,8,2818.15,1999.98,-0.1698,0.7097,0.59,0.0,0.0111
Mom,1539,2963.6,3872.68,-909.08,490.9091,4,6,2872.69,999.99,-0.4836,0.3481,0.2347,0.1125,0.0166
Mom,1554,2351.6542,2351.6542,0.0,436.3636,4,4,2351.6542,0.0,-1.0,0.0,0.0,0.1565,0.0132
Mom,1562,923.25,1741.42,-818.17,0.0,1,3,741.43,999.99,0.1485,1.3487,0.4698,0.0,0.0052
Mom,1566,1418.17,3818.14,-2399.97,-145.4546,1,7,2818.15,999.99,-0.4762,0.3548,0.6286,0.0,0.008
Mom,1568,4727.22,5872.66,-1145.44,0.0,5,9,2299.97,3572.69,0.2167,1.5534,0.195,0.0771,0.0265
Mom,1569,2080.78,3636.32,-1555.54,0.0,2,6,1636.34,1999.98,0.1,1.2222,0.4278,0.0,0.0117
Mom,1572,345.45,1254.53,-909.08,245.4546,1,3,1254.53,0.0,-1.0,0.0,0.7246,0.1636,0.0019
Mom,1580,3877.4716,4786.5516,-909.08,390.9091,5,7,2877.4816,1909.07,-0.2023,0.6635,0.1899,0.0755,0.0217
Mom,1583,-1090.9,1272.7,-2363.6,272.7273,-1,5,636.35,636.35,0.0,1.0,1.8572,0.1765,-0.0061
Mom,1587,2507.28,4186.55,-1679.27,148.2,3,7,1564.58,2621.97,0.2526,1.6758,0.4011,0.0642,0.0141
Mom,1592,-699.99,1727.25,-2427.24,-300.0,-1,5,1727.25,0.0,-1.0,0.0,1.4053,0.0,-0.0039
Mom,1594,2688.2712,4415.5212,-1727.25,546.5455,4,8,3506.4412,909.08,-0.5882,0.2593,0.3912,0.1101,0.0151
Mom,1597,3233.3197,4142.3997,-909.08,173.9091,4,6,1576.3397,2566.06,0.2389,1.6279,0.2195,0.0403,0.0181
Mom,1600,2770.4467,2770.4467,0.0,390.9091,4,4,2770.4467,0.0,-1.0,0.0,0.0,0.1237,0.0155
Mom,1601,-909.08,999.99,-1909.07,0.0,-1,3,0.0,999.99,1.0,,1.9091,0.0,-0.0051
Mom,1603,659.9535,4114.4535,-3454.5,300.0,1,9,2505.3835,1609.07,-0.2178,0.6422,0.8396,0.068,0.0037
Mom,1604,0.0,1572.71,-1572.71,0.0,0,4,1572.71,0.0,-1.0,0.0,1.0,0.135,0.0
Mom,1609,90.91,1090.9,-999.99,0.0,0,2,0.0,1090.9,1.0,,0.9167,0.0,0.0005
Mom,1610,181.82,1699.98,-1518.16,0.0,0,4,0.0,1699.98,1.0,,0.893,0.15,0.001
Mom,1611,2924.97,2924.97,0.0,0.0,3,3,0.0,2924.97,1.0,,0.0,0.0,0.0164
Mom,1612,5048.5796,5630.3896,-581.81,428.0091,6,8,2240.2596,3390.13,0.2042,1.5133,0.1033,0.0924,0.0283
Mom,1617,1090.9,1090.9,0.0,0.0,1,1,0.0,1090.9,1.0,,0.0,0.0,0.0061
Mom,1623,4718.13,5536.3,-818.17,736.3636,6,8,818.17,4718.13,0.7044,5.7667,0.1478,0.1174,0.0265
Mom,1629,2852.79,2852.79,0.0,238.0909,3,3,0.0,2852.79,1.0,,0.0,0.077,0.016
Mom,1634,1909.07,1909.07,0.0,0.0,2,2,0.0,1909.07,1.0,,0.0,0.0,0.0107
Mom,1635,600.0,2145.43,-1545.43,218.1818,1,5,572.72,1572.71,0.4661,2.746,0.7203,0.1862,0.0034
Mom,1639,3626.69,4390.86,-764.17,245.4546,4,6,1390.89,2999.97,0.3665,2.1569,0.174,0.0529,0.0203
Mom,1648,2422.4004,3331.4804,-909.08,170.4636,3,5,2501.9504,829.53,-0.502,0.3316,0.2729,0.0487,0.0136
Mom,1656,-909.08,0.0,-909.08,0.0,-1,1,0.0,0.0,,,,,-0.0051
Mom,1664,999.99,999.99,0.0,0.0,1,1,0.0,999.99,1.0,,0.0,0.0,0.0056
Mom,1668,2817.5927,4475.9527,-1658.36,0.5636,3,7,0.0,4475.9527,1.0,,0.3705,0.071,0.0158
Mom,1671,4999.95,6727.2,-1727.25,0.0,5,9,1818.16,4909.04,0.4595,2.7,0.2568,0.0,0.028
Mom,1681,5849.2241,5849.2241,0.0,691.1091,7,7,2727.24,3121.9841,0.0675,1.1447,0.0,0.1057,0.0328
Mom,1683,1818.16,1818.16,0.0,0.0,2,2,818.17,999.99,0.1,1.2222,0.0,0.0,0.0102
Mom,1702,-770.79,0.0,-770.79,-229.2,-1,1,0.0,0.0,,,,,-0.0043
Mom,1704,5004.2364,5576.9564,-572.72,1066.1091,7,9,1997.5,3579.4564,0.2837,1.792,0.1027,0.1904,0.0281
Mom,1710,4202.165,4202.165,0.0,245.4546,5,5,1629.465,2572.7,0.2245,1.5789,0.0,0.0552,0.0236
Mom,1713,3272.6818,4272.6718,-999.99,272.7273,4,6,1727.2518,2545.42,0.1915,1.4737,0.234,0.06,0.0184
Mom,1717,4108.6526,5400.9026,-1292.25,490.9091,5,9,3550.3326,1850.57,-0.3147,0.5212,0.2393,0.0833,0.023
Mom,1719,2646.797,3010.427,-363.63,0.0,3,5,1101.357,1909.07,0.2683,1.7334,0.1208,0.057,0.0148
Mom,1723,2872.69,2872.69,0.0,490.9091,4,4,1963.61,909.08,-0.3671,0.463,0.0,0.1459,0.0161
Mom,1724,1529.54,1847.71,-318.17,-165.9091,1,3,756.81,1090.9,0.1808,1.4414,0.1722,0.0321,0.0086
Mom,1732,3764.0,5491.25,-1727.25,599.6,5,9,3673.09,1818.16,-0.3378,0.495,0.3145,0.0984,0.0211
Mom,1733,5622.0906,5622.0906,0.0,1430.0909,8,8,2124.43,3497.6606,0.2443,1.6464,0.0,0.2028,0.0315
Mom,1742,4066.5706,4066.5706,0.0,393.6,5,5,772.9606,3293.61,0.6198,4.261,0.0,0.0882,0.0228
Mom,1745,831.59,2467.93,-1636.34,0.0,1,5,1467.94,999.99,-0.1896,0.6812,0.663,0.0,0.0047
Mom,1748,6991.6496,6991.6496,0.0,691.5364,9,9,2755.9596,4235.69,0.2116,1.5369,0.0,0.09,0.0392
Mom,1763,4636.3109,5636.3009,-999.99,0.0,5,7,2636.3309,2999.97,0.0645,1.1379,0.1774,0.0,0.026
Mom,1765,2671.42,4452.9,-1781.48,19.4636,3,7,1599.98,2852.92,0.2814,1.7831,0.4001,0.032,0.015
Mom,1769,2615.1049,2615.1049,0.0,0.0,3,3,706.0349,1909.07,0.46,2.7039,0.0,0.0,0.0147
Mom,1770,5684.9722,5684.9722,0.0,0.0,6,6,1698.1022,3986.87,0.4026,2.3478,0.0,0.0,0.0319
Mom,1779,1721.2231,1721.2231,0.0,0.0,2,2,812.1431,909.08,0.0563,1.1194,0.0,0.0,0.0097
Mom,1781,4233.1515,4233.1515,0.0,152.0273,5,5,2430.9872,1802.1643,-0.1485,0.7413,0.0,0.0347,0.0237
Mom,1783,1851.5082,2442.4082,-590.9,250.0,2,4,1692.4182,749.99,-0.3859,0.4431,0.2419,0.0929,0.0104
Mom,1784,999.99,2581.79,-1581.8,0.0,1,5,581.81,1999.98,0.5493,3.4375,0.6127,0.0533,0.0056
Mom,1785,1872.7,2872.69,-999.99,490.9091,3,4,1963.61,909.08,-0.3671,0.463,0.3481,0.1459,0.0105
Mom,1787,432.4088,1341.4888,-909.08,416.6909,1,3,572.72,768.7688,0.1461,1.3423,0.6777,0.237,0.0024
Mom,1790,1929.2866,3838.3566,-1909.07,438.2273,3,7,3031.1366,807.22,-0.5794,0.2663,0.4974,0.1025,0.0108
Mom,1792,4544.4391,4544.4391,0.0,455.5,6,6,3635.3591,909.08,-0.5999,0.2501,0.0,0.0911,0.0255
Mom,1817,4480.2353,6025.6653,-1545.43,300.0,5,9,3116.6053,2909.06,-0.0344,0.9334,0.2565,0.0474,0.0251
Mom,1824,6717.9022,6717.9022,0.0,695.4546,8,8,3867.9322,2849.97,-0.1515,0.7368,0.0,0.0938,0.0377
Mom,1833,928.73,1704.12,-775.39,162.1636,1,3,0.0,1704.12,1.0,,0.455,0.1479,0.0052
Mom,1878,2328.9182,3766.2682,-1437.35,291.9182,3,7,1284.4782,2481.79,0.3179,1.9321,0.3816,0.1153,0.0131
Mom,1887,5127.22,5445.39,-318.17,0.0,5,7,3636.32,1809.07,-0.3356,0.4975,0.0584,0.0,0.0288
Mom,1888,2884.9407,3521.2907,-636.35,0.0,3,5,2521.3007,999.99,-0.432,0.3966,0.1807,0.0,0.0162
Mom,1893,1999.98,1999.98,0.0,0.0,2,2,999.99,999.99,0.0,1.0,0.0,0.0,0.0112
Mom,1895,4891.5043,5709.6743,-818.17,794.9727,6,8,1413.7843,4295.89,0.5048,3.0386,0.1433,0.1222,0.0274
Mom,1897,5078.4506,6078.4406,-999.99,346.4636,6,8,1717.1518,4361.2888,0.435,2.5398,0.1645,0.0539,0.0285
Mom,1901,2090.796,2090.796,0.0,0.0,1,1,2090.796,0.0,-1.0,0.0,0.0,0.0,0.0117
Mom,1907,2027.24,2027.24,0.0,518.1818,3,3,818.17,1209.07,0.1928,1.4778,0.0,0.2036,0.0114
Mom,1924,5118.12,5118.12,0.0,245.4546,6,6,2545.42,2572.7,0.0053,1.0107,0.0,0.0458,0.0287
Mom,1929,4222.9155,5131.9955,-909.08,380.8636,5,7,1603.8055,3528.19,0.375,2.1999,0.1771,0.0691,0.0237
Mom,1933,4806.3,5715.38,-909.08,981.8182,7,9,2997.23,2718.15,-0.0488,0.9069,0.1591,0.1466,0.027
Renkli Denim,1501,1090.9,1090.9,0.0,0.0,1,1,1090.9,0.0,-1.0,0.0,0.0,0.0,0.0061
Renkli Denim,1507,2181.8,2945.43,-763.63,327.2727,2,4,2181.8,763.63,-0.4815,0.35,0.2593,0.1,0.0122
Renkli Denim,1516,2129.17,2129.17,0.0,52.6273,2,2,2129.17,0.0,-1.0,0.0,0.0,0.0241,0.0119
Renkli Denim,1517,1090.9,1090.9,0.0,0.0,1,1,0.0,1090.9,1.0,,0.0,0.0,0.0061
Renkli Denim,1523,-1090.9,0.0,-1090.9,0.0,-1,1,0.0,0.0,,,,,-0.0061
Renkli Denim,1527,1854.53,1854.53,0.0,327.2727,2,2,1090.9,763.63,-0.1765,0.7,0.0,0.15,0.0104
Renkli Denim,1533,1048.2332,1048.2332,0.0,0.0,1,1,1048.2332,0.0,-1.0,0.0,0.0,0.0,0.0059
Renkli Denim,1534,-763.63,0.0,-763.63,0.0,-1,1,0.0,0.0,,,,,-0.0043
Renkli Denim,1542,1090.9,1090.9,0.0,0.0,1,1,1090.9,0.0,-1.0,0.0,0.0,0.0,0.0061
Renkli Denim,1543,763.63,763.63,0.0,327.2727,1,1,0.0,763.63,1.0,,0.0,0.3,0.0043
Renkli Denim,1545,427.2636,427.2636,0.0,663.6364,1,1,0.0,427.2636,1.0,,0.0,0.6083,0.0024
Renkli Denim,1550,-1090.9,0.0,-1090.9,0.0,-1,1,0.0,0.0,,,,,-0.0061
Renkli Denim,1551,763.63,763.63,0.0,327.2727,1,1,0.0,763.63,1.0,,0.0,0.3,0.0043
Renkli Denim,1552,-969.69,0.0,-969.69,-121.2091,-1,1,0.0,0.0,,,,,-0.0054
Renkli Denim,1557,-916.35,0.0,-916.35,-174.5454,-1,1,0.0,0.0,,,,,-0.0051
Renkli Denim,1561,1854.53,1854.53,0.0,327.2727,2,2,1090.9,763.63,-0.1765,0.7,0.0,0.15,0.0104
Renkli Denim,1570,2055.48,2945.43,-889.95,327.2727,2,4,2945.43,0.0,-1.0,0.0,0.3021,0.1,0.0115
Renkli Denim,1572,2618.16,2618.16,0.0,654.5455,3,3,1854.53,763.63,-0.4167,0.4118,0.0,0.2,0.0147
Renkli Denim,1575,2779.42,2779.42,0.0,493.2818,3,3,2015.79,763.63,-0.4505,0.3788,0.0,0.1507,0.0156
Renkli Denim,1576,-1090.9,0.0,-1090.9,0.0,-1,1,0.0,0.0,,,,,-0.0061
Renkli Denim,1578,436.36,1527.26,-1090.9,654.5455,1,3,0.0,1527.26,1.0,,0.7143,0.3,0.0024
Renkli Denim,1579,763.63,763.63,0.0,327.2727,1,1,0.0,763.63,1.0,,0.0,0.3,0.0043
Renkli Denim,1583,763.63,763.63,0.0,327.2727,1,1,0.0,763.63,1.0,,0.0,0.3,0.0043
Renkli Denim,1587,1090.9,1090.9,0.0,0.0,1,1,1090.9,0.0,-1.0,0.0,0.0,0.0,0.0061
Renkli Denim,1593,0.0,1090.9,-1090.9,0.0,0,2,1090.9,0.0,-1.0,0.0,1.0,0.0,0.0
Renkli Denim,1603,-1090.9,0.0,-1090.9,0.0,-1,1,0.0,0.0,,,,,-0.0061
Renkli Denim,1608,3811.18,3811.18,0.0,552.4182,4,3,3811.18,0.0,-1.0,0.0,0.0,0.1266,0.0214
Renkli Denim,1621,-1090.9,0.0,-1090.9,0.0,-1,1,0.0,0.0,,,,,-0.0061
Renkli Denim,1623,876.39,876.39,0.0,214.5091,1,1,876.39,0.0,-1.0,0.0,0.0,0.1966,0.0049
Renkli Denim,1624,3709.06,3709.06,0.0,654.5455,4,4,2181.8,1527.26,-0.1765,0.7,0.0,0.15,0.0208
Renkli Denim,1625,589.08,1679.98,-1090.9,501.8182,1,3,916.35,763.63,-0.0909,0.8333,0.6494,0.23,0.0033
Renkli Denim,1628,763.63,763.63,0.0,327.2727,1,1,0.0,763.63,1.0,,0.0,0.3,0.0043
Renkli Denim,1631,1672.71,1672.71,0.0,509.0909,2,2,909.08,763.63,-0.087,0.84,0.0,0.2333,0.0094
Renkli Denim,1636,884.6251,1807.0451,-922.42,614.4091,2,4,1059.1225,747.9226,-0.1722,0.7062,0.5105,0.3023,0.005
Renkli Denim,1638,2181.8,2181.8,0.0,0.0,2,2,2181.8,0.0,-1.0,0.0,0.0,0.0,0.0122
Renkli Denim,1640,1090.9,1090.9,0.0,0.0,1,1,1090.9,0.0,-1.0,0.0,0.0,0.0,0.0061
Renkli Denim,1646,981.81,981.81,0.0,109.0909,1,1,981.81,0.0,-1.0,0.0,0.0,0.1,0.0055
Renkli Denim,1650,2819.56,3910.46,-1090.9,453.1455,3,5,3146.83,763.63,-0.6094,0.2427,0.279,0.1038,0.0158
Renkli Denim,1651,2998.98,2998.98,0.0,273.7182,3,3,2998.98,0.0,-1.0,0.0,0.0,0.0836,0.0168
Renkli Denim,1654,2878.38,3642.01,-763.63,394.3273,3,5,2114.75,1527.26,-0.1613,0.7222,0.2097,0.1654,0.0161
Renkli Denim,1655,-763.63,0.0,-763.63,-327.2727,-1,1,0.0,0.0,,,,,-0.0043
Renkli Denim,1663,5395.8096,6486.7096,-1090.9,1108.6727,6,8,4195.8196,2290.89,-0.2937,0.546,0.1682,0.146,0.0303
Renkli Denim,1666,763.63,763.63,0.0,327.2727,1,1,0.0,763.63,1.0,,0.0,0.3,0.0043
Renkli Denim,1667,-53.3334,1037.5666,-1090.9,0.0,0,2,1037.5666,0.0,-1.0,0.0,1.0514,0.0,-0.0003
Renkli Denim,1673,602.01,1692.91,-1090.9,488.8909,1,3,929.28,763.63,-0.0978,0.8217,0.6444,0.2241,0.0034
Renkli Denim,1677,3538.6073,3538.6073,0.0,825.0,4,4,2011.35,1527.2573,-0.1368,0.7593,0.0,0.1891,0.0198
Renkli Denim,1681,2041.05,2041.05,0.0,140.7546,2,2,2041.05,0.0,-1.0,0.0,0.0,0.0645,0.0114
Renkli Denim,1687,-327.27,763.63,-1090.9,327.2727,0,2,0.0,763.63,1.0,,1.4286,0.3,-0.0018
Renkli Denim,1693,-66.58,928.07,-994.65,66.5727,0,2,928.07,0.0,-1.0,0.0,1.0717,0.1493,-0.0004
Renkli Denim,1696,1090.9,1090.9,0.0,0.0,1,1,1090.9,0.0,-1.0,0.0,0.0,0.0,0.0061
Renkli Denim,1713,1687.79,1687.79,0.0,494.0091,2,2,1687.79,0.0,-1.0,0.0,0.0,0.2264,0.0095
Renkli Denim,1714,-1090.9,763.63,-1854.53,0.0,-1,3,0.0,763.63,1.0,,2.4286,0.3,-0.0061
Renkli Denim,1715,1854.53,1854.53,0.0,327.2727,2,2,1090.9,763.63,-0.1765,0.7,0.0,0.15,0.0104
Renkli Denim,1719,636.35,636.35,0.0,454.5454,1,1,0.0,636.35,1.0,,0.0,0.4167,0.0036
Renkli Denim,1734,2181.8,2181.8,0.0,0.0,2,2,2181.8,0.0,-1.0,0.0,0.0,0.0,0.0122
Renkli Denim,1758,2181.8,2181.8,0.0,0.0,2,2,2181.8,0.0,-1.0,0.0,0.0,0.0,0.0122
Renkli Denim,1775,763.63,1527.26,-763.63,327.2727,1,3,763.63,763.63,0.0,1.0,0.5,0.3,0.0043
Renkli Denim,1777,-763.63,0.0,-763.63,-327.2727,-1,1,0.0,0.0,,,,,-0.0043
Renkli Denim,1801,1090.9,1090.9,0.0,0.0,1,1,1090.9,0.0,-1.0,0.0,0.0,0.0,0.0061
Renkli Denim,1806,2149.5179,4331.3179,-2181.8,456.1182,3,7,3240.4179,1090.9,-0.4963,0.3367,0.5037,0.0953,0.0121
Renkli Denim,1807,581.81,2618.16,-2036.35,509.0909,1,5,0.0,2618.16,1.0,,0.7778,0.2,0.0033
Renkli Denim,1811,2555.3514,2555.3514,0.0,327.2727,3,3,2555.3514,0.0,-1.0,0.0,0.0,0.1135,0.0143
Renkli Denim,1813,972.32,972.32,0.0,118.5818,1,1,972.32,0.0,-1.0,0.0,0.0,0.1087,0.0055
Renkli Denim,1825,3054.5173,3054.5173,0.0,1309.0909,4,4,763.63,2290.8873,0.5,3.0,0.0,0.3,0.0171
Renkli Denim,1829,1834.09,1834.09,0.0,347.7091,2,2,1834.09,0.0,-1.0,0.0,0.0,0.1594,0.0103
Renkli Denim,1838,-916.35,0.0,-916.35,-174.5454,-1,1,0.0,0.0,,,,,-0.0051
Renkli Denim,1839,1090.9,1090.9,0.0,0.0,1,1,1090.9,0.0,-1.0,0.0,0.0,0.0,0.0061
Renkli Denim,1845,2479.7499,2479.7499,0.0,765.8636,3,3,979.58,1500.1699,0.2099,1.5314,0.0,0.236,0.0139
Renkli Denim,1850,-763.63,0.0,-763.63,-327.2727,-1,1,0.0,0.0,,,,,-0.0043
Renkli Denim,1855,2085.55,2085.55,0.0,96.2546,2,2,2085.55,0.0,-1.0,0.0,0.0,0.0441,0.0117
Renkli Denim,1864,1358.78,3540.58,-2181.8,823.0273,2,6,2013.32,1527.26,-0.1373,0.7586,0.6162,0.1886,0.0076
Renkli Denim,1867,171.13,1090.9,-919.77,-171.1273,0,2,1090.9,0.0,-1.0,0.0,0.8431,0.0,0.001
Renkli Denim,1870,1854.53,1854.53,0.0,327.2727,2,2,1090.9,763.63,-0.1765,0.7,0.0,0.15,0.0104
Renkli Denim,1873,763.63,1854.53,-1090.9,327.2727,1,3,1090.9,763.63,-0.1765,0.7,0.5882,0.15,0.0043
Renkli Denim,1874,763.63,763.63,0.0,327.2727,1,1,0.0,763.63,1.0,,0.0,0.3,0.0043
Renkli Denim,1883,763.63,763.63,0.0,327.2727,1,1,0.0,763.63,1.0,,0.0,0.3,0.0043
Renkli Denim,1892,1090.9,1090.9,0.0,0.0,1,1,0.0,1090.9,1.0,,0.0,0.0,0.0061
Renkli Denim,1894,4880.09,4880.09,0.0,574.4182,5,5,4116.46,763.63,-0.687,0.1855,0.0,0.1053,0.0274
Renkli Denim,1910,1775.09,1775.09,0.0,406.7091,2,2,1011.46,763.63,-0.1396,0.755,0.0,0.1864,0.01
Renkli Denim,1914,763.63,763.63,0.0,327.2727,1,1,0.0,763.63,1.0,,0.0,0.3,0.0043
Renkli Denim,1922,1966.68,1966.68,0.0,215.1182,2,2,1966.68,0.0,-1.0,0.0,0.0,0.0986,0.011
Renkli Denim,1923,2181.8,2181.8,0.0,0.0,2,2,2181.8,0.0,-1.0,0.0,0.0,0.0,0.0122
Renkli Denim,1939,1965.47,1965.47,0.0,216.3273,2,2,874.57,1090.9,0.1101,1.2474,0.0,0.0992,0.011
Skinny,1501,0.0,1090.9,-1090.9,0.0,0,2,1090.9,0.0,-1.0,0.0,1.0,0.0,0.0
Skinny,1502,2363.62,2363.62,0.0,0.0,2,2,1090.9,1272.72,0.0769,1.1667,0.0,0.0,0.0133
Skinny,1504,12.08,1854.53,-1842.45,169.7455,0,4,1854.53,0.0,-1.0,0.0,0.9935,0.15,0.0001
Skinny,1505,2272.71,4363.6,-2090.89,0.0,2,6,2181.8,2181.8,0.0,1.0,0.4792,0.0,0.0127
Skinny,1507,5618.14,5618.14,0.0,381.8182,5,5,2181.8,3436.34,0.2233,1.575,0.0,0.0636,0.0315
Skinny,1508,763.63,4218.15,-3454.52,327.2727,1,7,2945.43,1272.72,-0.3966,0.4321,0.819,0.072,0.0043
Skinny,1509,2181.8,2181.8,0.0,0.0,2,2,2181.8,0.0,-1.0,0.0,0.0,0.0,0.0122
Skinny,1512,5963.5864,5963.5864,0.0,490.9091,6,6,3927.2364,2036.35,-0.3171,0.5185,0.0,0.0761,0.0334
Skinny,1516,2804.79,4425.09,-1620.3,-87.6364,2,6,3152.37,1272.72,-0.4248,0.4037,0.3662,0.0265,0.0157
Skinny,1517,-272.73,2818.15,-3090.88,0.0,0,6,1909.07,909.08,-0.3548,0.4762,1.0968,0.0,-0.0015
Skinny,1518,-654.54,0.0,-654.54,-163.6364,-1,1,0.0,0.0,,,,,-0.0037
Skinny,1519,1006.9834,2097.8834,-1090.9,0.0,1,3,2097.8834,0.0,-1.0,0.0,0.52,0.0,0.0056
Skinny,1520,-2363.62,0.0,-2363.62,0.0,-2,2,0.0,0.0,,,,,-0.0133
Skinny,1521,881.2485,3063.0485,-2181.8,229.0909,1,5,2019.4185,1043.63,-0.3186,0.5168,0.7123,0.0696,0.0049
Skinny,1522,0.0,2142.48,-2142.48,0.0,0,4,1090.9,1051.58,-0.0184,0.964,1.0,0.0936,0.0
Skinny,1523,115.49,763.63,-648.14,327.2727,0,2,0.0,763.63,1.0,,0.8488,0.3,0.0006
Skinny,1525,1859.2504,2950.1504,-1090.9,0.0,2,4,2950.1504,0.0,-1.0,0.0,0.3698,0.0,0.0104
Skinny,1527,7014.6467,7718.3367,-703.69,0.0,6,8,5172.8967,2545.44,-0.3404,0.4921,0.0912,0.0,0.0393
Skinny,1528,-818.17,0.0,-818.17,0.0,-1,1,0.0,0.0,,,,,-0.0046
Skinny,1529,1090.9,1872.71,-781.81,0.0,1,3,1872.71,0.0,-1.0,0.0,0.4175,0.0,0.0061
Skinny,1531,1090.9,1090.9,0.0,0.0,1,1,1090.9,0.0,-1.0,0.0,0.0,0.0,0.0061
Skinny,1532,2299.99,2299.99,0.0,609.0818,3,3,1345.45,954.54,-0.17,0.7095,0.0,0.2094,0.0129
Skinny,1533,295.6217,3377.4117,-3081.79,-390.9091,-1,7,2104.6917,1272.72,-0.2463,0.6047,0.9125,0.0,0.0017
Skinny,1534,-909.08,1272.72,-2181.8,0.0,-1,3,0.0,1272.72,1.0,,1.7143,0.0,-0.0051
Skinny,1535,1303.82,2394.72,-1090.9,150.7182,1,3,0.0,2394.72,1.0,,0.4555,0.0592,0.0073
Skinny,1536,0.0,1090.9,-1090.9,0.0,0,2,1090.9,0.0,-1.0,0.0,1.0,0.0,0.0
Skinny,1538,4446.11,5999.96,-1553.85,0.0,3,7,2181.8,3818.16,0.2727,1.75,0.259,0.0,0.0249
Skinny,1539,2181.8,3272.7,-1090.9,0.0,2,4,3272.7,0.0,-1.0,0.0,0.3333,0.0,0.0122
Skinny,1540,999.99,5454.5,-4454.51,0.0,1,9,4181.78,1272.72,-0.5333,0.3043,0.8167,0.0,0.0056
Skinny,1542,171.9256,3444.6256,-3272.7,327.2727,1,7,3444.6256,0.0,-1.0,0.0,0.9501,0.0868,0.001
Skinny,1544,1081.81,3172.7,-2090.89,0.0,1,5,3172.7,0.0,-1.0,0.0,0.659,0.0,0.0061
Skinny,1545,3804.0934,4876.6934,-1072.6,327.2727,4,6,2181.8,2694.8934,0.1052,1.2352,0.2199,0.0976,0.0213
Skinny,1546,2181.8,3272.7,-1090.9,0.0,2,4,3272.7,0.0,-1.0,0.0,0.3333,0.0,0.0122
Skinny,1547,1035.185,1762.445,-727.26,0.0,1,3,1035.185,727.26,-0.1747,0.7025,0.4126,0.0,0.0058
Skinny,1548,3295.43,3295.43,0.0,159.0909,3,3,2181.8,1113.63,-0.3241,0.5104,0.0,0.0461,0.0185
Skinny,1549,1272.72,1272.72,0.0,0.0,1,1,0.0,1272.72,1.0,,0.0,0.0,0.0071
Skinny,1551,4181.78,5454.5,-1272.72,0.0,4,6,5454.5,0.0,-1.0,0.0,0.2333,0.0,0.0235
Skinny,1552,5272.68,5272.68,0.0,0.0,5,5,4363.6,909.08,-0.6552,0.2083,0.0,0.0,0.0296
Skinny,1553,2181.8,2181.8,0.0,0.0,2,2,2181.8,0.0,-1.0,0.0,0.0,0.0,0.0122
Skinny,1554,3194.78,3194.78,0.0,77.9182,3,3,3194.78,0.0,-1.0,0.0,0.0,0.0238,0.0179
Skinny,1555,3112.1342,5293.9342,-2181.8,227.2727,3,7,2181.8,3112.1342,0.1757,1.4264,0.4121,0.0412,0.0175
Skinny,1557,-501.89,960.9,-1462.79,0.0,-1,3,960.9,0.0,-1.0,0.0,1.5223,0.0,-0.0028
Skinny,1558,-1023.71,3145.43,-4169.14,-249.0091,-1,7,1090.9,2054.53,0.3064,1.8833,1.3255,0.0,-0.0057
Skinny,1559,5588.65,7079.54,-1490.89,197.4909,5,9,4731.59,2347.95,-0.3367,0.4962,0.2106,0.069,0.0313
Skinny,1561,2363.62,4272.69,-1909.07,0.0,2,6,2999.97,1272.72,-0.4043,0.4242,0.4468,0.0,0.0133
Skinny,1562,1090.9,1090.9,0.0,0.0,1,1,1090.9,0.0,-1.0,0.0,0.0,0.0,0.0061
Skinny,1565,-818.17,0.0,-818.17,0.0,-1,1,0.0,0.0,,,,,-0.0046
Skinny,1566,2363.62,2363.62,0.0,0.0,2,2,1090.9,1272.72,0.0769,1.1667,0.0,0.0,0.0133
Skinny,1567,-1090.9,0.0,-1090.9,0.0,-1,1,0.0,0.0,,,,,-0.0061
Skinny,1569,1090.9,1090.9,0.0,0.0,1,1,1090.9,0.0,-1.0,0.0,0.0,0.0,0.0061
Skinny,1570,1999.98,5018.14,-3018.16,0.0,2,8,5018.14,0.0,-1.0,0.0,0.6014,0.0316,0.0112
Skinny,1573,1090.9,1090.9,0.0,0.0,1,1,1090.9,0.0,-1.0,0.0,0.0,0.0,0.0061
Skinny,1574,2889.87,4344.4,-1454.53,0.0,2,6,4344.4,0.0,-1.0,0.0,0.3348,0.0,0.0162
Skinny,1575,6418.14,7236.31,-818.17,490.9091,6,8,3927.24,3309.07,-0.0854,0.8426,0.1131,0.0635,0.036
Skinny,1576,3218.17,4399.97,-1181.8,327.2727,2,6,1854.53,2545.44,0.157,1.3726,0.2686,0.0692,0.018
Skinny,1579,1999.98,4049.96,-2049.98,0.0,2,6,4049.96,0.0,-1.0,0.0,0.5062,0.0,0.0112
Skinny,1580,2940.9569,2940.9569,0.0,0.0,3,3,1737.16,1203.7969,-0.1814,0.693,0.0,0.0,0.0165
Skinny,1581,3454.52,4545.42,-1090.9,0.0,3,5,3272.7,1272.72,-0.44,0.3889,0.24,0.0,0.0194
Skinny,1582,1024.2332,1024.2332,0.0,0.0,1,1,1024.2332,0.0,-1.0,0.0,0.0,0.0,0.0057
Skinny,1583,2630.83,4369.87,-1739.04,175.5454,2,6,3272.7,1097.17,-0.4978,0.3352,0.398,0.0386,0.0148
Skinny,1584,-690.9,0.0,-690.9,0.0,-1,1,0.0,0.0,,,,,-0.0039
Skinny,1590,4807.311,7815.701,-3008.39,381.8182,4,8,3106.6446,4709.0564,0.205,1.5158,0.3849,0.0466,0.027
Skinny,1591,-181.82,1727.25,-1909.07,0.0,0,4,1727.25,0.0,-1.0,0.0,1.1053,0.0,-0.001
Skinny,1592,1029.9859,1029.9859,0.0,0.0,1,1,1029.9859,0.0,-1.0,0.0,0.0,0.0,0.0058
Skinny,1593,1090.9,2363.62,-1272.72,0.0,1,3,1090.9,1272.72,0.0769,1.1667,0.5385,0.0,0.0061
Skinny,1594,1090.9,1090.9,0.0,0.0,1,1,1090.9,0.0,-1.0,0.0,0.0,0.0,0.0061
Skinny,1595,2252.53,3070.7,-818.17,0.0,2,4,1090.9,1979.8,0.2895,1.8148,0.2664,0.0,0.0126
Skinny,1596,-318.19,786.08,-1104.27,-168.4454,0,2,0.0,786.08,1.0,,1.4048,0.0,-0.0018
Skinny,1597,1090.9,1090.9,0.0,0.0,1,1,1090.9,0.0,-1.0,0.0,0.0,0.0,0.0061
Skinny,1600,1527.26,2181.8,-654.54,-163.6364,1,3,2181.8,0.0,-1.0,0.0,0.3,0.0,0.0086
Skinny,1601,763.63,763.63,0.0,327.2727,1,1,763.63,0.0,-1.0,0.0,0.0,0.3,0.0043
Skinny,1603,-462.95,0.0,-462.95,0.0,-1,1,0.0,0.0,,,,,-0.0026
Skinny,1604,1418.17,2181.8,-763.63,-327.2727,1,3,2181.8,0.0,-1.0,0.0,0.35,0.0,0.008
Skinny,1607,763.63,763.63,0.0,327.2727,1,1,763.63,0.0,-1.0,0.0,0.0,0.3,0.0043
Skinny,1608,557.91,4376.06,-3818.15,318.1818,0,8,2148.8,2227.26,0.0179,1.0365,0.8725,0.0678,0.0031
Skinny,1611,-654.54,0.0,-654.54,-163.6364,-1,1,0.0,0.0,,,,,-0.0037
Skinny,1614,2545.4382,3818.1582,-1272.72,0.0,2,4,0.0,3818.1582,1.0,,0.3333,0.0,0.0143
Skinny,1616,1090.9,1090.9,0.0,0.0,1,1,1090.9,0.0,-1.0,0.0,0.0,0.0,0.0061
Skinny,1618,1627.26,4545.42,-2918.16,-645.4545,0,8,3272.7,1272.72,-0.44,0.3889,0.642,0.0,0.0091
Skinny,1619,40.12,1923.94,-1883.82,1348.7545,1,5,1090.9,833.04,-0.134,0.7636,0.9791,0.4121,0.0002
Skinny,1624,3503.7682,4594.6682,-1090.9,132.5727,3,5,2181.8,2412.8682,0.0503,1.1059,0.2374,0.028,0.0197
Skinny,1625,4015.46,5636.32,-1620.86,-470.0364,3,7,4363.6,1272.72,-0.5484,0.2917,0.2876,0.0,0.0225
Skinny,1626,2059.8224,2059.8224,0.0,94.1636,2,2,2059.8224,0.0,-1.0,0.0,0.0,0.0437,0.0116
Skinny,1627,2521.8609,2521.8609,0.0,0.0,2,2,0.0,2521.8609,1.0,,0.0,0.0,0.0141
Skinny,1630,5900.3,6545.4,-645.1,-173.0727,5,7,2181.8,4363.6,0.3333,2.0,0.0986,0.0,0.0331
Skinny,1631,-1454.54,2181.8,-3636.34,0.0,-1,5,2181.8,0.0,-1.0,0.0,1.6667,0.0,-0.0082
Skinny,1634,205.28,1272.72,-1067.44,-205.2818,0,2,0.0,1272.72,1.0,,0.8387,0.0,0.0012
Skinny,1635,1454.53,2545.43,-1090.9,236.3636,2,4,2545.43,0.0,-1.0,0.0,0.4286,0.085,0.0082
Skinny,1636,2454.53,4363.6,-1909.07,0.0,2,6,4363.6,0.0,-1.0,0.0,0.4375,0.0,0.0138
Skinny,1637,5653.7152,6335.5252,-681.81,257.5273,5,7,3790.0852,2545.44,-0.1965,0.6716,0.1076,0.0711,0.0317
Skinny,1638,1378.78,3424.22,-2045.44,212.1182,1,5,1090.9,2333.32,0.3628,2.1389,0.5973,0.0583,0.0077
Skinny,1639,4044.1164,4044.1164,0.0,242.4273,4,4,2104.7464,1939.37,-0.0409,0.9214,0.0,0.0566,0.0227
Skinny,1640,3272.7,3272.7,0.0,0.0,3,3,3272.7,0.0,-1.0,0.0,0.0,0.0,0.0184
Skinny,1641,8381.0111,8381.0111,0.0,0.0,8,8,8381.0111,0.0,-1.0,0.0,0.0,0.0,0.047
Skinny,1643,-1090.9,1090.9,-2181.8,0.0,-1,3,1090.9,0.0,-1.0,0.0,2.0,0.0,-0.0061
Skinny,1644,150.0,2945.43,-2795.43,122.7273,0,6,2181.8,763.63,-0.4815,0.35,0.9491,0.1,0.0008
Skinny,1646,3761.0,4579.17,-818.17,3057.1273,6,8,2945.43,1633.74,-0.2864,0.5547,0.1787,0.4003,0.0211
Skinny,1647,90.91,2654.52,-2563.61,0.0,0,6,1745.44,909.08,-0.3151,0.5208,0.9658,0.0581,0.0005
Skinny,1648,-11.11,599.99,-611.1,0.0,0,2,599.99,0.0,-1.0,0.0,1.0185,0.0,-0.0001
Skinny,1649,3959.9736,5905.4036,-1945.43,40.0,3,9,5905.4036,0.0,-1.0,0.0,0.3294,0.0586,0.0222
Skinny,1650,-1090.9,2181.8,-3272.7,0.0,-1,5,0.0,2181.8,1.0,,1.5,0.0,-0.0061
Skinny,1651,1803.5513,2894.4513,-1090.9,0.0,2,4,2894.4513,0.0,-1.0,0.0,0.3769,0.0,0.0101
Skinny,1653,3272.7,5454.5,-2181.8,0.0,3,7,5454.5,0.0,-1.0,0.0,0.4,0.0,0.0184
Skinny,1654,3419.52,5419.5,-1999.98,0.0,3,7,3237.7,2181.8,-0.1948,0.6739,0.369,0.0,0.0192
Skinny,1655,5133.9825,5861.2425,-727.26,0.0,5,7,4588.5225,1272.72,-0.5657,0.2774,0.1241,0.0,0.0288
Skinny,1656,1272.72,1272.72,0.0,0.0,1,1,0.0,1272.72,1.0,,0.0,0.0,0.0071
Skinny,1657,2363.6182,3636.3382,-1272.72,0.0,2,4,1090.9,2545.4382,0.4,2.3333,0.35,0.0,0.0133
Skinny,1658,4347.93,4347.93,0.0,197.4909,4,4,3272.7,1075.23,-0.5054,0.3285,0.0,0.0434,0.0244
Skinny,1659,2181.8,4363.6,-2181.8,0.0,2,6,4363.6,0.0,-1.0,0.0,0.5,0.0,0.0122
Skinny,1660,4181.7782,4909.0382,-727.26,0.0,4,6,3636.32,1272.7182,-0.4815,0.35,0.1481,0.0,0.0235
Skinny,1661,4661.5933,5405.3833,-743.79,-165.2909,4,6,5405.3833,0.0,-1.0,0.0,0.1376,0.0,0.0261
Skinny,1662,1090.9,1090.9,0.0,0.0,1,1,1090.9,0.0,-1.0,0.0,0.0,0.0,0.0061
Skinny,1663,5912.1544,7466.0044,-1553.85,327.2727,5,9,5429.6544,2036.35,-0.4545,0.375,0.2081,0.042,0.0332
Skinny,1665,3025.24,3636.34,-611.1,0.0,2,4,1090.9,2545.44,0.4,2.3333,0.1681,0.0,0.017
Skinny,1666,4818.16,7272.68,-2454.52,0.0,3,9,2181.8,5090.88,0.4,2.3333,0.3375,0.0,0.027
Skinny,1667,-575.4039,1757.9161,-2333.32,-35.5909,0,4,1090.9,667.0161,-0.2411,0.6114,1.3273,0.0913,-0.0032
Skinny,1669,3652.15,4743.05,-1090.9,711.4546,4,6,4363.6,379.45,-0.84,0.087,0.23,0.1304,0.0205
Skinny,1670,2181.8,2181.8,0.0,0.0,2,2,2181.8,0.0,-1.0,0.0,0.0,0.0,0.0122
Skinny,1671,2181.8,2181.8,0.0,0.0,2,2,2181.8,0.0,-1.0,0.0,0.0,0.0,0.0122
Skinny,1673,1702.1603,3293.0503,-1590.89,0.0,2,6,2020.3303,1272.72,-0.227,0.63,0.4831,0.0398,0.0095
Skinny,1674,1863.63,3272.7,-1409.07,0.0,1,5,3272.7,0.0,-1.0,0.0,0.4306,0.0,0.0105
Skinny,1675,1718.85,2181.8,-462.95,0.0,1,3,0.0,2181.8,1.0,,0.2122,0.0,0.0096
Skinny,1676,3388.86,3999.96,-611.1,0.0,3,5,3999.96,0.0,-1.0,0.0,0.1528,0.0,0.019
Skinny,1677,-782.7417,3221.6183,-4004.36,-98.2818,-2,8,3221.6183,0.0,-1.0,0.0,1.243,0.0,-0.0044
Skinny,1678,1090.9,1999.98,-909.08,0.0,1,3,1090.9,909.08,-0.0909,0.8333,0.4545,0.0,0.0061
Skinny,1679,3272.7,4363.6,-1090.9,0.0,3,5,4363.6,0.0,-1.0,0.0,0.25,0.0,0.0184
Skinny,1680,2181.8,2181.8,0.0,0.0,2,2,2181.8,0.0,-1.0,0.0,0.0,0.0,0.0122
Skinny,1681,3241.1649,3241.1649,0.0,0.0,3,3,3241.1649,0.0,-1.0,0.0,0.0,0.0,0.0182
Skinny,1682,0.0,245.45,-245.45,0.0,0,2,0.0,245.45,1.0,,1.0,0.0,0.0
Skinny,1683,-818.17,1090.9,-1909.07,0.0,-1,3,1090.9,0.0,-1.0,0.0,1.75,0.0,-0.0046
Skinny,1684,-1177.08,1090.9,-2267.98,0.0,-2,4,1090.9,0.0,-1.0,0.0,2.079,0.0,-0.0066
Skinny,1687,227.79,1854.53,-1626.74,327.2727,-1,5,1090.9,763.63,-0.1765,0.7,0.8772,0.15,0.0013
Skinny,1688,6444.3268,6444.3268,0.0,0.0,6,6,4324.9593,2119.3675,-0.3423,0.49,0.0,0.0,0.0361
Skinny,1689,2363.62,2363.62,0.0,0.0,2,2,1090.9,1272.72,0.0769,1.1667,0.0,0.0,0.0133
Skinny,1690,4727.24,4727.24,0.0,0.0,4,4,2181.8,2545.44,0.0769,1.1667,0.0,0.0,0.0265
Skinny,1692,-181.82,3272.7,-3454.52,0.0,0,6,3272.7,0.0,-1.0,0.0,1.0556,0.0,-0.001
Skinny,1693,3454.52,4545.42,-1090.9,0.0,3,5,3272.7,1272.72,-0.44,0.3889,0.24,0.0,0.0194
Skinny,1695,-1090.9,2181.8,-3272.7,0.0,-1,5,2181.8,0.0,-1.0,0.0,1.5,0.0,-0.0061
Skinny,1698,2363.62,2363.62,0.0,0.0,2,2,1090.9,1272.72,0.0769,1.1667,0.0,0.0,0.0133
Skinny,1699,2727.26,3818.16,-1090.9,0.0,2,4,0.0,3818.16,1.0,,0.2857,0.0,0.0153
Skinny,1704,4250.8677,4250.8677,0.0,0.0,4,4,4250.8677,0.0,-1.0,0.0,0.0,0.0,0.0238
Skinny,1706,1272.72,1272.72,0.0,0.0,1,1,0.0,1272.72,1.0,,0.0,0.0,0.0071
Skinny,1710,2181.8,2181.8,0.0,0.0,2,2,2181.8,0.0,-1.0,0.0,0.0,0.0,0.0122
Skinny,1711,1090.9,1090.9,0.0,0.0,1,1,1090.9,0.0,-1.0,0.0,0.0,0.0,0.0061
Skinny,1712,472.74,2545.44,-2072.7,-163.6364,-1,5,0.0,2545.44,1.0,,0.8143,0.0,0.0027
Skinny,1713,4545.42,4545.42,0.0,0.0,4,4,3272.7,1272.72,-0.44,0.3889,0.0,0.0,0.0255
Skinny,1716,5760.9238,7615.4538,-1854.53,0.0,5,9,4306.3838,3309.07,-0.131,0.7684,0.2435,0.0412,0.0323
Skinny,1717,1814.92,2545.44,-730.52,-87.6546,1,3,0.0,2545.44,1.0,,0.287,0.0,0.0102
Skinny,1718,2921.0931,2921.0931,0.0,68.1818,3,3,2921.0931,0.0,-1.0,0.0,0.0,0.0228,0.0164
Skinny,1719,2181.8,2181.8,0.0,0.0,2,2,2181.8,0.0,-1.0,0.0,0.0,0.0,0.0122
Skinny,1720,2363.62,2363.62,0.0,0.0,2,2,1090.9,1272.72,0.0769,1.1667,0.0,0.0,0.0133
Skinny,1723,2181.8,2181.8,0.0,0.0,2,2,2181.8,0.0,-1.0,0.0,0.0,0.0,0.0122
Skinny,1724,-1272.72,2181.8,-3454.52,0.0,-1,5,2181.8,0.0,-1.0,0.0,1.5833,0.0,-0.0071
Skinny,1732,4181.78,4181.78,0.0,0.0,4,4,3272.7,909.08,-0.5652,0.2778,0.0,0.0,0.0235
Skinny,1733,-1090.9,0.0,-1090.9,0.0,-1,1,0.0,0.0,,,,,-0.0061
Skinny,1734,4560.0884,4560.0884,0.0,1933.2364,8,8,2267.9084,2292.18,0.0053,1.0107,0.0,0.2977,0.0256
Skinny,1739,4720.0675,4720.0675,0.0,2025.6,7,7,3884.6875,835.38,-0.646,0.215,0.0,0.3003,0.0265
Skinny,1742,2181.8,2181.8,0.0,0.0,2,2,2181.8,0.0,-1.0,0.0,0.0,0.0,0.0122
Skinny,1743,477.71,2659.51,-2181.8,404.1,1,5,363.63,2295.88,0.7265,6.3138,0.8204,0.1319,0.0027
Skinny,1744,568.17,568.17,0.0,522.7273,1,1,0.0,568.17,1.0,,0.0,0.4792,0.0032
Skinny,1745,1681.8,1681.8,0.0,500.0,2,2,1090.9,590.9,-0.2973,0.5417,0.0,0.2292,0.0094
Skinny,1747,909.08,909.08,0.0,0.0,1,1,0.0,909.08,1.0,,0.0,0.0,0.0051
Skinny,1748,3654.51,3654.51,0.0,436.3636,4,4,3654.51,0.0,-1.0,0.0,0.0,0.1067,0.0205
Skinny,1750,2245.42,2245.42,0.0,663.6364,3,3,909.08,1336.34,0.1903,1.47,0.0,0.2281,0.0126
Skinny,1751,2154.13,2917.76,-763.63,873.1091,4,6,2167.61,750.15,-0.4858,0.3461,0.2617,0.2915,0.0121
Skinny,1753,4690.8599,4690.8599,0.0,663.6364,5,5,4263.5999,427.26,-0.8178,0.1002,0.0,0.1239,0.0263
Skinny,1754,1090.9,1090.9,0.0,0.0,1,1,1090.9,0.0,-1.0,0.0,0.0,0.0,0.0061
Skinny,1755,3916.36,3916.36,0.0,774.5091,5,5,3630.65,285.71,-0.8541,0.0787,0.0,0.1651,0.022
Skinny,1758,4766.2666,6511.7066,-1745.44,-163.6364,4,8,6511.7066,0.0,-1.0,0.0,0.268,0.0,0.0267
Skinny,1759,3705.76,4433.02,-727.26,1021.4818,4,6,3272.7,1160.32,-0.4765,0.3545,0.1641,0.1873,0.0208
Skinny,1761,1090.9,1090.9,0.0,0.0,1,1,1090.9,0.0,-1.0,0.0,0.0,0.0,0.0061
Skinny,1762,0.0,1090.9,-1090.9,0.0,0,2,1090.9,0.0,-1.0,0.0,1.0,0.0,0.0
Skinny,1763,1409.08,2136.34,-727.26,1318.1818,2,4,0.0,2136.34,1.0,,0.3404,0.3816,0.0079
Skinny,1764,545.46,2181.8,-1636.34,0.0,0,4,2181.8,0.0,-1.0,0.0,0.75,0.0,0.0031
Skinny,1765,3399.1227,3399.1227,0.0,0.0,3,3,2126.4027,1272.72,-0.2511,0.5985,0.0,0.0,0.0191
Skinny,1766,627.95,1090.9,-462.95,0.0,0,2,1090.9,0.0,-1.0,0.0,0.4244,0.0,0.0035
Skinny,1768,2800.8792,2800.8792,0.0,1156.3364,5,5,2207.9992,592.88,-0.5766,0.2685,0.0,0.2922,0.0157
Skinny,1769,4181.78,4181.78,0.0,0.0,4,4,3272.7,909.08,-0.5652,0.2778,0.0,0.0,0.0235
Skinny,1775,2363.62,2363.62,0.0,0.0,2,2,1090.9,1272.72,0.0769,1.1667,0.0,0.0,0.0133
Skinny,1776,3272.7,3272.7,0.0,0.0,3,3,3272.7,0.0,-1.0,0.0,0.0,0.0,0.0184
Skinny,1779,1272.72,1272.72,0.0,0.0,1,1,0.0,1272.72,1.0,,0.0,0.0,0.0071
Skinny,1780,3301.67,4345.3,-1043.63,-28.9727,3,5,3272.7,1072.6,-0.5063,0.3277,0.2402,0.044,0.0185
Skinny,1784,2181.8,3272.7,-1090.9,0.0,2,4,3272.7,0.0,-1.0,0.0,0.3333,0.0,0.0122
Skinny,1785,2363.62,2363.62,0.0,0.0,2,2,1090.9,1272.72,0.0769,1.1667,0.0,0.0,0.0133
Skinny,1787,0.0,1090.9,-1090.9,0.0,0,2,1090.9,0.0,-1.0,0.0,1.0,0.0,0.0
Skinny,1788,1767.1943,1767.1943,0.0,0.0,2,2,1767.1943,0.0,-1.0,0.0,0.0,0.0,0.0099
Skinny,1790,3135.4,4875.31,-1739.91,319.1182,3,9,2838.96,2036.35,-0.1646,0.7173,0.3569,0.1266,0.0176
Skinny,1791,1818.16,1818.16,0.0,0.0,2,2,1818.16,0.0,-1.0,0.0,0.0,0.0,0.0102
Skinny,1792,1718.16,2499.97,-781.81,1100.0,3,5,363.63,2136.34,0.7091,5.875,0.3127,0.3056,0.0096
Skinny,1801,3527.25,5636.32,-2109.07,-454.5454,2,8,4363.6,1272.72,-0.5484,0.2917,0.3742,0.0,0.0198
Skinny,1802,1045.44,2681.79,-1636.35,200.0,1,5,1409.07,1272.72,-0.0508,0.9032,0.6102,0.0694,0.0059
Skinny,1804,436.36,1090.9,-654.54,0.0,0,2,1090.9,0.0,-1.0,0.0,0.6,0.0,0.0024
Skinny,1806,3363.9095,6265.3995,-2901.49,-201.2454,3,9,4992.6795,1272.72,-0.5937,0.2549,0.4631,0.0125,0.0189
Skinny,1810,2181.8,2181.8,0.0,0.0,2,2,2181.8,0.0,-1.0,0.0,0.0,0.0,0.0122
Skinny,1811,5854.49,6945.39,-1090.9,327.2727,6,8,6945.39,0.0,-1.0,0.0,0.1571,0.045,0.0328
Skinny,1812,2836.34,2836.34,0.0,163.6364,3,3,2836.34,0.0,-1.0,0.0,0.0,0.0545,0.0159
Skinny,1813,2609.79,4155.22,-1545.43,0.0,2,6,2181.8,1973.42,-0.0501,0.9045,0.3719,0.0,0.0146
Skinny,1814,3791.2995,4254.2495,-462.95,187.1636,3,5,3168.6995,1085.55,-0.4897,0.3426,0.1088,0.0421,0.0213
Skinny,1817,4886.45,4886.45,0.0,0.0,5,5,4090.87,795.58,-0.6744,0.1945,0.0,0.0,0.0274
Skinny,1818,1079.45,1079.45,0.0,620.5273,3,3,1079.45,0.0,-1.0,0.0,0.0,0.365,0.0061
Skinny,1820,1527.26,3272.7,-1745.44,0.0,1,5,3272.7,0.0,-1.0,0.0,0.5333,0.0,0.0086
Skinny,1822,2170.03,4727.24,-2557.21,0.0,1,7,2181.8,2545.44,0.0769,1.1667,0.541,0.0,0.0122
Skinny,1823,1198.0933,5243.5133,-4045.42,0.0,1,9,3981.2933,1262.22,-0.5186,0.317,0.7715,0.0,0.0067
Skinny,1824,3272.7,4363.6,-1090.9,0.0,3,5,4363.6,0.0,-1.0,0.0,0.25,0.0,0.0184
Skinny,1826,4267.3295,4267.3295,0.0,990.9091,5,5,1803.7195,2463.61,0.1546,1.3658,0.0,0.1884,0.0239
Skinny,1829,1090.9,1854.53,-763.63,0.0,1,3,1090.9,763.63,-0.1765,0.7,0.4118,0.15,0.0061
Skinny,1831,5672.69,5672.69,0.0,327.2727,5,5,1854.53,3818.16,0.3462,2.0588,0.0,0.0545,0.0318
Skinny,1832,4193.13,4193.13,0.0,170.4727,4,4,3272.7,920.43,-0.561,0.2812,0.0,0.0391,0.0235
Skinny,1833,2181.8,2181.8,0.0,0.0,2,2,2181.8,0.0,-1.0,0.0,0.0,0.0,0.0122
Skinny,1834,6727.22,6727.22,0.0,0.0,6,6,5454.5,1272.72,-0.6216,0.2333,0.0,0.0,0.0377
Skinny,1835,2521.2302,3612.1302,-1090.9,154.5454,3,5,3612.1302,0.0,-1.0,0.0,0.302,0.041,0.0141
Skinny,1836,1818.18,3636.34,-1818.16,0.0,1,5,1090.9,2545.44,0.4,2.3333,0.5,0.0,0.0102
Skinny,1837,2181.8,4254.51,-2072.71,163.6364,2,8,4254.51,0.0,-1.0,0.0,0.4872,0.1333,0.0122
Skinny,1838,5272.68,7818.12,-2545.44,0.0,5,9,6545.4,1272.72,-0.6744,0.1944,0.3256,0.0,0.0296
Skinny,1839,1090.9,1090.9,0.0,0.0,1,1,1090.9,0.0,-1.0,0.0,0.0,0.0,0.0061
Skinny,1842,-1999.98,0.0,-1999.98,0.0,-2,2,0.0,0.0,,,,,-0.0112
Skinny,1843,1116.96,4583.6,-3466.64,904.8455,2,8,2458.16,2125.44,-0.0726,0.8646,0.7563,0.1899,0.0063
Skinny,1844,1090.9,4545.42,-3454.52,0.0,1,7,3272.7,1272.72,-0.44,0.3889,0.76,0.0,0.0061
Skinny,1845,1971.79,4335.41,-2363.62,0.0,2,6,4335.41,0.0,-1.0,0.0,0.5452,0.0,0.0111
Skinny,1847,4775.2034,4775.2034,0.0,0.0,5,5,3272.7,1502.5034,-0.3707,0.4591,0.0,0.0,0.0268
Skinny,1848,2304.0573,4213.1273,-1909.07,150.4727,2,6,4213.1273,0.0,-1.0,0.0,0.4531,0.0345,0.0129
Skinny,1849,90.91,1999.98,-1909.07,-181.8182,0,4,727.26,1272.72,0.2727,1.75,0.9545,0.0,0.0005
Skinny,1850,5454.5,6545.4,-1090.9,0.0,5,7,6545.4,0.0,-1.0,0.0,0.1667,0.0,0.0306
Skinny,1851,1115.5709,1842.8309,-727.26,2248.0364,3,5,409.0909,1433.74,0.556,3.5047,0.3946,0.5495,0.0063
Skinny,1853,2181.8,2181.8,0.0,0.0,2,2,2181.8,0.0,-1.0,0.0,0.0,0.0,0.0122
Skinny,1854,-596.42,1943.33,-2539.75,1960.0455,1,7,0.0,1943.33,1.0,,1.3069,0.5547,-0.0033
Skinny,1855,7999.94,7999.94,0.0,0.0,7,7,5454.5,2545.44,-0.3636,0.4667,0.0,0.0,0.0449
Skinny,1856,3310.6524,3310.6524,0.0,0.0,3,3,2174.3024,1136.35,-0.3135,0.5226,0.0,0.0,0.0186
Skinny,1858,-72.73,1399.98,-1472.71,618.1818,0,4,763.63,636.35,-0.0909,0.8333,1.052,0.3583,-0.0004
Skinny,1860,-13.46,1090.9,-1104.36,0.0,-1,3,1090.9,0.0,-1.0,0.0,1.0123,0.0,-0.0001
Skinny,1861,1512.72,1927.26,-414.54,60.0,1,3,654.54,1272.72,0.3208,1.9444,0.2151,0.0783,0.0085
Skinny,1863,1090.8973,1090.8973,0.0,0.0,1,1,1090.8973,0.0,-1.0,0.0,0.0,0.0,0.0061
Skinny,1867,1272.72,3181.79,-1909.07,0.0,1,5,1909.07,1272.72,-0.2,0.6667,0.6,0.0,0.0071
Skinny,1869,-798.22,292.68,-1090.9,307.3091,0,2,292.68,0.0,-1.0,0.0,3.7273,0.5122,-0.0045
Skinny,1870,1236.35,1999.98,-763.63,-327.2727,1,3,1090.9,909.08,-0.0909,0.8333,0.3818,0.0,0.0069
Skinny,1871,6207.39,6207.39,0.0,381.8182,7,7,6207.39,0.0,-1.0,0.0,0.0,0.0579,0.0348
Skinny,1872,2649.1599,2649.1599,0.0,1221.1455,4,4,0.0,2649.1599,1.0,,0.0,0.3155,0.0149
Skinny,1873,3758.53,4676.02,-917.49,318.1818,3,7,1176.04,3499.98,0.497,2.9761,0.1962,0.0637,0.0211
Skinny,1874,3054.52,5636.32,-2581.8,0.0,2,8,4363.6,1272.72,-0.5484,0.2917,0.4581,0.0,0.0171
Skinny,1877,3272.7,4181.78,-909.08,0.0,3,5,4181.78,0.0,-1.0,0.0,0.2174,0.0,0.0184
Skinny,1878,1090.9,1090.9,0.0,0.0,1,1,1090.9,0.0,-1.0,0.0,0.0,0.0,0.0061
Skinny,1879,1259.72,2328.8,-1069.08,-50.6364,0,4,0.0,2328.8,1.0,,0.4591,0.0851,0.0071
Skinny,1881,1760.8352,2524.4652,-763.63,0.0,2,4,2524.4652,0.0,-1.0,0.0,0.3025,0.1148,0.0099
Skinny,1882,2436.34,3090.88,-654.54,0.0,2,4,2181.8,909.08,-0.4118,0.4167,0.2118,0.0,0.0137
Skinny,1883,-390.2341,1973.3859,-2363.62,0.0,0,4,700.6659,1272.72,0.2899,1.8164,1.1977,0.0,-0.0022
Skinny,1884,1154.3913,4517.9913,-3363.6,0.0,0,8,3245.2713,1272.72,-0.4366,0.3922,0.7445,0.0,0.0065
Skinny,1885,3272.7,3272.7,0.0,0.0,3,3,3272.7,0.0,-1.0,0.0,0.0,0.0,0.0184
Skinny,1887,2078.4956,2078.4956,0.0,0.0,2,2,2078.4956,0.0,-1.0,0.0,0.0,0.0,0.0117
Skinny,1888,2181.8,2181.8,0.0,0.0,2,2,2181.8,0.0,-1.0,0.0,0.0,0.0,0.0122
Skinny,1889,1060.3843,3242.1843,-2181.8,0.0,1,5,3242.1843,0.0,-1.0,0.0,0.6729,0.0,0.0059
Skinny,1892,1818.17,2181.8,-363.63,0.0,1,3,2181.8,0.0,-1.0,0.0,0.1667,0.0,0.0102
Skinny,1893,1090.9,1090.9,0.0,0.0,1,1,1090.9,0.0,-1.0,0.0,0.0,0.0,0.0061
Skinny,1894,2945.43,2945.43,0.0,327.2727,3,3,2945.43,0.0,-1.0,0.0,0.0,0.1,0.0165
Skinny,1895,0.0,1090.9,-1090.9,0.0,0,2,1090.9,0.0,-1.0,0.0,1.0,0.0,0.0
Skinny,1896,6147.4737,6147.4737,0.0,0.0,6,6,6147.4737,0.0,-1.0,0.0,0.0,0.0,0.0345
Skinny,1897,-22.73,1795.43,-1818.16,204.5454,0,4,727.26,1068.17,0.1899,1.4688,1.0127,0.1023,-0.0001
Skinny,1898,2363.62,2363.62,0.0,0.0,2,2,1090.9,1272.72,0.0769,1.1667,0.0,0.0,0.0133
Skinny,1900,3055.62,4328.34,-1272.72,398.9,3,5,2181.8,2146.54,-0.0081,0.9838,0.294,0.0844,0.0171
Skinny,1906,1274.7408,3183.8108,-1909.07,0.0,1,5,3183.8108,0.0,-1.0,0.0,0.5996,0.0,0.0071
Skinny,1907,3090.88,3090.88,0.0,0.0,3,3,2181.8,909.08,-0.4118,0.4167,0.0,0.0,0.0173
Skinny,1908,2204.53,2204.53,0.0,159.0909,2,2,1090.9,1113.63,0.0103,1.0208,0.0,0.0673,0.0124
Skinny,1909,2181.8,3272.7,-1090.9,0.0,2,4,3272.7,0.0,-1.0,0.0,0.3333,0.0,0.0122
Skinny,1910,2273.5904,3364.4904,-1090.9,0.0,2,4,2181.8,1182.6904,-0.297,0.5421,0.3242,0.0,0.0128
Skinny,1911,2181.8,2181.8,0.0,0.0,2,2,2181.8,0.0,-1.0,0.0,0.0,0.0,0.0122
Skinny,1912,-2668.0783,1695.5217,-4363.6,306.8091,-2,6,511.36,1184.1617,0.3968,2.3157,2.5736,0.1532,-0.015
Skinny,1913,3454.52,5636.32,-2181.8,0.0,3,7,4363.6,1272.72,-0.5484,0.2917,0.3871,0.0,0.0194
Skinny,1914,7636.3,7636.3,0.0,0.0,7,7,3272.7,4363.6,0.1429,1.3333,0.0,0.0,0.0428
Skinny,1915,4477.09,5131.63,-654.54,-163.6364,4,6,3133.7,1997.93,-0.2213,0.6376,0.1276,0.0,0.0251
Skinny,1917,1744.46,2835.36,-1090.9,619.1636,2,4,1090.9,1744.46,0.2305,1.5991,0.3847,0.1792,0.0098
Skinny,1918,3037.9,3037.9,0.0,389.3454,4,4,1765.18,1272.72,-0.1621,0.721,0.0,0.1136,0.017
Skinny,1919,3580.5909,4506.5009,-925.91,0.0,2,6,3233.7809,1272.72,-0.4352,0.3936,0.2055,0.0,0.0201
Skinny,1920,3272.7,3272.7,0.0,0.0,3,3,3272.7,0.0,-1.0,0.0,0.0,0.0,0.0184
Skinny,1921,1545.44,3909.05,-2363.61,-545.4546,1,7,2636.33,1272.72,-0.3488,0.4828,0.6047,0.0,0.0087
Skinny,1922,6999.93,6999.93,0.0,0.0,7,7,4818.13,2181.8,-0.3766,0.4528,0.0,0.0,0.0393
Skinny,1923,1853.01,4462.08,-2609.07,-125.7545,1,7,2181.8,2280.28,0.0221,1.0451,0.5847,0.0561,0.0104
Skinny,1925,2181.8,2181.8,0.0,0.0,2,2,2181.8,0.0,-1.0,0.0,0.0,0.0,0.0122
Skinny,1926,108.85,2153.8,-2044.95,-327.0727,-1,5,2153.8,0.0,-1.0,0.0,0.9495,0.0,0.0006
Skinny,1927,909.08,3272.7,-2363.62,0.0,1,5,3272.7,0.0,-1.0,0.0,0.7222,0.0,0.0051
Skinny,1929,1272.72,1272.72,0.0,0.0,1,1,0.0,1272.72,1.0,,0.0,0.0,0.0071
Skinny,1930,1921.87,4363.6,-2441.73,-558.2454,1,7,4363.6,0.0,-1.0,0.0,0.5596,0.0,0.0108
Skinny,1931,-581.81,2363.62,-2945.43,-327.2727,-1,5,1090.9,1272.72,0.0769,1.1667,1.2462,0.0,-0.0033
Skinny,1932,2411.5776,3047.9276,-636.35,0.0,2,4,1775.2076,1272.72,-0.1649,0.7169,0.2088,0.0,0.0135
Skinny,1933,2057.8,2057.8,0.0,0.0,2,2,2057.8,0.0,-1.0,0.0,0.0,0.0,0.0115
Skinny,1934,1090.9,1090.9,0.0,0.0,1,1,1090.9,0.0,-1.0,0.0,0.0,0.0,0.0061
Skinny,1935,3505.98,5090.86,-1584.88,0.0,3,7,5090.86,0.0,-1.0,0.0,0.3113,0.0,0.0197
Skinny,1936,2972.72,4036.33,-1063.61,-127.2727,2,6,3272.7,763.63,-0.6216,0.2333,0.2635,0.075,0.0167
Skinny,1937,2181.8,2181.8,0.0,0.0,2,2,2181.8,0.0,-1.0,0.0,0.0,0.0,0.0122
Skinny,1938,4218.15,4872.69,-654.54,327.2727,4,6,2836.34,2036.35,-0.1642,0.7179,0.1343,0.0915,0.0237
Skinny,1939,2355.81,4264.88,-1909.07,0.0,2,6,4264.88,0.0,-1.0,0.0,0.4476,0.0,0.0132
Skinny,1940,0.0,1090.9,-1090.9,0.0,0,2,1090.9,0.0,-1.0,0.0,1.0,0.0,0.0
Skinny,1941,2606.39,4727.24,-2120.85,-163.6364,1,7,2181.8,2545.44,0.0769,1.1667,0.4486,0.0,0.0146
Slim Straight,1502,5719.3594,6501.1694,-781.81,0.0,6,8,5410.2694,1090.9,-0.6644,0.2016,0.1203,0.0,0.0321
Slim Straight,1504,2545.42,4454.49,-1909.07,272.7273,3,7,4454.49,0.0,-1.0,0.0,0.4286,0.0577,0.0143
Slim Straight,1505,4181.78,4999.95,-818.17,0.0,4,6,2818.15,2181.8,-0.1273,0.7742,0.1636,0.0,0.0235
Slim Straight,1508,4497.7475,4497.7475,0.0,300.0,5,5,3406.8475,1090.9,-0.5149,0.3202,0.0,0.0625,0.0252
Slim Straight,1512,1071.8,2617.24,-1545.44,-236.3636,1,5,2617.24,0.0,-1.0,0.0,0.5905,0.0,0.006
Slim Straight,1514,4552.2218,5552.2118,-999.99,0.0,5,7,4461.3118,1090.9,-0.607,0.2445,0.1801,0.0,0.0255
Slim Straight,1515,-262.3426,646.7374,-909.08,300.0,0,2,646.7374,0.0,-1.0,0.0,1.4056,0.3169,-0.0015
Slim Straight,1516,6491.03,7000.11,-509.08,165.1545,7,9,5909.21,1090.9,-0.6883,0.1846,0.0727,0.0519,0.0364
Slim Straight,1519,3652.2699,3652.2699,0.0,0.0,4,4,3652.2699,0.0,-1.0,0.0,0.0,0.0,0.0205
Slim Straight,1521,181.82,1090.9,-909.08,0.0,0,2,0.0,1090.9,1.0,,0.8333,0.0,0.001
Slim Straight,1522,5454.48,6545.38,-1090.9,0.0,6,8,5454.48,1090.9,-0.6667,0.2,0.1667,0.0,0.0306
Slim Straight,1523,4435.5426,6217.3426,-1781.8,0.0,5,9,5435.5326,781.81,-0.7485,0.1438,0.2866,0.0,0.0249
Slim Straight,1525,2699.9709,2699.9709,0.0,300.0,3,3,909.08,1790.8909,0.3266,1.97,0.0,0.1,0.0151
Slim Straight,1528,1818.16,2818.15,-999.99,0.0,2,4,1818.16,999.99,-0.2903,0.55,0.3548,0.0,0.0102
Slim Straight,1529,3818.14,3818.14,0.0,0.0,4,4,3818.14,0.0,-1.0,0.0,0.0,0.0,0.0214
Slim Straight,1531,2727.24,2727.24,0.0,0.0,3,3,2727.24,0.0,-1.0,0.0,0.0,0.0,0.0153
Slim Straight,1532,5679.9799,6407.2399,-727.26,600.0,6,8,3525.4499,2881.79,-0.1005,0.8174,0.1135,0.0856,0.0319
Slim Straight,1533,4400.86,6273.57,-1872.71,600.0,5,9,3309.96,2963.61,-0.0552,0.8954,0.2985,0.0873,0.0247
Slim Straight,1535,1909.07,1909.07,0.0,0.0,2,2,1909.07,0.0,-1.0,0.0,0.0,0.0,0.0107
Slim Straight,1536,3818.14,3818.14,0.0,0.0,4,4,2727.24,1090.9,-0.4286,0.4,0.0,0.0,0.0214
Slim Straight,1538,1299.99,3909.05,-2609.06,-209.0909,1,7,2818.15,1090.9,-0.4419,0.3871,0.6674,0.0,0.0073
Slim Straight,1539,2765.5136,2765.5136,0.0,143.5454,3,3,1818.16,947.3536,-0.3149,0.5211,0.0,0.0493,0.0155
Slim Straight,1540,4818.13,5727.21,-909.08,0.0,5,7,3545.41,2181.8,-0.2381,0.6154,0.1587,0.0,0.027
Slim Straight,1541,1299.99,1999.98,-699.99,-300.0,1,3,909.08,1090.9,0.0909,1.2,0.35,0.0,0.0073
Slim Straight,1542,5418.12,6327.2,-909.08,218.1818,6,8,5454.48,872.72,-0.7241,0.16,0.1437,0.0333,0.0304
Slim Straight,1544,703.08,2521.24,-1818.16,0.0,1,5,2521.24,0.0,-1.0,0.0,0.7211,0.0,0.0039
Slim Straight,1546,-64.1445,2942.9355,-3007.08,-83.8,0,6,1852.0355,1090.9,-0.2586,0.589,1.0218,0.0,-0.0004
Slim Straight,1547,4825.1938,5525.1838,-699.99,-105.5546,5,7,5525.1838,0.0,-1.0,0.0,0.1267,0.034,0.0271
Slim Straight,1548,3518.14,3518.14,0.0,300.0,4,4,2818.15,699.99,-0.6021,0.2484,0.0,0.0786,0.0197
Slim Straight,1549,1121.39,3685.0,-2563.61,-85.0455,1,7,2818.15,866.85,-0.5295,0.3076,0.6957,0.0349,0.0063
Slim Straight,1550,3818.14,3818.14,0.0,0.0,4,4,2727.24,1090.9,-0.4286,0.4,0.0,0.0,0.0214
Slim Straight,1551,4656.3374,5535.4174,-879.08,137.9273,5,7,4444.5174,1090.9,-0.6058,0.2454,0.1588,0.0243,0.0261
Slim Straight,1553,4652.3532,4652.3532,0.0,0.0,5,5,3561.4532,1090.9,-0.531,0.3063,0.0,0.0,0.0261
Slim Straight,1554,2727.24,2727.24,0.0,0.0,3,3,2727.24,0.0,-1.0,0.0,0.0,0.0,0.0153
Slim Straight,1555,6196.29,7105.37,-909.08,300.0,7,9,5314.48,1790.89,-0.4959,0.337,0.1279,0.0405,0.0348
Slim Straight,1557,-881.81,909.08,-1790.89,-300.0,-1,3,909.08,0.0,-1.0,0.0,1.97,0.0,-0.0049
Slim Straight,1558,6909.02,7818.1,-909.08,0.0,7,9,5636.3,2181.8,-0.4419,0.3871,0.1163,0.0,0.0387
Slim Straight,1559,1114.04,3886.74,-2772.7,-190.9091,1,7,3886.74,0.0,-1.0,0.0,0.7134,0.0,0.0062
Slim Straight,1561,3576.6586,3576.6586,0.0,0.0,4,4,3576.6586,0.0,-1.0,0.0,0.0,0.0,0.0201
Slim Straight,1562,1796.24,3614.4,-1818.16,0.0,2,6,3614.4,0.0,-1.0,0.0,0.503,0.0,0.0101
Slim Straight,1566,993.94,2603.01,-1609.07,300.0,1,5,1903.02,699.99,-0.4622,0.3678,0.6182,0.1033,0.0056
Slim Straight,1567,995.9192,2797.8492,-1801.93,-107.1454,1,5,2797.8492,0.0,-1.0,0.0,0.644,0.0,0.0056
Slim Straight,1568,2818.15,3818.14,-999.99,0.0,3,5,2727.24,1090.9,-0.4286,0.4,0.2619,0.0,0.0158
Slim Straight,1569,1776.56,1776.56,0.0,0.0,2,2,1776.56,0.0,-1.0,0.0,0.0,0.0,0.01
Slim Straight,1571,1909.07,1909.07,0.0,0.0,2,2,1909.07,0.0,-1.0,0.0,0.0,0.0,0.0107
Slim Straight,1572,1818.16,1818.16,0.0,0.0,2,2,1818.16,0.0,-1.0,0.0,0.0,0.0,0.0102
Slim Straight,1573,-962.29,1646.77,-2609.06,0.0,-1,5,1646.77,0.0,-1.0,0.0,1.5843,0.1541,-0.0054
Slim Straight,1574,3872.69,4781.77,-909.08,0.0,4,6,4781.77,0.0,-1.0,0.0,0.1901,0.0,0.0217
Slim Straight,1576,4999.95,4999.95,0.0,0.0,5,5,3909.05,1090.9,-0.5636,0.2791,0.0,0.0,0.028
Slim Straight,1580,2347.24,4438.13,-2090.89,300.0,3,7,3347.23,1090.9,-0.5084,0.3259,0.4711,0.0633,0.0132
Slim Straight,1582,4545.41,5545.4,-999.99,327.2727,5,7,2909.06,2636.34,-0.0492,0.9063,0.1803,0.0557,0.0255
Slim Straight,1583,818.17,818.17,0.0,0.0,1,1,0.0,818.17,1.0,,0.0,0.0,0.0046
Slim Straight,1584,1146.3751,1782.7251,-636.35,-272.7273,1,3,1782.7251,0.0,-1.0,0.0,0.357,0.0,0.0064
Slim Straight,1585,7363.55,7363.55,0.0,0.0,8,8,7363.55,0.0,-1.0,0.0,0.0,0.0,0.0413
Slim Straight,1587,1818.16,1818.16,0.0,0.0,2,2,1818.16,0.0,-1.0,0.0,0.0,0.0,0.0102
Slim Straight,1588,2999.97,3699.96,-699.99,0.0,3,5,2609.06,1090.9,-0.4103,0.4181,0.1892,0.075,0.0168
Slim Straight,1590,1999.9782,2909.0582,-909.08,0.0,2,4,2909.0582,0.0,-1.0,0.0,0.3125,0.0,0.0112
Slim Straight,1591,661.952,1752.852,-1090.9,0.0,1,3,1752.852,0.0,-1.0,0.0,0.6224,0.0,0.0037
Slim Straight,1592,3837.05,3837.05,0.0,0.0,4,4,2746.15,1090.9,-0.4314,0.3972,0.0,0.0,0.0215
Slim Straight,1594,3636.32,4336.31,-699.99,0.0,4,6,4336.31,0.0,-1.0,0.0,0.1614,0.0647,0.0204
Slim Straight,1595,398.45,1999.98,-1601.53,0.0,0,4,909.08,1090.9,0.0909,1.2,0.8008,0.0,0.0022
Slim Straight,1596,5999.94,5999.94,0.0,0.0,6,6,3818.14,2181.8,-0.2727,0.5714,0.0,0.0,0.0336
Slim Straight,1597,2044.7,4608.31,-2563.61,0.0,2,8,4608.31,0.0,-1.0,0.0,0.5563,0.0,0.0115
Slim Straight,1600,-909.08,0.0,-909.08,0.0,-1,1,0.0,0.0,,,,,-0.0051
Slim Straight,1603,3556.26,5727.21,-2170.95,-610.8364,3,9,4636.31,1090.9,-0.619,0.2353,0.3791,0.0,0.0199
Slim Straight,1604,999.99,999.99,0.0,0.0,1,1,999.99,0.0,-1.0,0.0,0.0,0.0,0.0056
Slim Straight,1607,4390.87,5090.86,-699.99,-300.0,4,6,1818.16,3272.7,0.2857,1.8,0.1375,0.0,0.0246
Slim Straight,1610,1724.4757,1724.4757,0.0,0.0,2,2,1724.4757,0.0,-1.0,0.0,0.0,0.0,0.0097
Slim Straight,1611,909.08,909.08,0.0,0.0,1,1,909.08,0.0,-1.0,0.0,0.0,0.0,0.0051
Slim Straight,1612,6727.2,6727.2,0.0,0.0,7,7,4545.4,2181.8,-0.3513,0.48,0.0,0.0,0.0377
Slim Straight,1619,4718.7211,4718.7211,0.0,409.0909,5,5,855.1211,3863.6,0.6376,4.5182,0.0,0.0798,0.0265
Slim Straight,1621,7669.9621,7669.9621,0.0,300.0,9,9,6579.0621,1090.9,-0.7155,0.1658,0.0,0.0376,0.043
Slim Straight,1623,1709.07,2490.88,-781.81,600.0,2,4,699.99,1790.89,0.438,2.5585,0.3139,0.1941,0.0096
Slim Straight,1625,6454.47,7363.55,-909.08,0.0,7,9,7363.55,0.0,-1.0,0.0,0.1235,0.0,0.0362
Slim Straight,1626,4699.95,5699.94,-999.99,0.0,5,7,3518.14,2181.8,-0.2344,0.6202,0.1754,0.0,0.0264
Slim Straight,1627,1090.9,1090.9,0.0,0.0,1,1,0.0,1090.9,1.0,,0.0,0.0,0.0061
Slim Straight,1629,-912.65,0.0,-912.65,-178.2546,-1,1,0.0,0.0,,,,,-0.0051
Slim Straight,1630,3699.96,4609.04,-909.08,300.0,4,6,2818.15,1790.89,-0.2229,0.6355,0.1972,0.0611,0.0208
Slim Straight,1632,999.99,1909.07,-909.08,0.0,1,3,1909.07,0.0,-1.0,0.0,0.4762,0.0,0.0056
Slim Straight,1633,699.99,699.99,0.0,300.0,1,1,0.0,699.99,1.0,,0.0,0.3,0.0039
Slim Straight,1634,2181.8,2181.8,0.0,0.0,2,2,0.0,2181.8,1.0,,0.0,0.0,0.0122
Slim Straight,1635,981.81,1909.07,-927.26,-163.6364,1,3,1909.07,0.0,-1.0,0.0,0.4857,0.0,0.0055
Slim Straight,1638,4978.01,5824.03,-846.02,0.0,5,7,4733.13,1090.9,-0.6254,0.2305,0.1453,0.0,0.0279
Slim Straight,1639,909.08,909.08,0.0,0.0,1,1,909.08,0.0,-1.0,0.0,0.0,0.0,0.0051
Slim Straight,1642,399.99,2490.88,-2090.89,600.0,1,5,699.99,1790.89,0.438,2.5585,0.8394,0.1941,0.0022
Slim Straight,1644,4209.05,4909.04,-699.99,-300.0,4,6,3818.14,1090.9,-0.5556,0.2857,0.1426,0.0,0.0236
Slim Straight,1647,1299.99,2909.06,-1609.07,-300.0,1,5,1818.16,1090.9,-0.25,0.6,0.5531,0.0,0.0073
Slim Straight,1648,5436.6228,5436.6228,0.0,0.0,6,6,5436.6228,0.0,-1.0,0.0,0.0,0.0,0.0305
Slim Straight,1651,4609.04,6518.11,-1909.07,300.0,5,9,2727.24,3790.87,0.1632,1.39,0.2929,0.044,0.0258
Slim Straight,1652,7238.38,7518.1,-279.72,34.2727,7,9,4636.31,2881.79,-0.2334,0.6216,0.0372,0.0384,0.0406
Slim Straight,1655,1772.71,3481.78,-1709.07,136.3636,2,6,2390.88,1090.9,-0.3734,0.4563,0.4909,0.0793,0.0099
Slim Straight,1657,1929.6971,4438.757,-2509.06,-272.7273,2,8,4438.757,0.0,-1.0,0.0,0.5653,0.0,0.0108
Slim Straight,1660,6560.54,7427.19,-866.65,166.6636,7,9,6336.29,1090.9,-0.7062,0.1722,0.1167,0.0388,0.0368
Slim Straight,1661,6818.11,6818.11,0.0,0.0,7,7,4636.31,2181.8,-0.36,0.4706,0.0,0.0,0.0382
Slim Straight,1665,5311.67,6402.57,-1090.9,300.0,6,8,5311.67,1090.9,-0.6592,0.2054,0.1704,0.0448,0.0298
Slim Straight,1668,-1568.16,0.0,-1568.16,-431.8182,-2,2,0.0,0.0,,,,,-0.0088
Slim Straight,1669,3609.05,3609.05,0.0,300.0,4,4,2909.06,699.99,-0.6121,0.2406,0.0,0.0767,0.0202
Slim Straight,1670,7557.3326,7557.3326,0.0,0.0,8,8,6466.4326,1090.9,-0.7113,0.1687,0.0,0.0,0.0424
Slim Straight,1671,-346.46,909.08,-1255.54,-300.0,-1,3,909.08,0.0,-1.0,0.0,1.3811,0.0,-0.0019
Slim Straight,1675,6636.29,7636.28,-999.99,0.0,7,9,6545.38,1090.9,-0.7143,0.1667,0.131,0.0,0.0372
Slim Straight,1680,2818.1518,3909.0518,-1090.9,0.0,3,5,2818.1518,1090.9,-0.4419,0.3871,0.2791,0.0,0.0158
Slim Straight,1681,2828.25,4727.22,-1898.97,0.0,3,7,4727.22,0.0,-1.0,0.0,0.4017,0.0,0.0159
Slim Straight,1683,909.08,909.08,0.0,0.0,1,1,909.08,0.0,-1.0,0.0,0.0,0.0,0.0051
Slim Straight,1686,3794.14,3794.14,0.0,0.0,4,4,2703.24,1090.9,-0.425,0.4036,0.0,0.0,0.0213
Slim Straight,1689,3818.14,5999.94,-2181.8,0.0,4,8,3818.14,2181.8,-0.2727,0.5714,0.3636,0.0,0.0214
Slim Straight,1690,4161.145,4706.595,-545.45,0.0,4,6,3615.695,1090.9,-0.5364,0.3017,0.1159,0.0,0.0233
Slim Straight,1692,7616.28,7616.28,0.0,0.0,8,8,5434.48,2181.8,-0.4271,0.4015,0.0,0.0,0.0427
Slim Straight,1693,6909.02,7818.1,-909.08,0.0,7,9,3636.32,4181.78,0.0698,1.15,0.1163,0.0,0.0387
Slim Straight,1695,-699.99,0.0,-699.99,0.0,-1,1,0.0,0.0,,,,,-0.0039
Slim Straight,1698,2027.25,3809.05,-1781.8,0.0,2,6,3809.05,0.0,-1.0,0.0,0.4678,0.0,0.0114
Slim Straight,1704,1818.16,1818.16,0.0,0.0,2,2,1818.16,0.0,-1.0,0.0,0.0,0.0,0.0102
Slim Straight,1706,1818.1618,1818.1618,0.0,0.0,2,2,1818.1618,0.0,-1.0,0.0,0.0,0.0,0.0102
Slim Straight,1710,2828.06,2828.06,0.0,0.0,3,3,1737.16,1090.9,-0.2285,0.628,0.0,0.0,0.0159
Slim Straight,1711,3715.2044,3715.2044,0.0,454.5454,5,5,2806.1244,909.08,-0.5106,0.324,0.0,0.109,0.0208
Slim Straight,1712,-909.08,999.99,-1909.07,0.0,-1,3,999.99,0.0,-1.0,0.0,1.9091,0.0,-0.0051
Slim Straight,1713,2090.89,2090.89,0.0,0.0,2,2,999.99,1090.9,0.0435,1.0909,0.0,0.0,0.0117
Slim Straight,1715,4090.87,4790.86,-699.99,0.0,4,6,1909.07,2881.79,0.203,1.5095,0.1461,0.0589,0.0229
Slim Straight,1716,3060.21,3060.21,0.0,474.4727,4,4,1380.05,1680.16,0.0981,1.2175,0.0,0.1342,0.0172
Slim Straight,1717,2999.97,2999.97,0.0,0.0,3,3,1909.07,1090.9,-0.2727,0.5714,0.0,0.0,0.0168
Slim Straight,1718,4072.9849,4072.9849,0.0,756.5182,5,5,3529.5149,543.47,-0.7331,0.154,0.0,0.1566,0.0228
Slim Straight,1719,1090.9,1999.98,-909.08,0.0,1,3,1999.98,0.0,-1.0,0.0,0.4545,0.0,0.0061
Slim Straight,1720,818.17,1818.16,-999.99,0.0,1,3,1818.16,0.0,-1.0,0.0,0.55,0.0,0.0046
Slim Straight,1724,1781.8,1781.8,0.0,0.0,2,2,1781.8,0.0,-1.0,0.0,0.0,0.0,0.01
Slim Straight,1732,1218.17,1999.98,-781.81,0.0,1,3,909.08,1090.9,0.0909,1.2,0.3909,0.0,0.0068
Slim Straight,1733,2909.06,2909.06,0.0,0.0,3,3,1818.16,1090.9,-0.25,0.6,0.0,0.0,0.0163
Slim Straight,1734,-0.01,3336.32,-3336.33,118.1818,0,8,1818.16,1518.16,-0.0899,0.835,1.0,0.0961,-0.0
Slim Straight,1739,4622.5086,4622.5086,0.0,0.0,5,5,4622.5086,0.0,-1.0,0.0,0.0,0.0,0.0259
Slim Straight,1742,2818.15,2818.15,0.0,0.0,3,3,2818.15,0.0,-1.0,0.0,0.0,0.0,0.0158
Slim Straight,1744,1301.74,2409.06,-1107.32,-174.4727,1,5,1818.16,590.9,-0.5094,0.325,0.4596,0.1452,0.0073
Slim Straight,1745,2727.24,2727.24,0.0,0.0,3,3,2727.24,0.0,-1.0,0.0,0.0,0.0,0.0153
Slim Straight,1747,5390.8618,5818.1218,-427.26,-354.5454,5,7,4727.2218,1090.9,-0.625,0.2308,0.0734,0.0,0.0302
Slim Straight,1748,3354.5,4445.4,-1090.9,0.0,4,6,4445.4,0.0,-1.0,0.0,0.2454,0.0,0.0188
Slim Straight,1750,2309.06,2309.06,0.0,600.0,3,3,909.08,1399.98,0.2126,1.54,0.0,0.2063,0.013
Slim Straight,1753,845.45,1818.16,-972.71,-590.9091,0,4,1818.16,0.0,-1.0,0.0,0.535,0.0,0.0047
Slim Straight,1754,909.08,909.08,0.0,0.0,1,1,909.08,0.0,-1.0,0.0,0.0,0.0,0.0051
Slim Straight,1755,1499.98,1499.98,0.0,409.0909,2,2,909.08,590.9,-0.2121,0.65,0.0,0.2143,0.0084
Slim Straight,1759,6474.5967,7474.5867,-999.99,409.0909,7,9,3610.9867,3863.6,0.0338,1.07,0.1338,0.0519,0.0363
Slim Straight,1760,6045.39,6636.29,-590.9,0.0,6,8,5545.39,1090.9,-0.6712,0.1967,0.089,0.0,0.0339
Slim Straight,1761,7090.84,7090.84,0.0,0.0,7,7,2727.24,4363.6,0.2308,1.6,0.0,0.0,0.0398
Slim Straight,1762,3727.23,3727.23,0.0,0.0,4,4,3727.23,0.0,-1.0,0.0,0.0,0.0,0.0209
Slim Straight,1763,3909.05,4909.04,-999.99,0.0,4,6,2727.24,2181.8,-0.1111,0.8,0.2037,0.0,0.0219
Slim Straight,1765,6350.0244,6350.0244,0.0,300.0,7,7,5259.1244,1090.9,-0.6564,0.2074,0.0,0.0451,0.0356
Slim Straight,1768,454.54,999.99,-545.45,-236.3636,0,2,999.99,0.0,-1.0,0.0,0.5455,0.0,0.0025
Slim Straight,1769,1502.0307,2502.0207,-999.99,300.0,2,4,2502.0207,0.0,-1.0,0.0,0.3997,0.1071,0.0084
Slim Straight,1775,936.35,4418.13,-3481.78,-300.0,1,9,3636.32,781.81,-0.6461,0.215,0.7881,0.0,0.0053
Slim Straight,1776,636.35,2727.24,-2090.89,0.0,1,5,2727.24,0.0,-1.0,0.0,0.7667,0.0,0.0036
Slim Straight,1779,2027.25,2727.24,-699.99,-300.0,2,4,2727.24,0.0,-1.0,0.0,0.2567,0.0,0.0114
Slim Straight,1780,3545.42,5090.86,-1545.44,-236.3636,3,7,2909.06,2181.8,-0.1429,0.75,0.3036,0.0,0.0199
Slim Straight,1781,1941.6459,1941.6459,0.0,0.0,2,2,850.7459,1090.9,0.1237,1.2823,0.0,0.0,0.0109
Slim Straight,1783,858.08,858.08,0.0,0.0,1,1,858.08,0.0,-1.0,0.0,0.0,0.0,0.0048
Slim Straight,1784,2481.0909,2481.0909,0.0,300.0,3,3,1781.1009,699.99,-0.4357,0.393,0.0,0.1079,0.0139
Slim Straight,1785,2428.506,2428.506,0.0,545.4545,4,4,2428.506,0.0,-1.0,0.0,0.0,0.1834,0.0136
Slim Straight,1787,2090.89,2090.89,0.0,0.0,2,2,999.99,1090.9,0.0435,1.0909,0.0,0.0,0.0117
Slim Straight,1788,-90.91,1799.07,-1889.98,0.0,0,4,1799.07,0.0,-1.0,0.0,1.0505,0.0,-0.0005
Slim Straight,1789,6818.11,7727.19,-909.08,0.0,7,9,5545.39,2181.8,-0.4353,0.3934,0.1176,0.0,0.0382
Slim Straight,1790,1090.9,1090.9,0.0,0.0,1,1,0.0,1090.9,1.0,,0.0,0.0,0.0061
Slim Straight,1791,1609.07,1609.07,0.0,300.0,2,2,1609.07,0.0,-1.0,0.0,0.0,0.1571,0.009
Slim Straight,1792,909.08,909.08,0.0,0.0,1,1,909.08,0.0,-1.0,0.0,0.0,0.0,0.0051
Slim Straight,1801,5612.3,6375.93,-763.63,0.0,6,8,4521.4,1854.53,-0.4183,0.4102,0.1198,0.0488,0.0315
Slim Straight,1804,7626.121,7626.121,0.0,0.0,8,8,5444.321,2181.8,-0.4278,0.4007,0.0,0.0,0.0428
Slim Straight,1817,5693.5433,5693.5433,0.0,0.0,6,6,4602.6433,1090.9,-0.6168,0.237,0.0,0.0,0.0319
Slim Straight,1820,3179.2835,4088.3635,-909.08,455.6454,4,6,4088.3635,0.0,-1.0,0.0,0.2224,0.1003,0.0178
Slim Straight,1824,3567.9787,5567.9587,-1999.98,0.0,4,8,5567.9587,0.0,-1.0,0.0,0.3592,0.0,0.02
Slim Straight,1829,3909.05,3909.05,0.0,0.0,4,4,2818.15,1090.9,-0.4419,0.3871,0.0,0.0,0.0219
Slim Straight,1831,5090.86,5090.86,0.0,0.0,5,5,1818.16,3272.7,0.2857,1.8,0.0,0.0,0.0286
Slim Straight,1832,3039.1,4739.08,-1699.98,260.8727,3,7,2818.15,1920.93,-0.1893,0.6816,0.3587,0.0522,0.017
Slim Straight,1833,4283.59,5909.03,-1625.44,-156.3636,4,8,3727.23,2181.8,-0.2615,0.5854,0.2751,0.0,0.024
Slim Straight,1834,1761.16,2670.24,-909.08,0.0,2,4,2670.24,0.0,-1.0,0.0,0.3404,0.0,0.0099
Slim Straight,1836,1545.4418,3090.8818,-1545.44,-236.3636,1,5,909.0818,2181.8,0.4118,2.4,0.5,0.0,0.0087
Slim Straight,1840,5427.21,5427.21,0.0,300.0,6,6,4727.22,699.99,-0.742,0.1481,0.0,0.0524,0.0304
Slim Straight,1851,1818.16,1818.16,0.0,0.0,2,2,1818.16,0.0,-1.0,0.0,0.0,0.0,0.0102
Slim Straight,1853,4245.41,5727.21,-1481.8,0.0,4,8,4636.31,1090.9,-0.619,0.2353,0.2587,0.0,0.0238
Slim Straight,1854,3369.29,4058.62,-689.33,524.0727,4,6,2709.98,1348.64,-0.3354,0.4977,0.1698,0.1144,0.0189
Slim Straight,1856,5727.21,6636.29,-909.08,0.0,6,8,5545.39,1090.9,-0.6712,0.1967,0.137,0.0,0.0321
Slim Straight,1857,909.08,1818.16,-909.08,0.0,1,3,1818.16,0.0,-1.0,0.0,0.5,0.0,0.0051
Slim Straight,1858,-825.46,1656.16,-2481.62,-457.0909,-1,5,1656.16,0.0,-1.0,0.0,1.4984,0.0,-0.0046
Slim Straight,1860,2090.5,4790.47,-2699.97,-181.4273,2,8,2727.24,2063.23,-0.1386,0.7565,0.5636,0.0242,0.0117
Slim Straight,1861,909.08,909.08,0.0,0.0,1,1,909.08,0.0,-1.0,0.0,0.0,0.0,0.0051
Slim Straight,1867,-999.99,1090.9,-2090.89,0.0,-1,3,0.0,1090.9,1.0,,1.9167,0.0,-0.0056
Slim Straight,1869,2909.06,2909.06,0.0,0.0,3,3,2909.06,0.0,-1.0,0.0,0.0,0.0,0.0163
Slim Straight,1872,5545.114,5545.114,0.0,0.0,6,6,5545.114,0.0,-1.0,0.0,0.0,0.0,0.0311
Slim Straight,1877,2272.7,3818.14,-1545.44,-236.3636,2,6,3818.14,0.0,-1.0,0.0,0.4048,0.0,0.0127
Slim Straight,1878,6173.47,6173.47,0.0,0.0,7,7,6173.47,0.0,-1.0,0.0,0.0,0.0,0.0346
Slim Straight,1880,999.99,999.99,0.0,0.0,1,1,999.99,0.0,-1.0,0.0,0.0,0.0,0.0056
Slim Straight,1881,181.82,1999.98,-1818.16,0.0,0,4,1999.98,0.0,-1.0,0.0,0.9091,0.0,0.001
Slim Straight,1882,4636.31,4636.31,0.0,0.0,5,5,4636.31,0.0,-1.0,0.0,0.0,0.0,0.026
Slim Straight,1886,6090.85,6090.85,0.0,0.0,6,6,2818.15,3272.7,0.0746,1.1613,0.0,0.0,0.0342
Slim Straight,1887,181.82,1090.9,-909.08,0.0,0,2,0.0,1090.9,1.0,,0.8333,0.0,0.001
Slim Straight,1888,909.08,909.08,0.0,0.0,1,1,909.08,0.0,-1.0,0.0,0.0,0.0,0.0051
Slim Straight,1889,4633.3344,6489.7644,-1856.43,-143.5454,5,9,5398.8644,1090.9,-0.6638,0.2021,0.2861,0.0,0.026
Slim Straight,1892,2136.34,2727.24,-590.9,-190.9091,2,4,2727.24,0.0,-1.0,0.0,0.2167,0.0,0.012
Slim Straight,1893,3242.3196,4706.9496,-1464.63,116.2818,3,7,3616.0496,1090.9,-0.5365,0.3017,0.3112,0.0241,0.0182
Slim Straight,1894,3655.4356,5237.2356,-1581.8,50.6182,5,9,5237.2356,0.0,-1.0,0.0,0.302,0.0822,0.0205
Slim Straight,1895,1686.363,2595.443,-909.08,0.0,2,4,2595.443,0.0,-1.0,0.0,0.3503,0.0,0.0095
Slim Straight,1897,1999.98,1999.98,0.0,0.0,2,2,909.08,1090.9,0.0909,1.2,0.0,0.0,0.0112
Slim Straight,1898,3866.76,5684.92,-1818.16,0.0,4,8,3503.12,2181.8,-0.2324,0.6228,0.3198,0.0,0.0217
Slim Straight,1900,-909.08,0.0,-909.08,0.0,-1,1,0.0,0.0,,,,,-0.0051
Slim Straight,1906,3730.1391,4730.1291,-999.99,0.0,4,6,4730.1291,0.0,-1.0,0.0,0.2114,0.0,0.0209
Slim Straight,1907,4010.9656,4010.9656,0.0,272.7273,5,5,4010.9656,0.0,-1.0,0.0,0.0,0.0637,0.0225
Slim Straight,1908,909.08,909.08,0.0,0.0,1,1,909.08,0.0,-1.0,0.0,0.0,0.0,0.0051
Slim Straight,1909,4909.04,4909.04,0.0,0.0,5,5,2727.24,2181.8,-0.1111,0.8,0.0,0.0,0.0275
Slim Straight,1910,-171.2543,774.1958,-945.45,-145.4546,0,2,774.1958,0.0,-1.0,0.0,1.2212,0.0,-0.001
Slim Straight,1911,-797.7422,2711.3078,-3509.05,0.0,-1,7,2711.3078,0.0,-1.0,0.0,1.2942,0.0,-0.0045
Slim Straight,1912,4699.22,5608.3,-909.08,0.0,5,7,4517.4,1090.9,-0.611,0.2415,0.1621,0.0,0.0264
Slim Straight,1914,2818.15,4909.04,-2090.89,0.0,3,7,3818.14,1090.9,-0.5556,0.2857,0.4259,0.0,0.0158
Slim Straight,1917,4986.81,5363.58,-376.77,-168.6727,5,7,3727.23,1636.35,-0.3898,0.439,0.0702,0.0422,0.028
Slim Straight,1918,3818.14,3818.14,0.0,0.0,4,4,3818.14,0.0,-1.0,0.0,0.0,0.0,0.0214
Slim Straight,1919,6735.38,7435.37,-699.99,0.0,7,9,6344.47,1090.9,-0.7066,0.1719,0.0941,0.0,0.0378
Slim Straight,1921,1564.9804,1953.8604,-388.88,296.9697,2,4,1953.8604,0.0,-1.0,0.0,0.199,0.1918,0.0088
Slim Straight,1924,1090.9,1090.9,0.0,0.0,1,1,0.0,1090.9,1.0,,0.0,0.0,0.0061
Slim Straight,1926,1272.72,3999.96,-2727.24,0.0,1,7,2909.06,1090.9,-0.4545,0.375,0.6818,0.0,0.0071
Slim Straight,1927,6491.0559,6491.0559,0.0,0.0,7,7,5432.1559,1058.9,-0.6737,0.1949,0.0,0.0,0.0364
Slim Straight,1929,3557.32,3557.32,0.0,0.0,4,4,3557.32,0.0,-1.0,0.0,0.0,0.0,0.02
Slim Straight,1930,3181.79,3909.05,-727.26,0.0,3,5,2818.15,1090.9,-0.4419,0.3871,0.186,0.0,0.0178
Slim Straight,1931,5636.3,6545.38,-909.08,0.0,6,8,6545.38,0.0,-1.0,0.0,0.1389,0.0,0.0316
Slim Straight,1934,1999.98,1999.98,0.0,0.0,2,2,909.08,1090.9,0.0909,1.2,0.0,0.0,0.0112
Slim Straight,1937,5739.25,5739.25,0.0,0.0,6,6,2818.15,2921.1,0.0179,1.0365,0.0,0.0,0.0322
Slim Straight,1938,-577.55,887.08,-1464.63,0.0,-1,3,887.08,0.0,-1.0,0.0,1.6511,0.0,-0.0032
Slim Straight,1939,-1163.32,3818.14,-4981.46,0.0,-1,9,2727.24,1090.9,-0.4286,0.4,1.3047,0.0,-0.0065
Slim Straight,1940,5520.39,5520.39,0.0,0.0,6,6,5520.39,0.0,-1.0,0.0,0.0,0.0,0.031
Straight,1512,4439.89,5530.79,-1090.9,105.5273,4,6,0.0,5530.79,1.0,,0.1972,0.0187,0.0249
Straight,1513,3159.07,5795.4,-2636.33,168.1818,3,9,1545.44,4249.96,0.4667,2.75,0.4549,0.0707,0.0177
Straight,1515,2116.21,2116.21,0.0,0.0,2,2,0.0,2116.21,1.0,,0.0,0.0,0.0119
Straight,1522,1090.9,2050.89,-959.99,0.0,1,3,0.0,2050.89,1.0,,0.4681,0.06,0.0061
Straight,1528,1582.82,3128.25,-1545.43,0.0,2,6,636.35,2491.9,0.5932,3.9159,0.494,0.0802,0.0089
Straight,1531,2817.6319,4855.0519,-2037.42,151.0727,3,7,696.0019,4159.05,0.7133,5.9756,0.4196,0.0574,0.0158
Straight,1536,4181.78,5272.68,-1090.9,0.0,4,6,1999.98,3272.7,0.2414,1.6364,0.2069,0.0,0.0235
Straight,1539,2038.42,5129.3,-3090.88,325.2,2,8,964.05,4165.25,0.6241,4.3206,0.6026,0.0596,0.0114
Straight,1540,6945.39,8036.29,-1090.9,327.2727,7,9,1818.16,6218.13,0.5475,3.42,0.1357,0.0391,0.039
Straight,1544,3119.28,5301.08,-2181.8,153.4182,3,7,1090.9,4210.18,0.5884,3.8594,0.4116,0.0281,0.0175
Straight,1547,6268.8091,7359.7091,-1090.9,185.6818,6,8,4181.78,3177.9291,-0.1364,0.7599,0.1482,0.0246,0.0352
Straight,1548,-1181.81,830.03,-2011.84,0.0,-1,3,0.0,830.03,1.0,,2.4238,0.2391,-0.0066
Straight,1550,3181.79,4363.6,-1181.81,0.0,3,5,0.0,4363.6,1.0,,0.2708,0.0,0.0178
Straight,1554,8697.54,8697.54,0.0,120.5727,8,8,1090.9,7606.64,0.7491,6.9728,0.0,0.0137,0.0488
Straight,1562,1090.9,1090.9,0.0,0.0,1,1,0.0,1090.9,1.0,,0.0,0.0,0.0061
Straight,1567,7456.3036,7456.3036,0.0,490.9091,8,8,2727.24,4729.0636,0.2685,1.734,0.0,0.0618,0.0418
Straight,1568,2818.16,5036.32,-2218.16,0.0,2,8,3090.88,1945.44,-0.2274,0.6294,0.4404,0.061,0.0158
Straight,1571,119.75,3067.08,-2947.33,152.9909,0,6,0.0,3067.08,1.0,,0.961,0.0882,0.0007
Straight,1580,2824.43,5097.14,-2272.71,0.0,3,7,0.0,5097.14,1.0,,0.4459,0.0,0.0158
Straight,1584,4454.51,4454.51,0.0,0.0,4,4,0.0,4454.51,1.0,,0.0,0.0,0.025
Straight,1587,-1434.27,1838.43,-3272.7,327.2727,0,6,0.0,1838.43,1.0,,1.7802,0.1511,-0.008
Straight,1600,1753.9845,4844.8645,-3090.88,327.2727,2,8,1672.71,3172.1545,0.3095,1.8964,0.638,0.0633,0.0098
Straight,1601,90.91,2181.8,-2090.89,0.0,0,4,1090.9,1090.9,0.0,1.0,0.9583,0.0,0.0005
Straight,1607,2998.07,4792.04,-1793.97,380.6364,3,7,1809.07,2982.97,0.245,1.6489,0.3744,0.0736,0.0168
Straight,1609,3197.5235,4124.7835,-927.26,-32.7273,3,5,0.0,4124.7835,1.0,,0.2248,0.0308,0.0179
Straight,1611,2832.7633,3923.6633,-1090.9,327.2727,3,5,763.63,3160.0333,0.6108,4.1382,0.278,0.077,0.0159
Straight,1612,3272.7,3272.7,0.0,0.0,3,3,0.0,3272.7,1.0,,0.0,0.0,0.0184
Straight,1617,2272.71,2272.71,0.0,0.0,2,2,0.0,2272.71,1.0,,0.0,0.0,0.0127
Straight,1619,1116.3453,4687.2153,-3570.87,259.4454,1,9,612.1553,4075.06,0.7388,6.6569,0.7618,0.0749,0.0063
Straight,1627,5540.32,6358.49,-818.17,0.0,5,7,999.99,5358.5,0.6855,5.3586,0.1287,0.0,0.0311
Straight,1629,5498.66,5498.66,0.0,46.7546,5,5,0.0,5498.66,1.0,,0.0,0.0084,0.0308
Straight,1633,-919.37,0.0,-919.37,-171.5273,-1,1,0.0,0.0,,,,,-0.0052
Straight,1635,4167.24,5167.23,-999.99,196.3636,4,6,909.08,4258.15,0.6481,4.684,0.1935,0.0366,0.0234
Straight,1639,8714.22,8714.22,0.0,194.8,8,8,0.0,8714.22,1.0,,0.0,0.0219,0.0489
Straight,1642,1858.96,5040.75,-3181.79,242.4273,2,8,0.0,5040.75,1.0,,0.6312,0.0459,0.0104
Straight,1648,7492.5945,7492.5945,0.0,612.5909,8,8,1624.97,5867.6245,0.5662,3.6109,0.0,0.0756,0.042
Straight,1653,2619.9264,4801.7264,-2181.8,492.5364,3,7,909.08,3892.6464,0.6214,4.282,0.4544,0.093,0.0147
Straight,1656,4686.32,4686.32,0.0,768.1818,5,5,0.0,4686.32,1.0,,0.0,0.1408,0.0263
Straight,1664,1941.11,3323.61,-1382.5,0.0,1,5,0.0,3323.61,1.0,,0.416,0.0,0.0109
Straight,1668,3324.86,4236.33,-911.47,38.7545,3,5,0.0,4236.33,1.0,,0.2152,0.049,0.0186
Straight,1670,4579.79,5670.69,-1090.9,783.7909,5,7,1090.9,4579.79,0.6152,4.1982,0.1924,0.1214,0.0257
Straight,1682,1090.9,1090.9,0.0,0.0,1,1,0.0,1090.9,1.0,,0.0,0.0,0.0061
Straight,1683,744.31,2802.15,-2057.84,346.5818,1,5,0.0,2802.15,1.0,,0.7344,0.1438,0.0042
Straight,1684,6711.045,6711.045,0.0,436.3636,7,7,3511.075,3199.97,-0.0464,0.9114,0.0,0.0611,0.0376
Straight,1691,1181.81,1181.81,0.0,0.0,1,1,0.0,1181.81,1.0,,0.0,0.0,0.0066
Straight,1697,5066.9,5066.9,0.0,478.5091,5,5,0.0,5066.9,1.0,,0.0,0.0863,0.0284
Straight,1698,5920.5425,7544.7925,-1624.25,0.0,5,9,954.54,6590.2525,0.747,6.9041,0.2153,0.0,0.0332
Straight,1702,4290.87,5381.77,-1090.9,163.6364,4,6,0.0,5381.77,1.0,,0.2027,0.0295,0.0241
Straight,1704,5345.41,5345.41,0.0,381.8182,5,5,1090.9,4254.51,0.5918,3.9,0.0,0.0667,0.03
Straight,1707,341.5308,341.5308,0.0,636.3636,1,1,0.0,341.5308,1.0,,0.0,0.6507,0.0019
Straight,1710,1853.5,1853.5,0.0,328.3,2,2,0.0,1853.5,1.0,,0.0,0.1505,0.0104
Straight,1711,5472.68,6381.76,-909.08,163.6364,5,7,1090.9,5290.86,0.6581,4.85,0.1424,0.025,0.0307
Straight,1716,7122.19,7122.19,0.0,423.2,7,7,1727.25,5394.94,0.515,3.1234,0.0,0.0561,0.0399
Straight,1717,3101.79,3101.79,0.0,261.8182,3,3,0.0,3101.79,1.0,,0.0,0.0778,0.0174
Straight,1720,2181.8,2181.8,0.0,0.0,2,2,0.0,2181.8,1.0,,0.0,0.0,0.0122
Straight,1723,939.85,939.85,0.0,151.0454,1,1,0.0,939.85,1.0,,0.0,0.1385,0.0053
Straight,1724,763.63,763.63,0.0,327.2727,1,1,0.0,763.63,1.0,,0.0,0.3,0.0043
Straight,1733,1090.9,1090.9,0.0,0.0,1,1,0.0,1090.9,1.0,,0.0,0.0,0.0061
Straight,1739,7288.2,7288.2,0.0,257.1818,7,7,1999.98,5288.22,0.4512,2.6441,0.0,0.0341,0.0409
Straight,1742,4994.18,5868.13,-873.95,551.2364,5,7,0.0,5868.13,1.0,,0.1489,0.1158,0.028
Straight,1745,912.65,912.65,0.0,178.2546,1,1,0.0,912.65,1.0,,0.0,0.1634,0.0051
Straight,1748,3727.23,5818.12,-2090.89,545.4545,4,8,909.08,4909.04,0.6875,5.4,0.3594,0.0857,0.0209
Straight,1753,1181.81,1181.81,0.0,0.0,1,1,0.0,1181.81,1.0,,0.0,0.0,0.0066
Straight,1754,5999.94,5999.94,0.0,272.7273,6,6,2636.33,3363.61,0.1212,1.2759,0.0,0.0435,0.0336
Straight,1755,-765.53,2181.8,-2947.33,-143.5454,-1,5,0.0,2181.8,1.0,,1.3509,0.0,-0.0043
Straight,1762,3272.7,3272.7,0.0,0.0,3,3,0.0,3272.7,1.0,,0.0,0.0,0.0184
Straight,1768,5976.13,6279.16,-303.03,569.2636,6,8,1227.26,5051.9,0.6091,4.1164,0.0483,0.1145,0.0335
Straight,1770,1090.9,1090.9,0.0,0.0,1,1,1090.9,0.0,-1.0,0.0,0.0,0.0,0.0061
Straight,1779,1154.15,3154.13,-1999.98,118.5727,1,5,1090.9,2063.23,0.3083,1.8913,0.6341,0.0362,0.0065
Straight,1781,1090.9,1090.9,0.0,0.0,1,1,0.0,1090.9,1.0,,0.0,0.0,0.0061
Straight,1783,-1690.89,0.0,-1690.89,-490.9091,-2,2,0.0,0.0,,,,,-0.0095
Straight,1784,2018.16,3109.06,-1090.9,163.6364,2,4,1090.9,2018.16,0.2982,1.85,0.3509,0.05,0.0113
Straight,1785,3454.51,5399.95,-1945.44,-0.0,3,7,0.0,5399.95,1.0,,0.3603,0.0571,0.0194
Straight,1787,1272.72,2363.62,-1090.9,0.0,1,3,0.0,2363.62,1.0,,0.4615,0.0,0.0071
Straight,1789,3090.88,3090.88,0.0,272.7273,3,3,0.0,3090.88,1.0,,0.0,0.0811,0.0173
Straight,1790,4316.83,4316.83,0.0,219.1091,5,5,326.34,3990.49,0.8488,12.228,0.0,0.0483,0.0242
Straight,1791,3262.8656,4130.4056,-867.54,90.9091,3,5,1857.6956,2272.71,0.1005,1.2234,0.21,0.0513,0.0183
Straight,1792,927.26,927.26,0.0,163.6364,1,1,0.0,927.26,1.0,,0.0,0.15,0.0052
Straight,1824,3399.12,6184.46,-2785.34,146.3091,3,9,1854.53,4329.93,0.4003,2.3348,0.4504,0.0929,0.0191
Straight,1849,1611.84,3793.64,-2181.8,479.0454,2,6,636.35,3157.29,0.6645,4.9616,0.5751,0.1121,0.009
Straight,1851,5160.0516,6065.2616,-905.21,-185.6909,5,7,2701.6516,3363.61,0.1091,1.245,0.1492,0.0,0.0289
Straight,1854,3829.05,6283.58,-2454.53,261.8182,4,8,1090.9,5192.68,0.6528,4.76,0.3906,0.04,0.0215
Straight,1858,3771.66,3771.66,0.0,591.9455,4,4,0.0,3771.66,1.0,,0.0,0.1357,0.0212
Straight,1861,1272.72,4115.66,-2842.94,-272.7273,1,7,0.0,4115.66,1.0,,0.6908,0.0568,0.0071
Straight,1869,-2436.34,2636.33,-5072.67,272.7273,-3,9,909.08,1727.25,0.3103,1.9,1.9241,0.0938,-0.0137
Straight,1877,1754.53,4190.87,-2436.34,-300.0,1,7,1090.9,3099.97,0.4794,2.8417,0.5813,0.078,0.0098
Straight,1878,894.54,894.54,0.0,196.3636,1,1,0.0,894.54,1.0,,0.0,0.18,0.005
Straight,1880,3192.14,6064.84,-2872.7,327.2727,3,9,872.72,5192.12,0.7122,5.9494,0.4737,0.0825,0.0179
Straight,1881,2648.41,4466.57,-1818.16,624.2909,3,7,2682.1,1784.47,-0.201,0.6653,0.4071,0.1226,0.0149
Straight,1884,1878.18,5078.15,-3199.97,303.6182,2,8,0.0,5078.15,1.0,,0.6301,0.0843,0.0105
Straight,1886,2730.31,4912.11,-2181.8,513.3,3,7,0.0,4912.11,1.0,,0.4442,0.0946,0.0153
Straight,1888,7922.6321,8286.2621,-363.63,407.1636,7,9,0.0,8286.2621,1.0,,0.0439,0.0468,0.0444
Straight,1893,2363.62,3272.7,-909.08,0.0,2,4,1090.9,2181.8,0.3333,2.0,0.2778,0.0,0.0133
Straight,1895,7439.94,7439.94,0.0,196.3636,7,7,0.0,7439.94,1.0,,0.0,0.0257,0.0417
Straight,1897,6324.6209,6324.6209,0.0,129.8727,6,6,999.9909,5324.63,0.6838,5.3247,0.0,0.0201,0.0355
Straight,1900,5314.24,6405.14,-1090.9,140.2636,5,7,0.0,6405.14,1.0,,0.1703,0.0214,0.0298
Straight,1901,4047.4552,4047.4552,0.0,1187.3452,2,2,0.0,4047.4552,1.0,,0.0,0.2268,0.0227
Straight,1909,2593.66,5375.45,-2781.79,260.8727,2,8,0.0,5375.45,1.0,,0.5175,0.0463,0.0145
Straight,1917,4917.5,5844.76,-927.26,627.9091,5,7,0.0,5844.76,1.0,,0.1586,0.1193,0.0276
Straight,1918,667.86,3213.29,-2545.43,659.4091,1,7,285.71,2927.58,0.8222,10.2467,0.7922,0.1703,0.0037
Straight,1921,9538.7014,9538.7014,0.0,270.8364,9,9,1999.98,7538.7214,0.5807,3.7694,0.0,0.0276,0.0535
Straight,1926,5545.41,5545.41,0.0,0.0,5,5,0.0,5545.41,1.0,,0.0,0.0,0.0311
Straight,1940,9719.1465,9719.1465,0.0,0.0,9,9,1974.0265,7745.12,0.5938,3.9235,0.0,0.0,0.0545
Super Skinny,1501,704.35,1977.07,-1272.72,0.0,1,3,704.35,1272.72,0.2875,1.8069,0.6437,0.0,0.004
Super Skinny,1502,4518.0926,7063.5326,-2545.44,0.0,4,8,1090.9,5972.6326,0.6911,5.475,0.3604,0.0,0.0253
Super Skinny,1504,7363.57,8181.74,-818.17,0.0,7,9,3545.41,4636.33,0.1333,1.3077,0.1,0.0,0.0413
Super Skinny,1505,1988.79,1988.79,0.0,280.0,2,2,0.0,1988.79,1.0,,0.0,0.1234,0.0112
Super Skinny,1508,3369.7559,4460.6559,-1090.9,168.0,4,6,2454.51,2006.1459,-0.1005,0.8173,0.2446,0.0363,0.0189
Super Skinny,1509,-9.09,572.72,-581.81,245.4546,0,2,572.72,0.0,-1.0,0.0,1.0159,0.3,-0.0001
Super Skinny,1512,2072.89,2072.89,0.0,0.0,2,2,800.17,1272.72,0.228,1.5906,0.0,0.0,0.0116
Super Skinny,1513,4959.95,4959.95,0.0,0.0,5,5,1596.34,3363.61,0.3563,2.1071,0.0,0.0,0.0278
Super Skinny,1514,2005.2589,3550.6889,-1545.43,0.0,2,6,1630.4768,1920.2121,0.0816,1.1777,0.4352,0.0,0.0112
Super Skinny,1515,1818.16,1818.16,0.0,0.0,2,2,818.17,999.99,0.1,1.2222,0.0,0.0,0.0102
Super Skinny,1520,5490.7349,6308.9049,-818.17,0.0,6,8,4093.2849,2215.62,-0.2976,0.5413,0.1297,0.0,0.0308
Super Skinny,1521,6454.47,6454.47,0.0,0.0,7,7,5181.75,1272.72,-0.6056,0.2456,0.0,0.0,0.0362
Super Skinny,1522,181.82,2090.89,-1909.07,0.0,0,4,818.17,1272.72,0.2174,1.5556,0.913,0.0,0.001
Super Skinny,1523,4007.85,6098.74,-2090.89,0.0,5,9,4826.02,1272.72,-0.5826,0.2637,0.3428,0.0,0.0225
Super Skinny,1524,4348.5929,6166.7529,-1818.16,0.0,4,8,1636.34,4530.4129,0.4693,2.7686,0.2948,0.0,0.0244
Super Skinny,1525,4363.6,5363.59,-999.99,181.8182,4,6,0.0,5363.59,1.0,,0.1864,0.0328,0.0245
Super Skinny,1529,1260.73,3078.89,-1818.16,0.0,1,5,0.0,3078.89,1.0,,0.5905,0.0,0.0071
Super Skinny,1535,800.0,990.9,-190.9,0.0,0,2,0.0,990.9,1.0,,0.1927,0.0,0.0045
Super Skinny,1539,1636.34,1636.34,0.0,0.0,2,2,1636.34,0.0,-1.0,0.0,0.0,0.0,0.0092
Super Skinny,1541,3307.75,4125.92,-818.17,0.0,3,5,1636.34,2489.58,0.2068,1.5214,0.1983,0.0,0.0186
Super Skinny,1544,1825.7014,4214.7614,-2389.06,120.0,2,8,1739.3614,2475.4,0.1746,1.4232,0.5668,0.0539,0.0102
Super Skinny,1546,3961.96,3961.96,0.0,0.0,4,4,1636.34,2325.62,0.174,1.4212,0.0,0.0,0.0222
Super Skinny,1547,3789.0509,4607.2209,-818.17,174.5454,4,6,2334.5127,2272.7082,-0.0134,0.9735,0.1776,0.0365,0.0213
Super Skinny,1548,2818.1001,5114.9901,-2296.89,60.3636,3,9,1818.16,3296.8301,0.2891,1.8133,0.4491,0.0345,0.0158
Super Skinny,1550,3408.8358,5954.2758,-2545.44,0.0,3,7,2181.8,3772.4758,0.2671,1.7291,0.4275,0.0,0.0191
Super Skinny,1551,3727.2282,4545.3982,-818.17,0.0,4,6,3272.68,1272.7182,-0.44,0.3889,0.18,0.0,0.0209
Super Skinny,1552,5013.8876,6118.1576,-1104.27,0.0,6,8,4013.8976,2104.26,-0.3121,0.5242,0.1805,0.0268,0.0281
Super Skinny,1553,1930.8009,3792.6009,-1861.8,-109.0909,2,6,1298.1609,2494.44,0.3154,1.9215,0.4909,0.0307,0.0108
Super Skinny,1554,2545.44,2545.44,0.0,0.0,2,2,1272.72,1272.72,0.0,1.0,0.0,0.0,0.0143
Super Skinny,1557,4370.1878,5253.5178,-883.33,75.4455,5,7,1275.34,3978.1778,0.5145,3.1193,0.1681,0.0353,0.0245
Super Skinny,1558,2861.8082,4679.9682,-1818.16,229.0909,2,6,1090.9,3589.0682,0.5338,3.29,0.3885,0.0467,0.0161
Super Skinny,1561,2776.21,5181.77,-2405.56,-139.8636,2,8,1818.16,3363.61,0.2982,1.85,0.4642,0.0,0.0156
Super Skinny,1562,2272.71,2272.71,0.0,0.0,2,2,0.0,2272.71,1.0,,0.0,0.0,0.0127
Super Skinny,1566,574.55,2090.89,-1516.34,-174.5454,0,4,818.17,1272.72,0.2174,1.5556,0.7252,0.0,0.0032
Super Skinny,1567,1263.3866,2323.9866,-1060.6,0.0,1,3,0.0,2323.9866,1.0,,0.4564,0.0836,0.0071
Super Skinny,1568,1152.643,1152.643,0.0,0.0,1,1,0.0,1152.643,1.0,,0.0,0.0,0.0065
Super Skinny,1569,807.8063,807.8063,0.0,0.0,1,1,807.8063,0.0,-1.0,0.0,0.0,0.0,0.0045
Super Skinny,1571,818.17,2090.89,-1272.72,0.0,1,3,818.17,1272.72,0.2174,1.5556,0.6087,0.0,0.0046
Super Skinny,1572,1725.0918,1725.0918,0.0,0.0,2,2,1725.0918,0.0,-1.0,0.0,0.0,0.0,0.0097
Super Skinny,1573,866.1305,2138.8505,-1272.72,778.6727,3,5,1525.6605,613.19,-0.4266,0.4019,0.595,0.2669,0.0049
Super Skinny,1580,2323.5359,3073.5259,-749.99,-250.0,2,3,650.0859,2423.44,0.577,3.7279,0.244,0.0,0.013
Super Skinny,1582,3061.79,3061.79,0.0,174.5454,3,3,698.17,2363.62,0.5439,3.3855,0.0,0.0539,0.0172
Super Skinny,1583,2524.47,2524.47,0.0,240.0,4,4,2524.47,0.0,-1.0,0.0,0.0,0.0868,0.0142
Super Skinny,1584,1723.5142,2905.3142,-1181.8,0.0,1,5,1636.34,1268.9742,-0.1264,0.7755,0.4068,0.0,0.0097
Super Skinny,1585,-1334.52,818.17,-2152.69,-356.3636,-2,4,818.17,0.0,-1.0,0.0,2.6311,0.0,-0.0075
Super Skinny,1587,2075.6172,2075.6172,0.0,0.0,2,2,1075.6272,999.99,-0.0364,0.9297,0.0,0.0,0.0116
Super Skinny,1588,3719.96,3719.96,0.0,0.0,4,4,2727.24,992.72,-0.4663,0.364,0.0,0.0,0.0209
Super Skinny,1590,1327.6009,4713.9209,-3386.32,-54.8818,1,9,2636.3309,2077.59,-0.1185,0.7881,0.7184,0.0397,0.0074
Super Skinny,1591,2616.6136,3172.1636,-555.55,0.0,3,5,2281.2636,890.9,-0.4383,0.3905,0.1751,0.0,0.0147
Super Skinny,1592,2381.1706,2381.1706,0.0,0.0,3,3,2381.1706,0.0,-1.0,0.0,0.0,0.0,0.0134
Super Skinny,1594,2054.89,2054.89,0.0,0.0,2,2,818.17,1236.72,0.2037,1.5116,0.0,0.0,0.0115
Super Skinny,1595,2052.49,4507.0,-2454.51,0.0,2,8,2416.11,2090.89,-0.0722,0.8654,0.5446,0.0,0.0115
Super Skinny,1596,-818.17,0.0,-818.17,0.0,-1,1,0.0,0.0,,,,,-0.0046
Super Skinny,1597,264.0003,2445.8003,-2181.8,0.0,1,5,2445.8003,0.0,-1.0,0.0,0.8921,0.0,0.0015
Super Skinny,1601,1081.4336,1081.4336,0.0,138.8454,1,1,0.0,1081.4336,1.0,,0.0,0.1138,0.0061
Super Skinny,1603,6133.3553,6133.3553,0.0,242.4273,6,6,1799.07,4334.2853,0.4133,2.4092,0.0,0.038,0.0344
Super Skinny,1604,818.17,818.17,0.0,0.0,1,1,818.17,0.0,-1.0,0.0,0.0,0.0,0.0046
Super Skinny,1607,799.61,3136.32,-2336.71,336.7364,1,7,1636.34,1499.98,-0.0435,0.9167,0.745,0.1375,0.0045
Super Skinny,1612,2653.3576,3253.3476,-599.99,0.0,2,4,818.17,2435.1776,0.497,2.9764,0.1844,0.0,0.0149
Super Skinny,1616,2390.4352,4317.6952,-1927.26,0.0,2,6,1909.07,2408.6252,0.1157,1.2617,0.4464,0.0,0.0134
Super Skinny,1623,1881.5994,2972.4994,-1090.9,212.1091,2,4,818.17,2154.3294,0.4495,2.6331,0.367,0.0666,0.0106
Super Skinny,1627,5416.3198,5416.3198,0.0,0.0,5,5,818.17,4598.1498,0.6979,5.62,0.0,0.0,0.0304
Super Skinny,1629,2272.71,2272.71,0.0,0.0,2,2,0.0,2272.71,1.0,,0.0,0.0,0.0127
Super Skinny,1632,4670.9495,5281.8496,-610.9,-261.8182,5,7,4009.1296,1272.72,-0.5181,0.3175,0.1157,0.0,0.0262
Super Skinny,1633,2439.44,2439.44,0.0,0.0,2,2,0.0,2439.44,1.0,,0.0,0.0,0.0137
Super Skinny,1634,1080.683,1080.683,0.0,0.0,1,1,0.0,1080.683,1.0,,0.0,0.0,0.0061
Super Skinny,1635,759.6697,759.6697,0.0,0.0,1,1,759.6697,0.0,-1.0,0.0,0.0,0.0,0.0043
Super Skinny,1638,5029.6221,7175.0621,-2145.44,0.0,5,9,3545.41,3629.6521,0.0117,1.0238,0.299,0.0,0.0282
Super Skinny,1639,-454.0368,1182.3032,-1636.34,0.0,-1,3,0.0,1182.3032,1.0,,1.384,0.0,-0.0025
Super Skinny,1640,3319.9761,4890.8661,-1570.89,-120.0,3,7,2618.1561,2272.71,-0.0706,0.8681,0.3212,0.0,0.0186
Super Skinny,1643,3213.8218,3995.6318,-781.81,0.0,3,5,1510.34,2485.2918,0.244,1.6455,0.1957,0.0,0.018
Super Skinny,1644,6702.0068,7211.0868,-509.08,0.0,6,8,2681.5369,4529.55,0.2563,1.6892,0.0706,0.0,0.0376
Super Skinny,1648,1272.72,1272.72,0.0,0.0,1,1,0.0,1272.72,1.0,,0.0,0.0,0.0071
Super Skinny,1651,7702.7331,7702.7331,0.0,415.4546,9,9,3716.916,3985.817,0.0349,1.0723,0.0,0.0512,0.0432
Super Skinny,1659,537.4885,2261.2385,-1723.75,0.0,1,5,2261.2385,0.0,-1.0,0.0,0.7623,0.0401,0.003
Super Skinny,1660,893.9,2984.79,-2090.89,0.0,1,5,818.17,2166.62,0.4518,2.6481,0.7005,0.0,0.005
Super Skinny,1668,1906.12,1906.12,0.0,2457.4727,5,5,0.0,1906.12,1.0,,0.0,0.5632,0.0107
Super Skinny,1669,4635.7234,4635.7234,0.0,120.0,5,5,2116.33,2519.3934,0.0869,1.1905,0.0,0.0252,0.026
Super Skinny,1670,1913.6741,1913.6741,0.0,0.0,2,2,794.9882,1118.686,0.1691,1.4072,0.0,0.0,0.0107
Super Skinny,1676,7499.2162,7499.2162,0.0,0.0,8,8,4090.85,3408.3662,-0.091,0.8332,0.0,0.0,0.0421
Super Skinny,1680,5317.3472,6135.5172,-818.17,0.0,4,6,0.0,6135.5172,1.0,,0.1333,0.0,0.0298
Super Skinny,1681,2841.9847,4114.7047,-1272.72,0.0,3,5,1636.34,2478.3647,0.2046,1.5146,0.3093,0.0,0.0159
Super Skinny,1682,849.99,849.99,0.0,150.0,1,1,0.0,849.99,1.0,,0.0,0.15,0.0048
Super Skinny,1683,0.0,818.17,-818.17,0.0,0,2,818.17,0.0,-1.0,0.0,1.0,0.0,0.0
Super Skinny,1686,2090.89,2090.89,0.0,0.0,2,2,818.17,1272.72,0.2174,1.5556,0.0,0.0,0.0117
Super Skinny,1695,3351.5786,4987.9186,-1636.34,171.1636,3,7,818.17,4169.7486,0.6719,5.0964,0.3281,0.0332,0.0188
Super Skinny,1698,2533.4358,4821.5858,-2288.15,-234.5455,3,9,3117.0658,1704.52,-0.293,0.5468,0.4746,0.023,0.0142
Super Skinny,1704,1576.29,1576.29,0.0,539.4,2,2,545.45,1030.84,0.3079,1.8899,0.0,0.255,0.0088
Super Skinny,1705,976.3599,976.3599,0.0,0.0,1,1,0.0,976.3599,1.0,,0.0,0.0,0.0055
Super Skinny,1706,1636.34,2636.33,-999.99,0.0,2,4,818.17,1818.16,0.3793,2.2222,0.3793,0.0,0.0092
Super Skinny,1711,489.16,1170.97,-681.81,236.3636,1,3,1170.97,0.0,-1.0,0.0,0.5823,0.168,0.0027
Super Skinny,1713,2167.2385,3558.1285,-1390.89,220.2727,2,6,1390.89,2167.2385,0.2182,1.5582,0.3909,0.1157,0.0122
Super Skinny,1715,5763.8841,7036.6041,-1272.72,756.3636,7,9,3058.8453,3977.7588,0.1306,1.3004,0.1809,0.0971,0.0323
Super Skinny,1716,3201.9606,4201.9506,-999.99,209.6273,4,6,2165.6061,2036.3445,-0.0308,0.9403,0.238,0.0475,0.018
Super Skinny,1717,1909.07,2690.88,-781.81,0.0,2,4,818.17,1872.71,0.3919,2.2889,0.2905,0.0,0.0107
Super Skinny,1718,2545.6467,3993.3567,-1447.71,116.3636,3,7,1934.7367,2058.62,0.031,1.064,0.3625,0.0559,0.0143
Super Skinny,1719,165.2745,1256.1745,-1090.9,0.0,0,2,0.0,1256.1745,1.0,,0.8684,0.0,0.0009
Super Skinny,1720,318.17,318.17,0.0,136.3636,1,1,0.0,318.17,1.0,,0.0,0.3,0.0018
Super Skinny,1723,785.4426,785.4426,0.0,0.0,1,1,785.4426,0.0,-1.0,0.0,0.0,0.0,0.0044
Super Skinny,1724,1219.3065,2492.0265,-1272.72,0.0,1,3,0.0,2492.0265,1.0,,0.5107,0.0,0.0068
Super Skinny,1733,-1090.9,0.0,-1090.9,0.0,-1,1,0.0,0.0,,,,,-0.0061
Super Skinny,1739,2594.8882,3685.7882,-1090.9,0.0,3,5,2413.0682,1272.72,-0.3094,0.5274,0.296,0.0,0.0146
Super Skinny,1742,818.17,818.17,0.0,0.0,1,1,818.17,0.0,-1.0,0.0,0.0,0.0,0.0046
Super Skinny,1743,5684.5348,6071.4848,-386.95,0.0,5,7,2454.51,3616.9748,0.1915,1.4736,0.0637,0.0,0.0319
Super Skinny,1745,0.0,818.17,-818.17,0.0,0,2,818.17,0.0,-1.0,0.0,1.0,0.0,0.0
Super Skinny,1747,3604.3126,3604.3126,0.0,395.4546,4,4,363.63,3240.6826,0.7982,8.912,0.0,0.0989,0.0202
Super Skinny,1750,6120.6638,7757.0038,-1636.34,0.0,5,9,818.17,6938.8338,0.789,8.4809,0.211,0.0,0.0343
Super Skinny,1753,5254.5499,5254.5499,0.0,190.9091,6,6,2172.7599,3081.79,0.173,1.4184,0.0,0.0351,0.0295
Super Skinny,1754,3380.2444,3380.2444,0.0,119.0454,3,3,0.0,3380.2444,1.0,,0.0,0.034,0.019
Super Skinny,1755,417.1727,3209.2527,-2792.08,-245.4455,-1,9,1936.5327,1272.72,-0.2068,0.6572,0.87,0.1635,0.0023
Super Skinny,1759,1298.16,1298.16,0.0,120.0,2,2,1298.16,0.0,-1.0,0.0,0.0,0.0846,0.0073
Super Skinny,1760,4631.6802,5449.8502,-818.17,183.8364,5,7,3218.1083,2231.7419,-0.181,0.6935,0.1501,0.0326,0.026
Super Skinny,1761,1644.6031,2462.7731,-818.17,0.0,1,3,0.0,2462.7731,1.0,,0.3322,0.0,0.0092
Super Skinny,1762,6362.6283,7180.7983,-818.17,120.0,7,9,2934.5,4246.2983,0.1827,1.447,0.1139,0.0164,0.0357
Super Skinny,1765,1209.72,1209.72,0.0,0.0,1,1,0.0,1209.72,1.0,,0.0,0.0,0.0068
Super Skinny,1766,5116.3,6116.29,-999.99,120.0,6,8,5025.39,1090.9,-0.6433,0.2171,0.1635,0.0192,0.0287
Super Skinny,1769,2164.0433,4589.8433,-2425.8,-48.9091,2,8,3317.1233,1272.72,-0.4454,0.3837,0.5285,0.034,0.0121
Super Skinny,1770,909.73,909.73,0.0,0.0,1,1,0.0,909.73,1.0,,0.0,0.0,0.0051
Super Skinny,1775,2220.2365,4205.4464,-1985.21,11.7909,3,9,2116.33,2089.1164,-0.0065,0.9871,0.4721,0.0956,0.0125
Super Skinny,1776,3995.6292,5813.7892,-1818.16,0.0,4,8,3268.351,2545.4382,-0.1243,0.7788,0.3127,0.0,0.0224
Super Skinny,1779,3507.4273,3507.4273,0.0,180.2454,4,4,1092.46,2414.9673,0.3771,2.2106,0.0,0.0489,0.0197
Super Skinny,1780,3500.0482,4318.2182,-818.17,572.7273,4,6,1384.7828,2933.4354,0.3586,2.1183,0.1895,0.1171,0.0196
Super Skinny,1781,1722.89,1722.89,0.0,0.0,2,2,818.17,904.72,0.0502,1.1058,0.0,0.0,0.0097
Super Skinny,1783,1377.603,2195.773,-818.17,236.3636,2,4,1122.7129,1073.0601,-0.0226,0.9558,0.3726,0.0972,0.0077
Super Skinny,1784,1043.71,1043.71,0.0,190.9091,1,1,0.0,1043.71,1.0,,0.0,0.1546,0.0059
Super Skinny,1785,2620.34,2620.34,0.0,327.2727,3,3,1347.62,1272.72,-0.0286,0.9444,0.0,0.111,0.0147
Super Skinny,1787,2259.4975,2259.4975,0.0,0.0,2,2,1090.9,1168.5975,0.0344,1.0712,0.0,0.0,0.0127
Super Skinny,1788,1193.7658,2011.9358,-818.17,0.0,1,3,739.2158,1272.72,0.2652,1.7217,0.4067,0.0,0.0067
Super Skinny,1789,5791.1276,6609.2976,-818.17,281.8182,7,9,4395.6776,2213.62,-0.3301,0.5036,0.1238,0.0409,0.0325
Super Skinny,1790,4558.8431,4558.8431,0.0,237.9273,5,5,1149.735,3409.1081,0.4956,2.9651,0.0,0.0496,0.0256
Super Skinny,1791,4619.24,5437.41,-818.17,0.0,4,6,1982.89,3454.52,0.2706,1.7422,0.1505,0.0,0.0259
Super Skinny,1792,2025.89,2025.89,0.0,0.0,2,2,818.17,1207.72,0.1923,1.4761,0.0,0.0,0.0114
Super Skinny,1812,4999.95,4999.95,0.0,0.0,5,5,3999.96,999.99,-0.6,0.25,0.0,0.0,0.028
Super Skinny,1824,4600.44,4600.44,0.0,0.0,4,4,818.17,3782.27,0.6443,4.6228,0.0,0.0,0.0258
Super Skinny,1829,5635.8747,6454.0447,-818.17,0.0,5,7,2635.8847,3818.16,0.1832,1.4485,0.1268,0.0,0.0316
Super Skinny,1831,1422.52,4513.4,-3090.88,0.0,2,8,3272.68,1240.72,-0.4502,0.3791,0.6848,0.0,0.008
Super Skinny,1832,1545.43,2363.6,-818.17,0.0,2,4,1636.34,727.26,-0.3846,0.4444,0.3462,0.0,0.0087
Super Skinny,1834,1454.54,2545.44,-1090.9,0.0,1,3,0.0,2545.44,1.0,,0.4286,0.0,0.0082
Super Skinny,1842,3981.5084,3981.5084,0.0,120.0,5,5,2776.2884,1205.22,-0.3946,0.4341,0.0,0.0293,0.0223
Super Skinny,1849,4059.6519,5727.8119,-1668.16,181.7818,5,9,4095.44,1632.3719,-0.43,0.3986,0.2912,0.0548,0.0228
Super Skinny,1851,1899.7998,3125.4298,-1225.63,393.6455,2,5,999.99,2125.4398,0.3601,2.1255,0.3921,0.2262,0.0107
Super Skinny,1854,4600.2062,4600.2062,0.0,327.2727,6,6,2896.7594,1703.4468,-0.2594,0.5881,0.0,0.0664,0.0258
Super Skinny,1858,5268.6274,5268.6274,0.0,120.0,6,6,2086.8365,3181.7909,0.2078,1.5247,0.0,0.0223,0.0295
Super Skinny,1860,5495.6039,6313.7739,-818.17,0.0,6,8,5041.0539,1272.72,-0.5968,0.2525,0.1296,0.0,0.0308
Super Skinny,1861,7098.8515,7098.8515,0.0,0.0,7,7,1610.8915,5487.96,0.5462,3.4068,0.0,0.0,0.0398
Super Skinny,1863,2953.63,4521.79,-1568.16,137.2546,3,7,2499.08,2022.71,-0.1053,0.8094,0.3468,0.0789,0.0166
Super Skinny,1869,3436.7348,6345.7948,-2909.06,0.0,3,9,2727.24,3618.5548,0.1405,1.3268,0.4584,0.0,0.0193
Super Skinny,1872,604.63,1636.34,-1031.71,-295.5454,0,4,1636.34,0.0,-1.0,0.0,0.6305,0.0,0.0034
Super Skinny,1877,2545.44,5545.41,-2999.97,0.0,2,8,2999.97,2545.44,-0.082,0.8485,0.541,0.0,0.0143
Super Skinny,1878,3209.9264,3750.7064,-540.78,-59.2091,3,5,1449.2664,2301.44,0.2272,1.588,0.1442,0.0,0.018
Super Skinny,1880,947.3616,947.3616,0.0,0.0,1,1,0.0,947.3616,1.0,,0.0,0.0,0.0053
Super Skinny,1881,-358.8,2454.51,-2813.31,-332.1182,0,6,2454.51,0.0,-1.0,0.0,1.1462,0.0,-0.002
Super Skinny,1884,4430.1188,4430.1188,0.0,245.4546,6,6,3467.3988,962.72,-0.5654,0.2776,0.0,0.0525,0.0248
Super Skinny,1886,2641.0006,4757.3306,-2116.33,-120.0,3,9,3666.4306,1090.9,-0.5414,0.2975,0.4449,0.0,0.0148
Super Skinny,1887,-272.73,1818.16,-2090.89,0.0,0,4,818.17,999.99,0.1,1.2222,1.15,0.0,-0.0015
Super Skinny,1888,1013.9734,2013.9634,-999.99,70.1,1,3,741.2434,1272.72,0.2639,1.717,0.4965,0.0336,0.0057
Super Skinny,1893,-818.17,0.0,-818.17,0.0,-1,1,0.0,0.0,,,,,-0.0046
Super Skinny,1895,4257.294,5257.284,-999.99,0.0,5,7,3984.564,1272.72,-0.5158,0.3194,0.1902,0.0,0.0239
Super Skinny,1897,3741.3006,3741.3006,0.0,0.0,4,4,2574.73,1166.5706,-0.3764,0.4531,0.0,0.0,0.021
Super Skinny,1898,818.17,1431.8,-613.63,0.0,1,3,818.17,613.63,-0.1429,0.75,0.4286,0.125,0.0046
Super Skinny,1900,-828.4767,2007.8633,-2836.34,0.0,-1,5,0.0,2007.8633,1.0,,1.4126,0.0,-0.0046
Super Skinny,1907,1723.8994,2814.7994,-1090.9,195.2091,2,4,818.17,1996.6294,0.4187,2.4404,0.3876,0.0649,0.0097
Super Skinny,1908,2636.33,3636.32,-999.99,0.0,3,5,1636.34,1999.98,0.1,1.2222,0.275,0.0,0.0148
Super Skinny,1910,4209.1889,6481.8989,-2272.71,198.8727,5,9,4152.8288,2329.0701,-0.2814,0.5608,0.3506,0.0298,0.0236
Super Skinny,1912,3483.3298,4097.0798,-613.75,0.0,3,5,1759.86,2337.2199,0.1409,1.3281,0.1498,0.0,0.0195
Super Skinny,1919,3392.7227,4688.1627,-1295.44,0.0,3,7,2415.4527,2272.71,-0.0304,0.9409,0.2763,0.0,0.019
Super Skinny,1921,3542.72,5278.39,-1735.67,0.0,3,7,2732.95,2545.44,-0.0355,0.9314,0.3288,0.0,0.0199
Super Skinny,1925,1112.0427,1112.0427,0.0,0.0,1,1,0.0,1112.0427,1.0,,0.0,0.0,0.0062
Super Skinny,1927,3632.23,5904.94,-2272.71,0.0,4,8,2541.33,3363.61,0.1393,1.3236,0.3849,0.0,0.0204
Super Skinny,1929,1159.7834,1159.7834,0.0,0.0,1,1,0.0,1159.7834,1.0,,0.0,0.0,0.0065
Super Skinny,1933,1636.34,1636.34,0.0,0.0,2,2,1636.34,0.0,-1.0,0.0,0.0,0.0,0.0092
Super Skinny,1934,0.0,1272.72,-1272.72,0.0,0,2,0.0,1272.72,1.0,,1.0,0.0,0.0
Super Skinny,1937,6106.2914,6106.2914,0.0,138.8454,6,6,788.5459,5317.7454,0.7417,6.7437,0.0,0.0222,0.0342
Super Skinny,1938,5104.7224,5104.7224,0.0,0.0,5,5,818.17,4286.5524,0.6794,5.2392,0.0,0.0,0.0286
Super Skinny,1941,4818.13,6454.47,-1636.34,0.0,5,9,5454.48,999.99,-0.6901,0.1833,0.2535,0.0,0.027
Wide Leg,1504,568.18,2454.53,-1886.35,-68.1818,0,4,0.0,2454.53,1.0,,0.7685,0.0,0.0032
Wide Leg,1508,4636.33,4636.33,0.0,0.0,4,4,1090.9,3545.43,0.5294,3.25,0.0,0.0,0.026
Wide Leg,1509,1517.0733,4247.5033,-2730.43,341.5455,1,7,0.0,4247.5033,1.0,,0.6428,0.0988,0.0085
Wide Leg,1512,7775.6654,7775.6654,0.0,154.1546,7,7,4391.7551,3383.9102,-0.1296,0.7705,0.0,0.0194,0.0436
Wide Leg,1515,3098.41,3098.41,0.0,0.0,3,3,999.99,2098.42,0.3545,2.0984,0.0,0.0,0.0174
Wide Leg,1518,1413.63,4181.78,-2768.15,-195.4546,1,7,1818.16,2363.62,0.1304,1.3,0.662,0.0,0.0079
Wide Leg,1520,1390.9,3272.7,-1881.8,-300.0,1,5,909.08,2363.62,0.4444,2.6,0.575,0.0,0.0078
Wide Leg,1521,1363.6291,5681.7791,-4318.15,0.0,1,9,1090.9,4590.8791,0.616,4.2083,0.76,0.053,0.0076
Wide Leg,1522,4090.87,4090.87,0.0,0.0,4,4,2909.06,1181.81,-0.4222,0.4063,0.0,0.0,0.0229
Wide Leg,1525,2509.07,4545.42,-2036.35,0.0,2,6,2090.89,2454.53,0.08,1.1739,0.448,0.0,0.0141
Wide Leg,1528,559.1951,1259.1851,-699.99,-300.0,0,2,0.0,1259.1851,1.0,,0.5559,0.0,0.0031
Wide Leg,1529,3454.52,6463.58,-3009.06,0.0,3,9,1999.98,4463.6,0.3812,2.2318,0.4655,0.052,0.0194
Wide Leg,1531,1119.0709,2119.0609,-999.99,0.0,1,3,999.99,1119.0709,0.0562,1.1191,0.4719,0.0,0.0063
Wide Leg,1532,113.4611,1295.2711,-1181.81,1279.1091,4,6,1133.0211,162.25,-0.7495,0.1432,0.9124,0.4969,0.0006
Wide Leg,1535,1672.71,2763.61,-1090.9,145.4546,2,4,1581.8,1181.81,-0.1447,0.7471,0.3947,0.05,0.0094
Wide Leg,1539,1090.9,1090.9,0.0,0.0,1,1,1090.9,0.0,-1.0,0.0,0.0,0.0,0.0061
Wide Leg,1540,-309.0818,4727.2382,-5036.32,-509.0909,-1,9,909.08,3818.1582,0.6154,4.2,1.0654,0.0,-0.0017
Wide Leg,1541,1669.45,3499.98,-1830.53,185.0909,1,5,0.0,3499.98,1.0,,0.523,0.0833,0.0094
Wide Leg,1544,-2550.89,1594.81,-4145.7,-212.7273,-2,6,0.0,1594.81,1.0,,2.5995,0.1049,-0.0143
Wide Leg,1546,2753.18,3934.99,-1181.81,701.3364,3,5,699.99,3235.0,0.6442,4.6215,0.3003,0.1513,0.0154
Wide Leg,1547,6675.59,7857.4,-1181.81,256.9182,6,8,999.99,6857.41,0.7455,6.8575,0.1504,0.0317,0.0374
Wide Leg,1550,7793.507,7793.507,0.0,0.0,7,7,3272.7,4520.807,0.1601,1.3814,0.0,0.0,0.0437
Wide Leg,1554,4620.93,4620.93,0.0,230.6,4,4,0.0,4620.93,1.0,,0.0,0.0475,0.0259
Wide Leg,1562,-2454.53,0.0,-2454.53,0.0,-2,2,0.0,0.0,,,,,-0.0138
Wide Leg,1565,5232.12,6332.11,-1099.99,322.3818,5,9,1604.87,4727.24,0.4931,2.9456,0.1737,0.0871,0.0293
Wide Leg,1567,90.91,1181.81,-1090.9,0.0,0,2,0.0,1181.81,1.0,,0.9231,0.0,0.0005
Wide Leg,1568,999.99,2181.8,-1181.81,0.0,1,3,999.99,1181.81,0.0833,1.1818,0.5417,0.0,0.0056
Wide Leg,1569,3209.5155,4300.4155,-1090.9,225.1091,3,5,999.99,3300.4255,0.5349,3.3005,0.2537,0.0497,0.018
Wide Leg,1571,-776.46,3061.0,-3837.46,2.1091,-1,7,2043.8,1017.2,-0.3354,0.4977,1.2537,0.051,-0.0044
Wide Leg,1572,3220.981,4220.971,-999.99,110.5636,3,5,902.501,3318.47,0.5724,3.677,0.2369,0.0255,0.0181
Wide Leg,1573,6507.4916,6507.4916,0.0,0.0,6,6,4143.8716,2363.62,-0.2736,0.5704,0.0,0.0,0.0365
Wide Leg,1580,-999.9891,4545.4209,-5545.41,0.0,-1,9,2090.8909,2454.53,0.08,1.1739,1.22,0.0,-0.0056
Wide Leg,1582,1181.81,3363.61,-2181.8,0.0,1,5,2181.8,1181.81,-0.2973,0.5417,0.6486,0.0,0.0066
Wide Leg,1583,4352.8098,4352.8098,0.0,96.2546,4,4,994.65,3358.1598,0.543,3.3762,0.0,0.0216,0.0244
Wide Leg,1584,4727.24,4727.24,0.0,0.0,4,4,0.0,4727.24,1.0,,0.0,0.0,0.0265
Wide Leg,1585,3272.7,3272.7,0.0,0.0,3,3,2090.89,1181.81,-0.2778,0.5652,0.0,0.0,0.0184
Wide Leg,1587,790.9,2881.79,-2090.89,300.0,1,5,1699.98,1181.81,-0.1798,0.6952,0.7256,0.0943,0.0044
Wide Leg,1588,4719.06,5628.14,-909.08,0.0,4,6,1999.98,3628.16,0.2893,1.8141,0.1615,0.0,0.0265
Wide Leg,1590,1425.7397,3298.4497,-1872.71,176.9182,1,5,1181.81,2116.6397,0.2834,1.791,0.5678,0.0509,0.008
Wide Leg,1591,7345.39,7345.39,0.0,654.5455,7,7,2972.7,4372.69,0.1906,1.4709,0.0,0.0818,0.0412
Wide Leg,1592,1627.327,3990.947,-2363.62,611.4636,2,6,1918.16,2072.787,0.0387,1.0806,0.5922,0.1329,0.0091
Wide Leg,1595,1713.63,3363.61,-1649.98,-327.2727,1,5,2272.71,1090.9,-0.3514,0.48,0.4905,0.0,0.0096
Wide Leg,1597,134.2,2272.71,-2138.51,-225.1091,0,4,999.99,1272.72,0.12,1.2727,0.941,0.0,0.0008
Wide Leg,1600,3214.7287,6669.2487,-3454.52,190.6182,3,9,999.99,5669.2587,0.7001,5.6693,0.518,0.0278,0.018
Wide Leg,1601,0.0,1181.81,-1181.81,0.0,0,2,0.0,1181.81,1.0,,1.0,0.0,0.0
Wide Leg,1604,1363.63,2881.79,-1518.16,-354.5454,1,5,999.99,1881.8,0.306,1.8818,0.5268,0.0,0.0076
Wide Leg,1607,4463.13,6826.75,-2363.62,0.0,4,8,2272.71,4554.04,0.3342,2.0038,0.3462,0.0,0.025
Wide Leg,1609,3818.16,5181.79,-1363.63,0.0,3,5,0.0,5181.79,1.0,,0.2632,0.0,0.0214
Wide Leg,1610,998.84,2016.51,-1017.67,-89.7545,1,3,2016.51,0.0,-1.0,0.0,0.5047,0.0356,0.0056
Wide Leg,1611,1854.53,1854.53,0.0,327.2727,2,2,1090.9,763.63,-0.1765,0.7,0.0,0.15,0.0104
Wide Leg,1612,4529.1274,5710.9374,-1181.81,0.0,4,6,999.99,4710.9474,0.6498,4.711,0.2069,0.0,0.0254
Wide Leg,1619,7315.6576,7315.6576,0.0,300.0,7,7,3090.88,4224.7776,0.155,1.3669,0.0,0.0394,0.041
Wide Leg,1623,4777.1354,5757.7854,-980.65,876.2818,5,7,1090.9,4666.8854,0.6211,4.278,0.1703,0.1321,0.0268
Wide Leg,1627,-555.55,1181.81,-1737.36,0.0,-1,3,0.0,1181.81,1.0,,1.4701,0.0,-0.0031
Wide Leg,1629,1131.6119,1131.6119,0.0,0.0,1,1,0.0,1131.6119,1.0,,0.0,0.0,0.0063
Wide Leg,1630,36.36,3181.79,-3145.43,0.0,0,6,1999.98,1181.81,-0.2571,0.5909,0.9886,0.0,0.0002
Wide Leg,1633,4660.4668,4660.4668,0.0,0.0,4,4,0.0,4660.4668,1.0,,0.0,0.0,0.0261
Wide Leg,1634,2510.6259,3692.4359,-1181.81,0.0,2,4,0.0,3692.4359,1.0,,0.3201,0.0,0.0141
Wide Leg,1635,2374.53,2374.53,0.0,0.0,2,2,0.0,2374.53,1.0,,0.0,0.0,0.0133
Wide Leg,1639,999.99,999.99,0.0,0.0,1,1,999.99,0.0,-1.0,0.0,0.0,0.0,0.0056
Wide Leg,1642,4440.0363,5621.8463,-1181.81,201.1636,4,6,1090.9,4530.9463,0.6119,4.1534,0.2102,0.0345,0.0249
Wide Leg,1643,1581.81,3545.43,-1963.62,0.0,1,5,0.0,3545.43,1.0,,0.5538,0.0,0.0089
Wide Leg,1648,-837.11,0.0,-837.11,0.0,-1,1,0.0,0.0,,,,,-0.0047
Wide Leg,1649,1772.7,2472.69,-699.99,609.0909,3,5,590.89,1881.8,0.5221,3.1847,0.2831,0.2688,0.0099
Wide Leg,1653,4336.33,4336.33,0.0,0.0,4,4,2090.89,2245.44,0.0356,1.0739,0.0,0.0,0.0243
Wide Leg,1659,-2981.79,827.26,-3809.05,-163.6364,-3,5,0.0,827.26,1.0,,4.6044,0.3,-0.0167
Wide Leg,1661,1940.6816,4204.3016,-2263.62,-78.4909,2,6,909.08,3295.2216,0.5675,3.6248,0.5384,0.026,0.0109
Wide Leg,1664,1272.72,1272.72,0.0,0.0,1,1,0.0,1272.72,1.0,,0.0,0.0,0.0071
Wide Leg,1668,1181.81,1181.81,0.0,0.0,1,1,0.0,1181.81,1.0,,0.0,0.0,0.0066
Wide Leg,1670,1186.81,2795.88,-1609.07,0.0,1,5,0.0,2795.88,1.0,,0.5755,0.1125,0.0067
Wide Leg,1676,6138.5909,7229.4909,-1090.9,106.8182,6,8,2411.3409,4818.15,0.3329,1.9981,0.1509,0.0146,0.0344
Wide Leg,1678,-781.81,0.0,-781.81,0.0,-1,1,0.0,0.0,,,,,-0.0044
Wide Leg,1682,192.18,1196.72,-1004.54,-177.2727,0,2,0.0,1196.72,1.0,,0.8394,0.0,0.0011
Wide Leg,1683,181.82,1181.81,-999.99,0.0,0,2,0.0,1181.81,1.0,,0.8462,0.0,0.001
Wide Leg,1684,2595.6709,5963.8309,-3368.16,-177.2727,2,8,2272.71,3691.1209,0.2378,1.6241,0.5648,0.0,0.0146
Wide Leg,1693,3735.3764,4621.7264,-886.35,0.0,3,5,0.0,4621.7264,1.0,,0.1918,0.0,0.0209
Wide Leg,1695,3979.7102,4525.1602,-545.45,0.0,3,5,2181.8,2343.3602,0.0357,1.074,0.1205,0.0,0.0223
Wide Leg,1697,1363.63,1363.63,0.0,0.0,1,1,0.0,1363.63,1.0,,0.0,0.0,0.0076
Wide Leg,1698,-763.63,0.0,-763.63,-327.2727,-1,1,0.0,0.0,,,,,-0.0043
Wide Leg,1702,1272.72,1272.72,0.0,0.0,1,1,0.0,1272.72,1.0,,0.0,0.0,0.0071
Wide Leg,1704,2283.62,3302.93,-1019.31,0.0,2,4,0.0,3302.93,1.0,,0.3086,0.0469,0.0128
Wide Leg,1706,3855.38,3855.38,0.0,300.0,4,4,1999.98,1855.4,-0.0375,0.9277,0.0,0.0722,0.0216
Wide Leg,1707,2475.06,2475.06,0.0,1797.6273,4,4,0.0,2475.06,1.0,,0.0,0.4207,0.0139
Wide Leg,1710,3190.88,3190.88,0.0,354.5454,3,3,827.26,2363.62,0.4815,2.8572,0.0,0.1,0.0179
Wide Leg,1711,4079.6228,5079.6128,-999.99,1021.7273,5,7,288.7252,4790.8876,0.8863,16.5932,0.1969,0.1675,0.0229
Wide Leg,1712,3181.79,3181.79,0.0,0.0,3,3,1909.07,1272.72,-0.2,0.6667,0.0,0.0,0.0178
Wide Leg,1713,6251.58,6251.58,0.0,381.8182,6,6,1999.98,4251.6,0.3602,2.1258,0.0,0.0576,0.0351
Wide Leg,1716,5536.32,6336.31,-799.99,300.0,5,7,2699.97,3636.34,0.1478,1.3468,0.1263,0.0452,0.031
Wide Leg,1717,3085.5698,5176.4598,-2090.89,381.8182,3,7,999.9,4176.5598,0.6137,4.177,0.4039,0.0687,0.0173
Wide Leg,1718,4385.5888,6840.1188,-2454.53,0.0,4,8,999.99,5840.1288,0.7076,5.8402,0.3588,0.0,0.0246
Wide Leg,1719,844.15,1090.9,-246.75,-271.4273,0,2,1090.9,0.0,-1.0,0.0,0.2262,0.0,0.0047
Wide Leg,1720,0.0,1181.81,-1181.81,0.0,0,2,0.0,1181.81,1.0,,1.0,0.0,0.0
Wide Leg,1723,545.45,545.45,0.0,236.3636,1,1,545.45,0.0,-1.0,0.0,0.0,0.3023,0.0031
Wide Leg,1724,2669.8,3851.61,-1181.81,632.1545,4,6,608.73,3242.88,0.6839,5.3273,0.3068,0.141,0.015
Wide Leg,1733,1546.6939,1546.6939,0.0,232.5636,2,2,273.9739,1272.72,0.6457,4.6454,0.0,0.1307,0.0087
Wide Leg,1739,4653.0259,4653.0259,0.0,1449.4273,8,8,3515.0462,1137.9798,-0.5109,0.3237,0.0,0.2375,0.0261
Wide Leg,1742,2609.06,2609.06,0.0,572.7273,3,3,2181.8,427.26,-0.6725,0.1958,0.0,0.18,0.0146
Wide Leg,1745,100.01,1181.81,-1081.8,-527.2727,-1,3,1181.81,0.0,-1.0,0.0,0.9154,0.0,0.0006
Wide Leg,1747,5781.2273,7753.9373,-1972.71,-300.0,5,9,3181.79,4572.1473,0.1793,1.437,0.2544,0.0,0.0324
Wide Leg,1748,5914.7927,6606.3927,-691.6,827.2727,6,8,1772.71,4833.6827,0.4633,2.7267,0.1047,0.1219,0.0332
Wide Leg,1753,2353.62,2353.62,0.0,0.0,2,2,0.0,2353.62,1.0,,0.0,0.0,0.0132
Wide Leg,1754,1474.4255,1769.3255,-294.9,223.2727,2,4,587.5155,1181.81,0.3359,2.0115,0.1667,0.2015,0.0083
Wide Leg,1759,9350.6963,9350.6963,0.0,795.4545,9,9,1090.9,8259.7963,0.7667,7.5715,0.0,0.0784,0.0524
Wide Leg,1761,3272.7,3272.7,0.0,0.0,3,3,2090.89,1181.81,-0.2778,0.5652,0.0,0.0,0.0184
Wide Leg,1762,3723.7447,4541.9147,-818.17,0.0,3,5,0.0,4541.9147,1.0,,0.1801,0.0,0.0209
Wide Leg,1763,2090.89,2090.89,0.0,0.0,2,2,2090.89,0.0,-1.0,0.0,0.0,0.0,0.0117
Wide Leg,1764,1776.0517,5139.6617,-3363.61,288.7636,2,8,2946.2217,2193.44,-0.1465,0.7445,0.6544,0.0532,0.01
Wide Leg,1765,6011.1915,6838.4515,-827.26,-354.5454,5,7,3202.1115,3636.34,0.0635,1.1356,0.121,0.0,0.0337
Wide Leg,1768,1181.81,1181.81,0.0,0.0,1,1,0.0,1181.81,1.0,,0.0,0.0,0.0066
Wide Leg,1770,1181.81,1181.81,0.0,0.0,1,1,0.0,1181.81,1.0,,0.0,0.0,0.0066
Wide Leg,1776,2181.8,2181.8,0.0,0.0,2,2,999.99,1181.81,0.0833,1.1818,0.0,0.0,0.0122
Wide Leg,1779,2363.62,2363.62,0.0,0.0,2,2,0.0,2363.62,1.0,,0.0,0.0,0.0133
Wide Leg,1780,7614.0608,8795.8708,-1181.81,0.0,7,9,3977.7208,4818.15,0.0955,1.2113,0.1344,0.0,0.0427
Wide Leg,1781,2793.4686,2793.4686,0.0,0.0,3,3,0.0,2793.4686,1.0,,0.0,0.0,0.0157
Wide Leg,1783,590.9,1863.62,-1272.72,227.2727,1,3,590.9,1272.72,0.3659,2.1539,0.6829,0.1087,0.0033
Wide Leg,1784,2090.89,2090.89,0.0,0.0,2,2,2090.89,0.0,-1.0,0.0,0.0,0.0,0.0117
Wide Leg,1785,-1090.9,0.0,-1090.9,0.0,-1,1,0.0,0.0,,,,,-0.0061
Wide Leg,1787,0.0,1181.81,-1181.81,0.0,0,2,0.0,1181.81,1.0,,1.0,0.0,0.0
Wide Leg,1788,4306.2364,4306.2364,0.0,0.0,4,4,2008.5793,2297.6571,0.0671,1.1439,0.0,0.0,0.0242
Wide Leg,1790,2421.87,3421.86,-999.99,577.2636,3,5,1318.17,2103.69,0.2296,1.5959,0.2922,0.1443,0.0136
Wide Leg,1791,3837.859,4619.669,-781.81,0.0,3,5,2239.6939,2379.9751,0.0304,1.0626,0.1692,0.0,0.0215
Wide Leg,1792,879.8325,879.8325,0.0,700.0,2,2,334.3825,545.45,0.2399,1.6312,0.0,0.4431,0.0049
Wide Leg,1804,3394.7858,5340.2258,-1945.44,318.1818,3,7,2090.89,3249.3358,0.2169,1.554,0.3643,0.0562,0.019
Wide Leg,1812,-951.0933,4480.6767,-5431.77,-295.4546,-1,9,0.0,4480.6767,1.0,,1.2123,0.0,-0.0053
Wide Leg,1817,620.61,3454.52,-2833.91,-220.6091,0,6,1090.9,2363.62,0.3684,2.1667,0.8203,0.0,0.0035
Wide Leg,1829,1489.1,2545.44,-1056.34,-452.7273,0,4,0.0,2545.44,1.0,,0.415,0.0,0.0084
Wide Leg,1831,4454.51,5636.32,-1181.81,0.0,4,6,2090.89,3545.43,0.2581,1.6957,0.2097,0.0,0.025
Wide Leg,1832,3285.8167,4290.3567,-1004.54,106.3636,3,5,1090.9,3199.4567,0.4915,2.9329,0.2341,0.062,0.0184
Wide Leg,1833,1927.439,4291.059,-2363.62,425.1364,2,6,881.989,3409.07,0.5889,3.8652,0.5508,0.0901,0.0108
Wide Leg,1834,-1893.5827,2806.3673,-4699.95,-300.0,-2,8,0.0,2806.3673,1.0,,1.6747,0.0,-0.0106
Wide Leg,1836,5342.5437,5342.5437,0.0,1136.1909,8,8,1781.8,3560.7437,0.333,1.9984,0.0,0.1754,0.03
Wide Leg,1839,8244.0111,8944.0011,-699.99,-100.0727,7,9,3130.7961,5813.205,0.2999,1.8568,0.0783,0.0219,0.0462
Wide Leg,1847,4618.14,6454.49,-1836.35,0.0,4,8,999.99,5454.5,0.6901,5.4546,0.2845,0.0,0.0259
Wide Leg,1848,5536.32,6627.22,-1090.9,0.0,5,7,1909.07,4718.15,0.4239,2.4714,0.1646,0.0,0.031
Wide Leg,1850,1454.54,2363.62,-909.08,0.0,1,3,0.0,2363.62,1.0,,0.3846,0.0,0.0082
Wide Leg,1851,765.3074,2265.2974,-1499.99,535.9546,1,5,964.05,1301.2474,0.1489,1.3498,0.6622,0.252,0.0043
Wide Leg,1854,1491.8282,2855.4582,-1363.63,208.1546,2,4,310.0182,2545.44,0.7829,8.2106,0.4776,0.0679,0.0084
Wide Leg,1858,427.26,427.26,0.0,0.0,1,1,427.26,0.0,-1.0,0.0,0.0,0.0,0.0024
Wide Leg,1861,2090.89,2090.89,0.0,0.0,2,2,2090.89,0.0,-1.0,0.0,0.0,0.0,0.0117
Wide Leg,1863,2295.44,5636.32,-3340.88,-204.5454,2,8,3090.88,2545.44,-0.0968,0.8235,0.5927,0.0,0.0129
Wide Leg,1869,3445.0491,4425.4191,-980.37,-201.4364,3,5,999.99,3425.4291,0.5481,3.4255,0.2215,0.0,0.0193
Wide Leg,1872,4954.5,4954.5,0.0,227.2727,5,5,3772.69,1181.81,-0.5229,0.3133,0.0,0.0439,0.0278
Wide Leg,1874,3374.15,5319.59,-1945.44,-327.2727,3,7,4090.87,1228.72,-0.538,0.3004,0.3657,0.0,0.0189
Wide Leg,1877,1999.98,3363.61,-1363.63,0.0,2,4,2181.8,1181.81,-0.2973,0.5417,0.4054,0.0,0.0112
Wide Leg,1878,1090.9,1090.9,0.0,0.0,1,1,1090.9,0.0,-1.0,0.0,0.0,0.0,0.0061
Wide Leg,1879,7297.84,8479.65,-1181.81,272.7273,7,9,2636.34,5843.31,0.3782,2.2164,0.1394,0.0312,0.0409
Wide Leg,1880,4226.5734,5408.3834,-1181.81,179.0636,4,6,1090.9,4317.4834,0.5966,3.9577,0.2185,0.032,0.0237
Wide Leg,1881,465.45,1999.98,-1534.53,-156.3636,0,4,1999.98,0.0,-1.0,0.0,0.7673,0.0,0.0026
Wide Leg,1886,2682.3022,5671.3622,-2989.06,-283.6364,2,8,999.99,4671.3722,0.6474,4.6714,0.527,0.0,0.015
Wide Leg,1887,7794.04,8975.85,-1181.81,220.2818,7,9,2090.89,6884.96,0.5341,3.2928,0.1317,0.024,0.0437
Wide Leg,1888,4437.655,4437.655,0.0,295.4546,4,4,0.0,4437.655,1.0,,0.0,0.0624,0.0249
Wide Leg,1889,6369.1847,6369.1847,0.0,654.5455,6,6,763.63,5605.5547,0.7602,7.3407,0.0,0.0932,0.0357
Wide Leg,1893,-272.73,909.08,-1181.81,0.0,0,2,909.08,0.0,-1.0,0.0,1.3,0.0,-0.0015
Wide Leg,1895,2636.35,2636.35,0.0,0.0,2,2,0.0,2636.35,1.0,,0.0,0.0,0.0148
Wide Leg,1898,9363.57,9363.57,0.0,0.0,8,8,1999.98,7363.59,0.5728,3.6818,0.0,0.0,0.0525
Wide Leg,1900,1363.63,2545.44,-1181.81,0.0,1,3,0.0,2545.44,1.0,,0.4643,0.0,0.0076
Wide Leg,1907,5066.22,7272.68,-2206.46,-66.2454,4,8,1090.9,6181.78,0.7,5.6667,0.3034,0.0,0.0284
Wide Leg,1908,3853.3401,3853.3401,0.0,286.9364,4,4,3853.3401,0.0,-1.0,0.0,0.0,0.0693,0.0216
Wide Leg,1917,5436.3191,5436.3191,0.0,563.6364,6,6,1709.07,3727.2491,0.3712,2.1809,0.0,0.0939,0.0305
Wide Leg,1918,1045.43,1045.43,0.0,536.3636,3,3,727.26,318.17,-0.3913,0.4375,0.0,0.3391,0.0059
Wide Leg,1919,6692.0588,6692.0588,0.0,134.4818,6,6,999.99,5692.0688,0.7011,5.6921,0.0,0.0197,0.0375
Wide Leg,1920,5369.7726,6551.5826,-1181.81,0.0,5,7,4133.5744,2418.0082,-0.2619,0.585,0.1804,0.0,0.0301
Wide Leg,1924,4327.8013,5509.6112,-1181.81,210.1,4,6,1090.9,4418.7112,0.604,4.0505,0.2145,0.0367,0.0243
Wide Leg,1925,7411.1882,7411.1882,0.0,0.0,7,7,2999.97,4411.2182,0.1904,1.4704,0.0,0.0,0.0416
Wide Leg,1926,7511.7468,8693.5568,-1181.81,270.8364,7,9,1909.07,6784.4868,0.5608,3.5538,0.1359,0.0302,0.0421
Wide Leg,1927,8275.0676,8275.0676,0.0,0.0,7,7,0.0,8275.0676,1.0,,0.0,0.0,0.0464
Wide Leg,1929,3597.6209,4585.3309,-987.71,-194.1,3,5,999.9909,3585.34,0.5638,3.5854,0.2154,0.0,0.0202
Wide Leg,1933,-245.82,1272.72,-1518.54,-263.2546,-1,3,0.0,1272.72,1.0,,1.1931,0.0,-0.0014
Wide Leg,1934,-298.0264,883.7836,-1181.81,0.0,0,2,0.0,883.7836,1.0,,1.3372,0.0,-0.0017
Wide Leg,1936,6450.9052,7359.9852,-909.08,295.4546,6,8,3090.88,4269.1052,0.1601,1.3812,0.1235,0.0386,0.0362
Wide Leg,1937,2872.71,5727.23,-2854.52,-145.4546,2,8,2181.8,3545.43,0.2381,1.625,0.4984,0.0,0.0161
Wide Leg,1938,3793.39,6168.12,-2374.73,388.3818,4,8,1999.98,4168.14,0.3515,2.0841,0.385,0.0831,0.0213
