rank,fit,StoreCode,net_sales,gross_sales,return_amount,discount_amount,net_qty,n_rows,gross_h1,gross_h2,growth_index,growth_ratio_h2_h1,return_rate_amount,discount_intensity,net_share_pct,potential_score,pctile_growth_index,pctile_return_rate_amount,pctile_discount_intensity,pctile_net_share_pct,score_excl_discount
1,Straight,1788,15191.12,16282.02,-1090.9,172.3909,14,16,918.51,15363.51,0.8872,16.7266,0.067,0.0105,0.0852,91.1,96.6,96.2,83.3,78.4,93.1
2,Straight,1532,15843.6096,17257.2196,-1413.61,-41.5454,14,18,2109.71,15147.5096,0.7555,7.1799,0.0819,0.0042,0.0889,88.0,88.0,94.6,86.1,79.6,88.5
3,Flare,1662,13152.89,15061.96,-1909.07,132.3546,13,17,818.17,14243.79,0.8914,17.4093,0.1267,0.0087,0.0738,87.8,96.8,86.0,84.4,71.2,88.6
4,Wide Leg,1688,27015.3681,31515.3381,-4499.97,173.8,23,31,3181.79,28333.5481,0.7981,8.9049,0.1428,0.0154,0.1515,87.5,91.6,83.5,78.1,95.8,89.9
5,Wide Leg,1543,20489.4491,23041.9491,-2552.5,-633.8364,17,23,3090.88,19951.0691,0.7317,6.4548,0.1108,0.0076,0.1149,87.4,86.1,89.9,85.1,89.8,88.0
6,Straight,1651,27759.7058,28541.5158,-781.81,1046.8182,26,28,1999.98,26541.5358,0.8599,13.2709,0.0274,0.0354,0.1557,87.0,95.2,98.1,50.0,96.2,96.3
7,Flare,1861,9582.512,10764.322,-1181.81,96.2546,9,11,0.0,10764.322,1.0,,0.1098,0.0089,0.0537,86.7,98.7,90.3,84.1,51.9,87.3
8,Straight,1541,10181.74,12181.72,-1999.98,0.0,9,13,0.0,12181.72,1.0,,0.1642,0.0,0.0571,86.3,98.7,79.4,93.3,55.7,84.6
9,Straight,1655,18139.0129,20229.9029,-2090.89,442.2727,17,21,2090.89,18139.0129,0.7933,8.6753,0.1034,0.0214,0.1017,86.2,91.2,91.5,69.3,86.2,90.4
10,Straight,1621,24121.2398,28772.0998,-4650.86,20.3909,22,32,1999.98,26772.1198,0.861,13.3862,0.1616,0.0218,0.1353,86.0,95.4,80.1,68.7,94.0,90.4
11,Straight,1801,22682.3534,25434.3234,-2751.97,-10.5727,21,27,4126.17,21308.1534,0.6755,5.1641,0.1082,0.0057,0.1272,85.7,80.3,90.4,85.6,92.8,85.8
12,Flare,1860,8363.56,9181.73,-818.17,0.0,8,10,818.17,8363.56,0.8218,10.2223,0.0891,0.0,0.0469,85.7,93.2,93.4,93.3,42.5,83.8
13,Flare,1544,10506.93,11688.74,-1181.81,178.2546,10,12,818.17,10870.57,0.86,13.2864,0.1011,0.015,0.0589,85.4,95.3,91.6,78.5,57.9,87.1
14,Straight,1732,10866.57,11775.65,-909.08,315.1545,10,12,0.0,11775.65,1.0,,0.0772,0.0261,0.0609,85.0,98.7,95.2,63.3,60.1,90.4
15,Straight,1688,32349.84,38274.61,-5924.77,633.3364,30,42,3999.96,34274.65,0.791,8.5687,0.1548,0.0227,0.1814,85.0,90.9,81.5,67.4,98.3,89.4
16,Straight,1546,14262.19,15953.08,-1690.89,455.3364,13,17,1090.9,14862.18,0.8632,13.6238,0.106,0.0278,0.08,84.5,95.7,91.1,60.9,75.2,90.4
17,Flare,1932,15489.8327,18580.7127,-3090.88,303.7182,15,21,1571.75,17008.9627,0.8308,10.8217,0.1663,0.0161,0.0869,84.5,94.0,78.7,77.0,78.9,86.4
18,Straight,1817,14440.29,18411.43,-3971.14,-78.8545,13,21,1006.12,17405.31,0.8907,17.2994,0.2157,0.0046,0.081,84.1,96.8,67.3,86.0,76.1,83.7
19,Straight,1618,37637.62,43374.94,-5737.32,1638.0727,35,47,2900.44,40474.5,0.8663,13.9546,0.1323,0.0364,0.2111,84.1,95.8,84.8,48.6,99.0,93.0
20,Wide Leg,1552,22525.9866,28408.8866,-5882.9,241.5273,20,30,2781.79,25627.0966,0.8042,9.2124,0.2071,0.0156,0.1263,83.8,92.3,69.7,77.6,92.7,85.3
21,Flare,1551,11669.8895,13433.5095,-1763.62,0.0,11,15,1500.6095,11932.9,0.7766,7.952,0.1313,0.0107,0.0654,83.4,89.7,85.0,82.9,65.0,83.6
22,Straight,1535,12552.64,14161.71,-1609.07,83.6364,11,15,909.08,13252.63,0.8716,14.5781,0.1136,0.0264,0.0704,83.4,96.0,89.0,62.7,68.4,88.6
23,Straight,1552,36968.9348,45818.8548,-8849.92,664.1636,34,52,4727.2218,41091.633,0.7937,8.6926,0.1932,0.0215,0.2073,83.3,91.3,72.3,69.2,98.9,86.8
24,Straight,1898,10850.4666,10850.4666,0.0,287.9364,10,10,1090.9,9759.5666,0.7989,8.9463,0.0,0.0259,0.0609,83.2,91.9,99.1,63.5,60.0,88.2
25,Straight,1883,16517.3622,17608.2622,-1090.9,770.1909,16,18,1090.9,16517.3622,0.8761,15.141,0.062,0.0419,0.0926,83.1,96.1,96.6,40.9,81.9,93.6
26,Straight,1714,32182.5982,38918.0182,-6735.42,807.8364,31,45,4272.6718,34645.3464,0.7804,8.1086,0.1731,0.0251,0.1805,82.9,90.2,76.6,64.6,98.1,87.4
27,Straight,1924,11090.82,11090.82,0.0,0.0,10,10,2181.8,8909.02,0.6066,4.0833,0.0,0.0,0.0622,82.6,74.7,99.1,93.3,61.8,79.9
28,Straight,1634,13418.5033,13418.5033,0.0,646.8727,13,13,0.0,13418.5033,1.0,,0.0,0.046,0.0753,82.2,98.7,99.1,35.4,72.5,93.9
29,Wide Leg,1914,8869.95,10597.2,-1727.25,0.0,7,11,1090.9,9506.3,0.7941,8.7142,0.163,0.0,0.0497,82.0,91.5,79.6,93.3,45.7,79.2
30,Flare,1540,21352.1546,25859.6846,-4507.53,0.0,20,30,4909.04,20950.6446,0.6203,4.2678,0.1743,0.0,0.1198,81.9,76.3,76.2,93.3,91.0,79.0
31,Wide Leg,1715,15031.8396,15031.8396,0.0,510.1818,14,14,1999.98,13031.8596,0.7339,6.516,0.0,0.0328,0.0843,81.8,86.3,99.1,53.9,77.9,88.7
32,Flare,1523,12089.25,13621.7,-1532.45,56.1,11,15,1999.98,11621.72,0.7064,5.8109,0.1125,0.0142,0.0678,81.8,84.0,89.4,79.3,66.4,82.4
33,Flare,1675,16432.0188,19838.0388,-3406.02,-124.4273,16,24,2681.79,17156.2488,0.7296,6.3973,0.1717,0.0143,0.0922,81.7,86.0,77.0,79.2,81.7,82.4
34,Baggy,1507,13681.72,13681.72,0.0,318.1818,12,12,2181.8,11499.92,0.6811,5.2708,0.0,0.0227,0.0767,81.7,81.0,99.1,67.5,73.6,85.3
35,Straight,1669,18312.4,20494.2,-2181.8,985.7909,18,22,1090.9,19403.3,0.8935,17.7865,0.1065,0.0459,0.1027,81.6,96.9,90.8,35.7,86.5,93.0
36,Straight,1766,11858.12,14039.92,-2181.8,354.5454,11,15,1090.9,12949.02,0.8446,11.87,0.1554,0.0246,0.0665,81.0,94.5,81.4,65.2,65.8,85.0
37,Straight,1802,11042.67,12860.83,-1818.16,320.8818,10,14,1090.9,11769.93,0.8304,10.7892,0.1414,0.0243,0.0619,80.8,93.8,83.7,65.7,61.2,84.5
38,Straight,1521,13240.3286,15331.2186,-2090.89,419.5818,13,17,1580.4,13750.8186,0.7938,8.7008,0.1364,0.0266,0.0743,80.8,91.4,84.4,62.0,71.4,85.5
39,Wide Leg,1628,31575.8544,35549.0544,-3973.2,1173.0303,29,37,4990.7044,30558.35,0.7192,6.1231,0.1118,0.0368,0.1771,80.7,84.8,89.7,48.1,97.9,88.8
40,Wide Leg,1579,10119.1898,12900.9798,-2781.79,177.2727,8,14,0.0,12900.9798,1.0,,0.2156,0.0136,0.0568,80.6,98.7,67.4,79.8,55.3,80.8
41,Straight,1637,16238.42,18033.21,-1794.79,49.9273,15,19,3903.93,14129.28,0.567,3.6192,0.0995,0.007,0.0911,80.5,70.6,91.9,85.4,81.1,79.2
42,Wide Leg,1743,12398.7888,14444.2288,-2045.44,145.0454,10,14,2272.71,12171.5188,0.6853,5.3555,0.1416,0.0099,0.0695,80.4,81.5,83.6,83.6,67.8,79.6
43,Straight,1551,20134.4928,23316.2828,-3181.79,741.8182,19,25,3062.3086,20253.9742,0.7373,6.614,0.1365,0.0308,0.1129,80.4,86.7,84.3,56.4,89.3,86.4
44,Flare,1837,11297.68,12934.02,-1636.34,219.6909,10,14,1790.16,11143.86,0.7232,6.2251,0.1265,0.0167,0.0634,80.3,85.3,86.0,76.2,62.8,81.3
45,Straight,1838,43173.3792,49166.4892,-5993.11,1185.6455,40,54,7301.22,41865.2692,0.703,5.734,0.1219,0.0354,0.2421,80.2,83.5,87.4,50.0,99.6,87.7
46,Straight,1543,45106.8842,50434.0942,-5327.21,616.9546,42,54,12236.23,38197.8642,0.5148,3.1217,0.1056,0.0121,0.253,80.1,65.3,91.2,81.2,99.7,79.8
47,Flare,1760,14290.18,17040.15,-2749.97,73.3273,14,20,2369.28,14670.87,0.7219,6.1921,0.1614,0.0186,0.0801,80.0,85.1,80.3,72.9,75.5,81.8
48,Flare,1769,22497.1898,25406.2498,-2909.06,745.6818,22,28,4128.4,21277.8498,0.675,5.154,0.1145,0.0285,0.1262,80.0,80.1,88.6,59.8,92.5,85.1
49,Wide Leg,1596,10269.0616,11359.9616,-1090.9,92.4909,9,11,1999.98,9359.9816,0.6479,4.68,0.096,0.0081,0.0576,79.9,78.3,92.3,84.7,56.7,78.6
50,Flare,1596,9637.5343,13001.1443,-3363.61,0.0,9,15,0.0,13001.1443,1.0,,0.2587,0.0,0.0541,79.8,98.7,55.5,93.3,52.2,76.5
51,Straight,1517,35545.315,40894.545,-5349.23,1244.8727,33,45,5181.77,35712.775,0.7466,6.892,0.1308,0.0417,0.1994,79.4,87.7,85.1,41.2,98.7,88.9
52,Straight,1519,21642.62,26800.43,-5157.81,-10.9727,20,30,4272.69,22527.74,0.6811,5.2725,0.1925,0.0171,0.1214,79.4,81.1,72.5,75.8,91.3,80.3
53,Flare,1671,11371.6472,14818.0372,-3446.39,-530.0,11,19,1717.7972,13100.24,0.7681,7.6262,0.2326,0.0,0.0638,79.3,88.7,62.9,93.3,63.0,75.8
54,Straight,1566,16339.8831,18848.9431,-2509.06,272.7273,15,21,2772.9731,16075.97,0.7058,5.7974,0.1331,0.0281,0.0916,79.0,83.9,84.7,60.5,81.4,83.7
55,Wide Leg,1667,18740.8525,21013.5625,-2272.71,484.6636,17,21,4181.78,16831.7825,0.602,4.025,0.1082,0.0225,0.1051,78.9,74.3,90.4,67.7,87.1,81.7
56,Straight,1889,8053.53,9144.43,-1090.9,196.3636,8,10,909.08,8235.35,0.8012,9.059,0.1193,0.021,0.0452,78.7,92.3,87.8,69.7,39.6,81.0
57,Straight,1892,22882.41,28216.37,-5333.96,128.8454,20,32,4962.01,23254.36,0.6483,4.6865,0.189,0.0178,0.1283,78.6,78.4,73.4,74.7,93.2,79.6
58,Flare,1574,21257.8156,23621.4156,-2363.6,713.6364,20,26,4539.7556,19081.66,0.6156,4.2032,0.1001,0.0293,0.1192,78.5,75.8,91.7,58.2,90.7,83.6
59,Wide Leg,1923,13623.9498,14654.0198,-1030.07,165.5583,11,15,3090.88,11563.1398,0.5782,3.7411,0.0703,0.0184,0.0764,78.4,71.8,95.9,73.4,73.2,79.6
60,Baggy,1811,8126.2994,10308.0994,-2181.8,0.0,7,11,1090.9,9217.1994,0.7883,8.4492,0.2117,0.0,0.0456,78.2,90.6,68.7,93.3,40.5,74.4
61,Baggy,1517,11469.2203,11978.3003,-509.08,360.3273,10,12,1090.9,10887.4003,0.8179,9.9802,0.0425,0.0461,0.0643,78.2,93.0,97.9,35.2,63.6,89.0
62,Wide Leg,1921,10045.3669,13099.8869,-3054.52,150.0727,8,14,1090.9,12008.9869,0.8334,11.0083,0.2332,0.0113,0.0563,78.0,94.1,62.7,82.2,55.0,77.0
63,Straight,1845,47977.5747,54045.6947,-6068.12,1760.3273,45,57,10574.9386,43470.7561,0.6087,4.1107,0.1123,0.0335,0.2691,77.9,75.1,89.5,52.6,99.8,84.2
64,Straight,1803,24531.4685,33386.9385,-8855.47,-87.0182,22,40,1999.98,31386.9585,0.8802,15.6936,0.2652,0.0297,0.1376,77.8,96.3,54.1,57.7,94.5,82.8
65,Straight,1758,48820.5258,58664.0658,-9843.54,1253.0727,45,65,11965.6795,46698.3864,0.5921,3.9027,0.1678,0.0209,0.2738,77.7,72.9,78.2,69.9,99.8,79.6
66,Straight,1673,41695.2393,48386.0793,-6690.84,897.5,39,53,10416.51,37969.5693,0.5694,3.6451,0.1383,0.0236,0.2338,77.6,71.0,83.9,66.5,99.3,80.3
67,Baggy,1650,9327.2,11181.73,-1854.53,-54.5455,8,12,1090.9,10090.83,0.8049,9.25,0.1659,0.0238,0.0523,77.5,92.4,79.0,66.3,50.1,80.3
68,Flare,1807,19626.09,25545.21,-5919.12,0.0,18,32,5090.84,20454.37,0.6014,4.0179,0.2317,0.0,0.1101,77.4,74.2,63.2,93.3,88.5,73.4
69,Straight,1920,13605.79,17787.57,-4181.78,0.0,13,21,2909.06,14878.51,0.6729,5.1145,0.2351,0.0,0.0763,77.1,79.8,62.1,93.3,73.1,73.0
70,Baggy,1820,10987.2667,10987.2667,0.0,663.3546,10,10,763.63,10223.6367,0.861,13.3882,0.0,0.0569,0.0616,77.1,95.5,99.1,25.1,60.7,90.1
71,Flare,1667,17695.3827,21227.1627,-3531.78,0.0,17,25,5182.6627,16044.5,0.5117,3.0958,0.1664,0.0,0.0992,77.0,65.0,78.6,93.3,84.7,72.9
72,Flare,1813,23949.5532,28858.5732,-4909.02,1243.0727,23,35,3529.2496,25329.3236,0.7554,7.177,0.1701,0.0413,0.1343,76.9,87.9,77.5,41.6,93.8,85.8
73,Wide Leg,1557,14884.5699,16903.4599,-2018.89,110.3,13,17,4090.87,12812.5899,0.516,3.132,0.1194,0.0065,0.0835,76.8,65.4,87.7,85.6,77.5,74.6
74,Wide Leg,1516,26897.2882,32848.2582,-5950.97,891.0545,23,35,5090.86,27757.3982,0.69,5.4524,0.1812,0.0323,0.1508,76.7,81.8,75.1,54.4,95.7,82.3
75,Wide Leg,1856,11377.7291,12559.5391,-1181.81,0.0,10,12,3181.79,9377.7491,0.4933,2.9473,0.0941,0.0,0.0638,76.5,63.0,92.8,93.3,63.1,72.3
76,Wide Leg,1845,20188.4014,26914.6914,-6726.29,-152.7273,17,31,4090.87,22823.8214,0.696,5.5792,0.2499,0.016,0.1132,76.5,82.7,58.4,77.1,89.6,76.4
77,Flare,1638,16219.0833,19491.7833,-3272.7,445.3727,16,22,3436.3133,16055.47,0.6474,4.6723,0.1679,0.0223,0.091,76.4,78.0,78.1,67.9,80.8,78.6
78,Straight,1646,16842.58,20115.28,-3272.7,490.9091,16,22,3727.23,16388.05,0.6294,4.3968,0.1627,0.0238,0.0945,76.3,76.9,79.8,66.2,82.3,78.8
79,Straight,1820,24701.558,29804.958,-5103.4,1960.5364,24,34,1577.71,28227.248,0.8941,17.8913,0.1712,0.0667,0.1385,76.2,97.0,77.2,19.6,94.6,90.4
80,Wide Leg,1555,10599.7425,13872.4425,-3272.7,0.0,9,15,2090.89,11781.5525,0.6986,5.6347,0.2359,0.0,0.0594,76.1,83.0,61.9,93.3,58.5,71.8
81,Baggy,1856,8691.39,9782.29,-1090.9,318.1818,8,10,1090.9,8691.39,0.777,7.9672,0.1115,0.0315,0.0487,76.1,89.7,89.7,55.6,44.6,81.2
82,Wide Leg,1692,7454.5,9545.39,-2090.89,0.0,6,10,1090.9,8454.49,0.7714,7.75,0.219,0.0,0.0418,76.1,89.0,66.7,93.3,34.9,71.9
83,Straight,1650,31521.3921,37339.5321,-5818.14,1206.3818,30,40,7375.9082,29963.6239,0.6049,4.0624,0.1558,0.0313,0.1768,76.0,74.6,81.3,55.9,97.9,81.1
84,Baggy,1576,9879.2,10970.1,-1090.9,484.3636,9,11,1090.9,9879.2,0.8011,9.056,0.0994,0.0423,0.0554,76.0,92.2,91.9,40.3,53.8,84.9
85,Flare,1519,17285.0077,25421.2977,-8136.29,0.0,16,32,3545.41,21875.8877,0.7211,6.1702,0.3201,0.0,0.0969,75.9,85.0,42.9,93.3,83.2,71.5
86,Flare,1557,17869.6117,20713.0617,-2843.45,66.8546,17,23,5180.6217,15532.44,0.4998,2.9982,0.1373,0.0107,0.1002,75.8,63.4,84.1,83.0,85.2,74.0
87,Straight,1654,16798.0143,18343.4443,-1545.43,308.4455,16,20,3947.67,14395.7743,0.5696,3.6467,0.0842,0.0307,0.0942,75.7,71.1,94.4,56.6,82.2,80.5
88,Flare,1842,8454.47,9340.82,-886.35,363.6364,8,10,999.99,8340.83,0.7859,8.3409,0.0949,0.0375,0.0474,75.3,90.4,92.7,47.3,43.4,82.3
89,Straight,1596,15600.76,15600.76,0.0,762.7364,15,15,2636.33,12964.43,0.662,4.9176,0.0,0.0466,0.0875,75.2,79.2,99.1,34.6,79.1,85.4
90,Straight,1689,12618.69,15381.68,-2762.99,290.2909,12,18,1999.98,13381.7,0.74,6.6909,0.1796,0.0309,0.0708,75.2,87.1,75.5,56.2,68.8,80.0
91,Wide Leg,1605,16230.5643,16499.7943,-269.23,468.6818,14,16,2854.52,13645.2743,0.654,4.7802,0.0163,0.0462,0.091,75.1,78.5,98.2,35.0,80.9,85.1
92,Straight,1594,14179.6501,17452.3501,-3272.7,665.4545,14,20,1968.8498,15483.5003,0.7744,7.8642,0.1875,0.0367,0.0795,75.1,89.5,73.7,48.1,75.1,81.9
93,Straight,1579,24043.0918,28679.4018,-4636.31,1059.0909,23,33,4363.5818,24315.82,0.6957,5.5724,0.1617,0.0444,0.1348,74.7,82.6,80.0,37.8,93.9,83.9
94,Straight,1695,11393.7257,13575.5257,-2181.8,272.7273,11,15,2586.33,10989.1957,0.619,4.249,0.1607,0.0197,0.0639,74.5,76.2,80.6,71.9,63.1,75.1
95,Wide Leg,1650,17231.69,19418.04,-2186.35,-177.2727,15,19,6054.49,13363.55,0.3764,2.2072,0.1126,0.0,0.0966,74.5,52.8,89.3,93.3,82.9,69.8
96,Wide Leg,1625,13107.0778,15816.1378,-2709.06,-109.0909,11,17,3909.05,11907.0878,0.5057,3.046,0.1713,0.0,0.0735,74.4,64.6,77.1,93.3,70.9,69.7
97,Baggy,1533,13092.21,15455.83,-2363.62,600.0,12,16,2181.8,13274.03,0.7177,6.084,0.1529,0.0374,0.0734,74.4,84.6,81.7,47.6,70.8,81.1
98,Flare,1848,19138.2876,27049.2576,-7910.97,457.6273,18,36,3300.5276,23748.73,0.756,7.1954,0.2925,0.0217,0.1073,74.2,88.1,48.4,68.7,87.6,75.6
99,Flare,1509,9421.1473,10421.1373,-999.99,220.1909,10,12,2110.1473,8310.99,0.595,3.9386,0.096,0.0207,0.0528,74.1,73.4,92.4,70.3,50.7,75.1
100,Straight,1626,13742.4918,14833.3918,-1090.9,530.1182,13,15,3090.8818,11742.51,0.5833,3.7991,0.0735,0.0345,0.0771,74.1,72.4,95.7,51.1,73.8,79.9
101,Straight,1775,26133.4098,34291.3398,-8157.93,455.2182,24,42,5744.9381,28546.4017,0.6649,4.969,0.2379,0.0265,0.1466,73.9,79.4,61.2,62.5,95.4,76.7
102,Flare,1619,13853.32,17944.19,-4090.87,510.1818,14,22,2454.51,15489.68,0.7264,6.3107,0.228,0.0276,0.0777,73.8,85.6,64.7,61.1,74.0,76.9
103,Flare,1909,15800.7109,17709.7809,-1909.07,1017.3182,16,20,2571.74,15138.0409,0.7096,5.8863,0.1078,0.0543,0.0886,73.7,84.1,90.5,27.5,79.5,85.2
104,Straight,1675,11110.2655,14564.7755,-3454.51,477.4,10,18,1090.9,13473.8755,0.8502,12.3512,0.2372,0.0317,0.0623,73.6,94.8,61.5,55.2,61.9,78.2
105,Straight,1628,41244.7233,49517.3733,-8272.65,2501.1091,40,55,7440.828,42076.5454,0.6995,5.6548,0.1671,0.053,0.2313,73.5,83.2,78.5,28.7,99.2,84.7
106,Flare,1527,37703.2071,52394.9571,-14691.75,870.5727,35,67,9225.6771,43169.28,0.6478,4.6793,0.2804,0.0183,0.2115,73.5,78.1,50.9,73.5,99.1,73.5
107,Straight,1681,12713.08,17167.59,-4454.51,377.7273,12,20,2063.22,15104.37,0.7596,7.3208,0.2595,0.0215,0.0713,73.4,88.3,55.3,69.1,69.2,74.4
108,Straight,1935,20667.7556,22613.1956,-1945.44,661.4909,20,24,4909.04,17704.1556,0.5658,3.6064,0.086,0.0419,0.1159,73.4,70.5,94.1,41.0,90.1,81.6
109,Straight,1939,35306.37,45195.02,-9888.65,1392.4364,33,53,6808.48,38386.54,0.6987,5.638,0.2188,0.04,0.198,73.4,83.1,66.8,43.5,98.7,80.9
110,Wide Leg,1811,9648.1496,11739.0396,-2090.89,300.0,9,13,1699.98,10039.0596,0.7104,5.9054,0.1781,0.0249,0.0541,73.4,84.2,75.8,64.7,52.2,75.6
111,Straight,1712,7596.3009,9869.0109,-2272.71,130.9091,7,11,1090.9,8778.1109,0.7789,8.0467,0.2303,0.0131,0.0426,73.4,90.1,63.9,80.3,35.9,71.8
112,Straight,1576,27124.0108,38993.8208,-11869.81,753.7636,24,48,2987.88,36005.9408,0.8468,12.0507,0.3044,0.0367,0.1521,73.4,94.6,46.1,48.2,95.9,79.7
113,Flare,1896,9325.8806,12416.7606,-3090.88,227.2727,9,15,1298.7193,11118.0413,0.7908,8.5608,0.2489,0.018,0.0523,73.4,90.8,58.8,74.3,50.0,73.2
114,Straight,1660,14632.8,18996.4,-4363.6,261.8182,14,22,3803.8,15192.6,0.5995,3.9941,0.2297,0.0136,0.0821,73.2,74.1,64.4,79.6,76.6,71.5
115,Super Skinny,1857,13089.3497,13907.5197,-818.17,418.0,13,15,3272.68,10634.8397,0.5294,3.2496,0.0588,0.0292,0.0734,73.1,66.5,96.9,58.3,70.6,76.8
116,Flare,1654,16368.8464,20277.8964,-3909.05,163.6364,16,24,5018.12,15259.7764,0.5051,3.0409,0.1928,0.008,0.0918,73.0,64.3,72.5,84.8,81.5,70.1
117,Straight,1823,24163.1435,28997.7935,-4834.65,1064.2273,24,34,5454.4818,23543.3117,0.6238,4.3163,0.1667,0.0407,0.1355,73.0,76.7,78.5,42.6,94.2,80.5
118,Baggy,1803,13235.3143,14326.2143,-1090.9,1321.8636,13,15,1630.7243,12695.49,0.7723,7.7852,0.0761,0.0845,0.0742,72.9,89.3,95.3,13.5,71.3,87.8
119,Baggy,1578,15268.18,17044.48,-1776.3,430.8636,14,18,3672.6918,13371.7882,0.569,3.6409,0.1042,0.0355,0.0856,72.9,70.9,91.2,49.9,78.5,78.7
120,Wide Leg,1549,8965.9909,12511.4209,-3545.43,191.3,8,14,999.99,11511.4309,0.8401,11.5115,0.2834,0.0151,0.0503,72.9,94.3,50.1,78.4,46.5,71.5
121,Straight,1671,11765.0551,12726.9951,-961.94,702.3818,12,14,1529.2,11197.7951,0.7597,7.3226,0.0756,0.0676,0.066,72.8,88.4,95.3,19.1,65.1,86.2
122,Straight,1581,29961.4842,41688.6342,-11727.15,1120.0,28,52,6454.47,35234.1642,0.6903,5.4589,0.2813,0.0262,0.168,72.7,81.9,50.7,63.1,97.3,75.0
123,Wide Leg,1556,13014.719,15923.779,-2909.06,0.0,11,17,4181.78,11741.9989,0.4748,2.8079,0.1827,0.0,0.073,72.5,61.3,74.9,93.3,70.3,67.2
124,Straight,1559,27980.7718,33361.8618,-5381.09,260.9455,25,37,9090.8218,24271.04,0.455,2.6698,0.1613,0.0205,0.1569,72.5,59.4,80.3,70.7,96.4,72.9
125,Super Skinny,1932,13280.8143,14098.9843,-818.17,0.0,13,14,4971.8181,9127.1662,0.2947,1.8358,0.058,0.0,0.0745,72.5,47.0,97.1,93.3,72.0,67.3
126,Straight,1836,15344.24,16162.41,-818.17,559.6364,14,16,4011.75,12150.66,0.5036,3.0288,0.0506,0.0335,0.0861,72.3,63.9,97.5,52.8,78.6,77.2
127,Straight,1844,30093.8051,38883.3251,-8789.52,280.5182,28,46,9044.73,29838.5951,0.5348,3.299,0.226,0.0193,0.1688,72.2,66.9,65.4,72.4,97.4,72.2
128,Wide Leg,1806,35173.09,41334.31,-6161.22,579.0909,31,43,11790.79,29543.52,0.4295,2.5056,0.1491,0.0208,0.1973,72.1,56.8,82.4,70.1,98.6,72.6
129,Flare,1688,28692.5769,39797.0069,-11104.43,1094.8909,28,52,5292.668,34504.3389,0.734,6.5193,0.279,0.0345,0.1609,72.1,86.4,51.1,51.1,96.8,77.3
130,Straight,1850,9265.23,11356.12,-2090.89,450.6,9,13,1090.9,10265.22,0.8079,9.4099,0.1841,0.0382,0.052,72.1,92.6,74.3,45.8,49.3,78.8
131,Wide Leg,1646,17489.6723,20446.1723,-2956.5,2559.6455,19,25,1625.4354,18820.7369,0.841,11.5789,0.1446,0.1301,0.0981,72.1,94.4,82.9,5.3,83.9,88.8
132,Baggy,1671,12563.9744,15927.5844,-3363.61,759.6182,12,17,1378.2244,14549.36,0.8269,10.5566,0.2112,0.0455,0.0705,72.1,93.4,68.9,36.3,68.5,81.1
133,Straight,1605,30191.23,32282.12,-2090.89,1132.6273,29,33,9146.77,23135.35,0.4333,2.5293,0.0648,0.0339,0.1693,72.0,57.3,96.4,52.0,97.5,77.1
134,Flare,1829,9037.8,9454.46,-416.66,0.0,8,10,2818.15,6636.31,0.4038,2.3548,0.0441,0.0,0.0507,72.0,54.5,97.8,93.3,47.1,66.6
135,Straight,1657,18063.62,22367.3,-4303.68,891.1182,18,26,3090.88,19276.42,0.7236,6.2365,0.1924,0.0482,0.1013,71.8,85.4,72.6,32.8,86.0,81.5
136,Baggy,1775,9945.38,10905.37,-959.99,327.2727,9,11,1854.53,9050.84,0.6599,4.8804,0.088,0.0403,0.0558,71.8,79.0,93.6,43.2,54.5,79.0
137,Flare,1552,24250.3252,31068.4352,-6818.11,857.3091,23,37,6642.4,24426.0352,0.5724,3.6773,0.2195,0.0269,0.136,71.8,71.6,66.5,61.9,94.2,74.2
138,Flare,1843,8544.1415,11478.6615,-2934.52,0.0,8,14,1636.34,9842.3215,0.7149,6.0148,0.2557,0.0057,0.0479,71.7,84.5,56.8,85.7,43.9,68.2
139,Straight,1575,27393.7207,40381.3707,-12987.65,316.8273,25,53,4218.4,36162.9707,0.7911,8.5727,0.3216,0.0344,0.1536,71.7,91.0,42.7,51.4,96.0,76.8
140,Straight,1894,14922.27,18013.15,-3090.88,513.9727,14,20,3181.79,14831.36,0.6467,4.6613,0.1716,0.0372,0.0837,71.6,77.8,77.0,47.9,77.6,77.5
141,Straight,1687,42461.6098,50928.9598,-8467.35,990.2545,40,58,13275.0618,37653.8979,0.4787,2.8364,0.1663,0.0267,0.2381,71.6,61.6,78.8,62.0,99.4,74.1
142,Wide Leg,1578,34911.4784,45586.1184,-10674.64,591.0546,30,52,10454.4509,35131.6675,0.5413,3.3605,0.2342,0.0203,0.1958,71.5,67.4,62.4,70.9,98.5,71.7
143,Wide Leg,1882,16273.8255,17278.3655,-1004.54,942.9727,15,17,3309.05,13969.3155,0.617,4.2215,0.0581,0.0609,0.0913,71.4,76.1,97.0,22.7,81.2,83.6
144,Baggy,1552,13393.71,18412.43,-5018.72,585.6091,12,22,1090.9,17321.53,0.8815,15.8782,0.2726,0.0398,0.0751,71.4,96.4,52.9,43.9,72.3,78.3
145,Wide Leg,1679,10329.47,12120.36,-1790.89,-93.1818,9,13,2781.79,9338.57,0.541,3.357,0.1478,0.0168,0.0579,71.3,67.2,82.6,76.1,57.3,70.2
146,Straight,1911,21711.27,24674.88,-2963.61,0.0,20,26,9363.55,15311.33,0.241,1.6352,0.1201,0.0,0.1218,71.3,42.5,87.6,93.3,91.5,65.8
147,Straight,1686,8107.3515,8870.9815,-763.63,562.2,9,11,0.0,8870.9815,1.0,,0.0861,0.0911,0.0455,71.3,98.7,94.0,11.4,40.3,86.3
148,Flare,1653,9633.54,10633.53,-999.99,500.0,10,12,1636.34,8997.19,0.6922,5.4984,0.094,0.0449,0.054,71.3,82.2,92.9,37.0,52.1,79.9
149,Wide Leg,1939,18236.5945,27700.1445,-9463.55,170.7091,16,34,3909.05,23791.0945,0.7178,6.0862,0.3416,0.0186,0.1023,71.2,84.7,38.9,73.0,86.4,70.7
150,Flare,1516,22522.8014,28068.1914,-5545.39,270.7546,22,34,8014.281,20053.9105,0.4289,2.5023,0.1976,0.0096,0.1263,71.2,56.7,71.7,83.7,92.6,68.1
151,Baggy,1688,9557.4408,11095.1808,-1537.74,462.3364,8,12,0.0,11095.1808,1.0,,0.1386,0.0769,0.0536,71.2,98.7,83.8,14.9,51.6,85.2
152,Flare,1546,8449.3037,10449.2837,-1999.98,68.1818,9,13,1585.7337,8863.55,0.6965,5.5896,0.1914,0.0234,0.0474,71.2,82.8,72.8,66.9,43.3,72.3
153,Straight,1879,8324.6,10597.31,-2272.71,129.8727,8,12,1818.16,8779.15,0.6569,4.8286,0.2145,0.0121,0.0467,71.1,78.8,68.1,81.1,42.3,68.6
154,Straight,1811,33093.9201,42300.7201,-9206.8,581.5182,31,49,9897.2013,32403.5188,0.5321,3.274,0.2177,0.0256,0.1856,71.0,66.7,67.0,63.9,98.4,72.7
155,Flare,1873,22097.5,29461.07,-7363.57,730.9455,22,36,5970.83,23490.24,0.5947,3.9342,0.2499,0.0242,0.1239,70.9,73.3,58.3,65.8,91.9,72.1
156,Wide Leg,1671,10830.1366,13193.7566,-2363.62,220.2818,10,14,2909.06,10284.6966,0.559,3.5354,0.1791,0.0164,0.0607,70.9,69.5,75.5,76.4,59.7,69.5
157,Baggy,1845,8303.65,11016.35,-2712.7,-150.9091,7,13,947.3,10069.05,0.828,10.6292,0.2462,0.0281,0.0466,70.8,93.7,59.6,60.7,41.9,73.3
158,Flare,1681,6137.2701,8205.4301,-2068.16,-85.5,6,10,818.17,7387.2601,0.8006,9.029,0.252,0.0143,0.0344,70.8,92.1,57.6,79.2,24.9,68.7
159,Straight,1625,22083.8092,27250.9192,-5167.11,906.9091,21,31,5999.94,21250.9792,0.5597,3.5419,0.1896,0.0322,0.1239,70.8,69.6,73.2,54.6,91.8,74.9
160,Straight,1718,10223.77,15278.27,-5054.5,106.1454,9,19,1999.98,13278.29,0.7382,6.6392,0.3308,0.0069,0.0573,70.6,86.8,41.2,85.5,56.2,66.8
161,Baggy,1640,7136.32,9318.12,-2181.8,318.1818,6,10,0.0,9318.12,1.0,,0.2341,0.033,0.04,70.6,98.7,62.5,53.4,32.2,74.9
162,Straight,1765,8793.24,11522.3,-2729.06,-106.2,8,14,1909.07,9613.23,0.6686,5.0356,0.2369,0.011,0.0493,70.5,79.5,61.7,82.4,45.5,67.6
163,Wide Leg,1775,20899.3817,26161.3717,-5261.99,-51.9273,18,30,6807.2922,19354.0795,0.4796,2.8431,0.2011,0.0193,0.1172,70.5,61.9,71.0,72.3,90.3,70.1
164,Flare,1803,22102.6197,26502.5697,-4399.95,1320.5909,23,33,4717.9297,21784.64,0.644,4.6174,0.166,0.0524,0.124,70.4,77.6,78.9,29.1,91.9,80.7
165,Straight,1630,22053.8686,27753.8086,-5699.94,423.9636,21,33,5752.0486,22001.76,0.5855,3.825,0.2054,0.0347,0.1237,70.4,72.5,70.1,50.6,91.7,75.4
166,Wide Leg,1873,21056.1854,24860.6954,-3804.51,938.7182,19,27,5854.49,19006.2054,0.529,3.2464,0.153,0.0364,0.1181,70.3,66.4,81.6,48.8,90.4,75.6
167,Straight,1908,8750.059,10622.769,-1872.71,170.4546,8,12,2181.8,8440.969,0.5892,3.8688,0.1763,0.0158,0.0491,70.3,72.8,76.0,77.4,45.0,68.6
168,Flare,1689,8047.9858,10657.0458,-2609.06,-179.4273,7,13,1636.34,9020.7058,0.6929,5.5127,0.2448,0.0112,0.0451,70.3,82.4,59.7,82.3,39.5,67.3
169,Baggy,1806,16090.79,19272.58,-3181.79,-272.7273,14,20,6454.49,12818.09,0.3302,1.9859,0.1651,0.0,0.0902,70.3,49.6,79.1,93.3,80.3,64.6
170,Wide Leg,1930,8957.8752,10139.6852,-1181.81,304.0909,9,11,2048.89,8090.7952,0.5959,3.9489,0.1166,0.0291,0.0502,70.2,73.6,88.1,58.7,46.4,73.0
171,Straight,1828,31359.21,46098.53,-14739.32,281.0636,29,57,10090.81,36007.72,0.5622,3.5684,0.3197,0.0091,0.1759,70.2,70.0,43.0,84.0,97.8,66.8
172,Baggy,1624,7113.38,8847.12,-1733.74,-120.7818,6,10,763.63,8083.49,0.8274,10.5856,0.196,0.0357,0.0399,70.1,93.4,71.8,49.6,32.0,75.1
173,Straight,1769,18079.0382,21997.6582,-3918.62,272.7273,17,25,5988.2282,16009.43,0.4556,2.6735,0.1781,0.0198,0.1014,70.0,59.5,75.7,71.7,86.0,69.5
174,Flare,1651,13677.4799,18045.0799,-4367.6,28.0727,13,23,3181.5699,14863.51,0.6474,4.6718,0.242,0.0258,0.0767,70.0,77.9,60.5,63.5,73.5,71.6
175,Straight,1847,14013.45,16804.33,-2790.88,155.2454,13,19,3999.96,12804.37,0.5239,3.2011,0.1661,0.0264,0.0786,69.8,65.8,78.8,62.7,74.6,71.5
176,Straight,1663,38735.3338,50062.5038,-11327.17,2664.3364,37,59,7939.45,42123.0538,0.6828,5.3055,0.2263,0.0505,0.2172,69.8,81.2,65.3,30.9,99.1,79.6
177,Straight,1508,10200.8784,13291.7584,-3090.88,436.7454,10,16,1758.16,11533.5984,0.7355,6.56,0.2325,0.0318,0.0572,69.8,86.6,63.1,54.9,56.0,73.5
178,Straight,1527,48841.8866,68206.7866,-19364.9,2120.9818,46,84,12054.79,56151.9966,0.6465,4.6581,0.2839,0.0315,0.2739,69.7,77.7,49.9,55.5,99.9,73.2
179,Flare,1750,10270.2995,14133.8995,-3863.6,-45.4545,10,18,2315.8195,11818.08,0.6723,5.1032,0.2734,0.0127,0.0576,69.7,79.7,52.7,80.5,56.8,67.0
180,Flare,1608,19218.1744,25809.5144,-6591.34,-8.5,17,33,6121.1809,19688.3336,0.5257,3.2164,0.2554,0.0146,0.1078,69.6,66.0,57.1,78.8,87.9,67.3
181,Mom,1633,8105.0551,9105.0451,-999.99,1108.1364,10,12,0.0,9105.0451,1.0,,0.1098,0.1085,0.0455,69.6,98.7,90.2,8.0,40.1,85.1
182,Baggy,1527,10627.6497,12150.3497,-1522.7,172.7273,10,14,1877.6997,10272.65,0.6909,5.4709,0.1253,0.0491,0.0596,69.6,82.0,86.3,32.0,58.6,79.0
183,Flare,1718,10576.6419,12485.7119,-1909.07,516.4545,11,15,2142.61,10343.1019,0.6568,4.8273,0.1529,0.0397,0.0593,69.5,78.8,81.8,44.0,58.4,75.9
184,Straight,1750,12775.1839,17229.6939,-4454.51,701.9727,13,21,1874.0839,15355.61,0.7825,8.1937,0.2585,0.0391,0.0716,69.5,90.3,55.7,45.1,69.5,75.6
185,Straight,1872,8283.5591,10465.3591,-2181.8,443.6364,8,12,909.08,9556.2791,0.8263,10.512,0.2085,0.0407,0.0465,69.5,93.3,69.5,42.7,41.7,76.2
186,Wide Leg,1940,7735.9087,10099.5287,-2363.62,0.0,7,11,2037.9487,8061.58,0.5964,3.9557,0.234,0.0,0.0434,69.4,73.8,62.6,93.3,37.4,63.5
187,Straight,1915,22420.3345,39140.4744,-16720.14,195.3,19,51,4979.9226,34160.5518,0.7455,6.8597,0.4272,0.018,0.1257,69.4,87.6,22.6,74.3,92.3,68.2
188,Straight,1706,9023.7,11040.84,-2017.14,430.7545,9,13,909.08,10131.76,0.8353,11.1451,0.1827,0.0512,0.0506,69.4,94.2,74.8,30.2,46.8,79.2
189,Straight,1747,18987.3452,21714.5852,-2727.24,1254.0273,19,25,4420.1652,17294.42,0.5929,3.9126,0.1256,0.0546,0.1065,69.4,73.1,86.3,27.3,87.4,79.9
190,Straight,1842,23690.6386,30645.1186,-6954.48,409.0909,22,36,8636.27,22008.8486,0.4364,2.5484,0.2269,0.0132,0.1329,69.4,57.6,65.1,80.0,93.8,66.7
191,Flare,1839,14737.66,19337.61,-4599.95,187.7273,15,25,4173.01,15164.6,0.5684,3.634,0.2379,0.0206,0.0827,69.3,70.8,61.2,70.6,77.0,69.0
192,Straight,1933,9456.01,10546.91,-1090.9,180.2727,9,11,2910.61,7636.3,0.4481,2.6236,0.1034,0.0168,0.053,69.3,59.0,91.4,76.0,50.9,67.6
193,Straight,1665,17341.99,22521.93,-5179.94,-174.5455,15,27,5090.86,17431.07,0.5479,3.424,0.23,0.0225,0.0973,69.3,68.1,64.0,67.8,83.6,69.7
194,Straight,1514,12233.4,15324.28,-3090.88,560.8909,12,18,2636.33,12687.95,0.6559,4.8127,0.2017,0.0353,0.0686,69.2,78.6,70.7,50.1,67.2,74.0
195,Straight,1504,8272.65,9363.55,-1090.9,0.0,8,10,2727.24,6636.31,0.4175,2.4333,0.1165,0.0,0.0464,69.2,55.7,88.2,93.3,41.5,63.2
196,Straight,1870,27424.3027,35605.9827,-8181.68,914.9273,26,42,7252.26,28353.7227,0.5926,3.9096,0.2298,0.0374,0.1538,69.2,73.0,64.2,47.5,96.1,74.6
197,Straight,1591,12509.6341,15621.9041,-3112.27,1184.5091,13,19,1090.9,14531.0041,0.8603,13.3202,0.1992,0.0793,0.0702,69.2,95.3,71.6,14.4,68.4,82.8
198,Wide Leg,1828,21242.8542,25586.0442,-4343.19,764.5818,19,27,6790.84,18795.2042,0.4692,2.7677,0.1697,0.029,0.1191,69.0,60.7,77.7,58.8,90.6,71.6
199,Straight,1751,10317.625,16137.565,-5819.94,-22.4273,9,21,1839.445,14298.12,0.772,7.7731,0.3606,0.013,0.0579,69.0,89.1,34.8,80.3,57.1,66.1
200,Baggy,1939,12870.93,13698.19,-827.26,270.8,11,13,3232.7,10465.49,0.528,3.2374,0.0604,0.0437,0.0722,69.0,66.3,96.8,39.0,69.9,76.5
201,Flare,1690,17844.8512,24004.7812,-6159.93,517.2818,17,31,4727.22,19277.5612,0.6061,4.078,0.2566,0.0276,0.1001,69.0,74.7,56.6,61.2,85.2,71.0
202,Flare,1716,6679.4,10636.27,-3956.87,-315.8273,6,14,818.17,9818.1,0.8462,12.0001,0.372,0.0,0.0375,69.0,94.6,32.5,93.3,29.4,63.0
203,Straight,1806,28856.2641,47314.9541,-18458.69,278.9454,25,63,7272.66,40042.2941,0.6926,5.5059,0.3901,0.02,0.1618,68.9,82.3,28.4,71.6,96.9,68.2
204,Flare,1715,16096.6832,18096.6632,-1999.98,1560.4364,17,21,3153.9617,14942.7016,0.6514,4.7378,0.1105,0.0794,0.0903,68.8,78.5,90.0,14.3,80.3,82.4
205,Straight,1641,17310.0342,26144.4642,-8834.43,89.9273,15,35,2545.42,23599.0442,0.8053,9.2712,0.3379,0.0376,0.0971,68.8,92.5,39.6,46.9,83.3,74.2
206,Wide Leg,1501,7204.2698,9295.1598,-2090.89,270.8364,6,10,1090.9,8204.2598,0.7653,7.5206,0.2249,0.0283,0.0404,68.8,88.6,65.5,60.0,33.1,71.0
207,Flare,1820,12128.06,12709.87,-581.81,763.6364,13,15,2437.24,10272.63,0.6165,4.2149,0.0458,0.0668,0.068,68.7,76.0,97.7,19.5,66.5,81.0
208,Straight,1860,13691.8593,19755.4393,-6063.58,528.1818,13,25,2910.97,16844.4693,0.7053,5.7865,0.3069,0.026,0.0768,68.6,83.7,45.5,63.4,73.6,69.9
209,Flare,1614,21437.735,25944.915,-4507.18,121.6,20,32,7499.605,18445.31,0.4219,2.4595,0.1737,0.0227,0.1202,68.6,56.0,76.3,67.3,91.1,68.9
210,Flare,1894,15993.4524,19779.7724,-3786.32,505.3364,16,24,4530.8206,15248.9518,0.5419,3.3656,0.1914,0.0308,0.0897,68.5,67.5,72.8,56.5,80.0,71.5
211,Flare,1923,9219.74,15580.78,-6361.04,0.0,8,22,1727.25,13853.53,0.7783,8.0206,0.4083,0.0,0.0517,68.4,90.0,25.9,93.3,48.8,62.2
212,Wide Leg,1864,30362.2437,34643.6937,-4281.45,375.3,27,37,10310.7683,24332.9254,0.4048,2.36,0.1236,0.0345,0.1703,68.4,54.6,86.9,51.0,97.6,72.8
213,Straight,1696,26273.1789,40510.1189,-14236.94,973.6636,25,53,5281.7497,35228.3692,0.7392,6.6698,0.3514,0.0345,0.1473,68.4,87.0,36.1,51.3,95.5,72.7
214,Straight,1558,13628.2265,18991.8165,-5363.59,812.9091,14,24,1999.98,16991.8365,0.7894,8.496,0.2824,0.041,0.0764,68.3,90.7,50.5,42.1,73.2,74.9
215,Flare,1514,12722.04,17949.26,-5227.22,459.6545,12,24,999.99,16949.27,0.8886,16.9494,0.2912,0.0462,0.0713,68.3,96.7,48.9,35.1,69.5,76.7
216,Flare,1825,18119.2909,23928.3109,-5809.02,905.3,17,31,3424.7,20503.6109,0.7138,5.987,0.2428,0.0486,0.1016,68.2,84.4,60.3,32.4,86.1,77.2
217,Wide Leg,1558,10538.9332,17061.6032,-6522.67,179.7546,9,21,1181.81,15879.7932,0.8615,13.4368,0.3823,0.022,0.0591,68.2,95.6,30.4,68.3,58.2,68.2
218,Straight,1557,16609.68,22327.81,-5718.13,1646.2818,16,28,935.99,21391.82,0.9162,22.8548,0.2561,0.0812,0.0932,68.2,97.2,56.7,13.9,82.1,81.7
219,Flare,1644,13539.08,14539.07,-999.99,260.8727,14,16,5254.57,9284.5,0.2772,1.7669,0.0688,0.0176,0.0759,68.2,45.6,96.1,75.1,72.8,66.5
220,Flare,1766,11078.83,14642.43,-3563.6,357.4364,10,18,2756.17,11886.26,0.6235,4.3126,0.2434,0.0238,0.0621,68.2,76.6,60.1,66.1,61.6,68.6
221,Wide Leg,1675,13267.7678,16778.6378,-3510.87,-234.5454,12,20,5181.77,11596.8678,0.3823,2.238,0.2092,0.0,0.0744,68.1,53.3,69.3,93.3,71.7,61.8
222,Wide Leg,1822,10886.27,13340.8,-2454.53,0.0,10,14,3999.96,9340.84,0.4003,2.3352,0.184,0.0,0.0611,68.0,54.2,74.5,93.3,60.2,61.7
223,Slim Straight,1552,13272.6009,13272.6009,0.0,0.0,13,13,5636.3009,7636.3,0.1507,1.3548,0.0,0.0,0.0744,68.0,34.4,99.1,93.3,71.9,61.6
224,Straight,1936,30595.0342,40715.3342,-10120.3,1247.7273,30,50,7518.08,33197.2542,0.6307,4.4157,0.2486,0.044,0.1716,67.9,77.0,58.9,38.4,97.7,75.2
225,Straight,1680,8307.5898,9980.2998,-1672.71,-54.5455,8,12,1999.98,7980.3198,0.5992,3.9902,0.1676,0.0266,0.0466,67.9,74.0,78.3,62.2,42.0,69.3
226,Baggy,1673,7363.59,9272.66,-1909.07,-272.7273,6,10,2181.8,7090.86,0.5294,3.25,0.2059,0.0,0.0413,67.9,66.5,69.9,93.3,34.3,61.5
227,Flare,1780,6781.75,11363.53,-4581.78,0.0,6,16,818.17,10545.36,0.856,12.889,0.4032,0.0,0.038,67.8,94.9,26.7,93.3,30.1,61.4
228,Baggy,1864,9742.0894,10832.9894,-1090.9,300.0,9,11,2833.0494,7999.94,0.477,2.8238,0.1007,0.0269,0.0546,67.8,61.6,91.6,61.7,52.7,69.3
229,Baggy,1636,13917.1618,17462.5918,-3545.43,477.2727,13,19,4121.7818,13340.81,0.5279,3.2367,0.203,0.0266,0.0781,67.7,66.2,70.6,62.1,74.3,69.1
230,Straight,1502,6770.45,9818.1,-3047.65,138.5909,6,12,0.0,9818.1,1.0,,0.3104,0.027,0.038,67.6,98.7,45.1,61.6,30.0,69.1
231,Baggy,1628,10556.52,14583.75,-4027.23,-609.0909,9,17,3272.7,11311.05,0.5512,3.4562,0.2761,0.0,0.0592,67.6,68.4,51.6,93.3,58.2,61.2
232,Straight,1759,14788.6,17552.21,-2763.61,412.9909,14,20,3999.96,13552.25,0.5442,3.3881,0.1575,0.0405,0.0829,67.5,67.7,81.0,43.0,77.0,73.6
233,Flare,1550,8770.39,13770.34,-4999.95,320.4546,8,18,818.17,12952.17,0.8812,15.8307,0.3631,0.0227,0.0492,67.4,96.4,34.5,67.2,45.1,67.4
234,Baggy,1651,6581.77,8945.39,-2363.62,327.2727,6,10,0.0,8945.39,1.0,,0.2642,0.0353,0.0369,67.4,98.7,54.4,50.2,28.8,71.8
235,Straight,1764,8379.16,11142.77,-2763.61,-197.4,7,13,2181.8,8960.97,0.6084,4.1071,0.248,0.0115,0.047,67.4,74.9,59.0,81.5,42.6,63.9
236,Straight,1839,21164.8846,24073.9446,-2909.06,123.9636,20,26,9941.31,14132.6346,0.1741,1.4216,0.1208,0.0051,0.1187,67.3,36.6,87.5,85.8,90.4,62.6
237,Straight,1923,18885.8546,45669.8546,-26784.0,130.2,16,70,2699.3609,42970.4938,0.8818,15.9188,0.5865,0.0241,0.1059,67.2,96.5,9.2,66.1,87.2,67.5
238,Straight,1852,17716.06,25170.54,-7454.48,269.2091,17,31,6167.1,19003.44,0.51,3.0814,0.2962,0.0106,0.0994,67.2,64.8,47.9,83.1,84.8,63.3
239,Straight,1643,6282.3635,9827.7735,-3545.41,0.0,5,13,1090.9,8736.8735,0.778,8.0089,0.3608,0.0,0.0352,67.2,89.9,34.6,93.3,26.3,60.7
240,Wide Leg,1894,12580.52,15746.64,-3166.12,66.1364,12,18,3909.05,11837.59,0.5035,3.0283,0.2011,0.022,0.0706,67.2,63.7,71.0,68.4,68.7,66.9
241,Straight,1694,30432.2861,37839.8961,-7407.61,945.4182,31,45,10315.3425,27524.5536,0.4548,2.6683,0.1958,0.0323,0.1707,67.2,59.3,71.9,54.2,97.6,70.4
242,Flare,1536,7175.7,10302.93,-3127.23,333.3364,6,14,0.0,10302.93,1.0,,0.3035,0.0313,0.0402,67.2,98.7,46.5,55.8,32.7,70.0
243,Straight,1780,11808.5,14748.48,-2939.98,315.7545,11,17,3078.88,11669.6,0.5825,3.7902,0.1993,0.0336,0.0662,67.1,72.3,71.5,52.6,65.5,70.8
244,Baggy,1758,12115.21,12115.21,0.0,521.0545,11,11,3272.7,8842.51,0.4597,2.7019,0.0,0.0412,0.0679,67.1,59.8,99.1,41.9,66.5,73.3
245,Baggy,1561,12918.0773,14008.9773,-1090.9,627.2727,12,14,3645.4173,10363.56,0.4796,2.8429,0.0779,0.0429,0.0724,66.9,61.8,94.9,39.5,70.0,73.7
246,Flare,1831,6681.79,11615.17,-4933.38,-140.6273,5,17,818.17,10797.0,0.8591,13.1965,0.4247,0.0,0.0375,66.9,95.0,23.1,93.3,29.5,60.2
247,Straight,1616,16882.3264,24791.3365,-7909.01,317.0454,16,32,5522.0931,19269.2434,0.5545,3.4895,0.319,0.0126,0.0947,66.9,68.9,43.6,80.7,82.4,63.5
248,Straight,1678,21306.0835,37371.3835,-16065.3,404.4182,19,51,5074.2535,32297.13,0.7284,6.3649,0.4299,0.0231,0.1195,66.8,85.7,22.0,67.0,90.8,66.8
249,Straight,1659,17575.06,23665.91,-6090.85,723.3182,18,30,5090.86,18575.05,0.5698,3.6487,0.2574,0.0297,0.0986,66.8,71.3,56.2,57.9,84.3,69.0
250,Straight,1929,8771.61,9553.42,-781.81,377.4091,8,10,2181.8,7371.62,0.5432,3.3787,0.0818,0.038,0.0492,66.7,67.6,94.6,46.3,45.2,71.8
251,Flare,1521,9113.55,10818.07,-1704.52,0.0,9,13,3454.5,7363.57,0.3613,2.1316,0.1576,0.0,0.0511,66.7,51.6,80.8,93.3,48.1,60.1
252,Flare,1573,11269.4644,12019.4544,-749.99,446.5,11,13,3375.1244,8644.33,0.4384,2.5612,0.0624,0.0358,0.0632,66.6,57.9,96.5,49.4,62.7,70.9
253,Straight,1623,8124.12,11553.37,-3429.25,82.8909,7,15,1090.9,10462.47,0.8112,9.5907,0.2968,0.0299,0.0456,66.5,92.7,47.5,57.5,40.3,68.8
254,Baggy,1681,10525.17,12570.61,-2045.44,502.6546,10,14,1854.53,10716.08,0.7049,5.7783,0.1627,0.0613,0.059,66.5,83.6,79.7,22.3,58.0,77.6
255,Wide Leg,1870,22440.1402,28589.5402,-6149.4,1031.3364,21,33,6345.39,22244.1502,0.5561,3.5056,0.2151,0.0436,0.1259,66.4,69.3,67.9,39.1,92.4,73.2
256,Wide Leg,1673,13876.2201,20385.2601,-6509.04,724.8273,12,24,2790.88,17594.3801,0.7262,6.3042,0.3193,0.0343,0.0778,66.4,85.6,43.3,51.5,74.1,70.2
257,Wide Leg,1814,19855.3038,21898.9138,-2043.61,770.9091,17,23,6972.66,14926.2538,0.3632,2.1407,0.0933,0.0391,0.1114,66.3,51.7,93.1,45.1,89.0,71.6
258,Wide Leg,1855,15864.0019,19068.5219,-3204.52,496.4091,15,21,5667.3055,13401.2164,0.4056,2.3647,0.1681,0.0254,0.089,66.2,54.7,78.0,64.2,79.8,66.7
259,Flare,1822,12620.1184,17983.6884,-5363.57,74.3818,12,24,4152.84,13830.8484,0.5382,3.3305,0.2982,0.0041,0.0708,66.2,67.0,47.2,86.2,68.9,61.2
260,Flare,1939,16973.12,22409.93,-5436.81,1135.3091,16,28,3636.32,18773.61,0.6755,5.1628,0.2426,0.0482,0.0952,66.1,80.2,60.4,32.7,82.8,74.5
261,Wide Leg,1909,9823.4547,11705.2547,-1881.8,783.6909,9,13,1699.98,10005.2747,0.7095,5.8855,0.1608,0.0628,0.0551,66.1,84.1,80.5,21.5,53.4,77.2
262,Straight,1549,12840.75,18488.69,-5647.94,457.1455,12,24,2772.7,15715.99,0.7001,5.6681,0.3055,0.0328,0.072,66.0,83.3,45.9,54.0,69.8,69.1
263,Slim Straight,1696,14972.85,17063.74,-2090.89,0.0,15,19,7245.64,9818.1,0.1508,1.355,0.1225,0.0,0.084,65.9,34.5,87.3,93.3,77.7,59.1
264,Super Skinny,1889,7947.758,8765.928,-818.17,0.0,8,10,3179.608,5586.32,0.2746,1.7569,0.0933,0.0,0.0446,65.9,45.4,93.0,93.3,38.9,59.1
265,Straight,1631,29301.9614,46052.4914,-16750.53,934.7727,28,60,6782.31,39270.1814,0.7055,5.7901,0.3637,0.038,0.1643,65.9,83.8,34.3,46.2,97.1,70.8
266,Mom,1574,11808.6775,13535.9275,-1727.25,647.4455,13,17,3038.0175,10497.91,0.5511,3.4555,0.1276,0.0456,0.0662,65.8,68.3,85.8,36.1,65.6,73.3
267,Wide Leg,1663,19960.1008,32669.9908,-12709.89,550.9182,17,43,3272.7,29397.2908,0.7997,8.9826,0.389,0.0412,0.1119,65.7,92.0,28.7,42.0,89.2,71.7
268,Straight,1624,13667.61,16253.67,-2586.06,823.2,13,19,2784.14,13469.53,0.6574,4.8379,0.1591,0.0784,0.0767,65.7,78.9,80.7,14.7,73.4,78.4
269,Straight,1507,42801.3663,63041.8963,-20240.53,2704.7697,41,83,8146.9645,54894.9318,0.7415,6.7381,0.3211,0.0556,0.24,65.7,87.2,42.8,26.1,99.4,75.6
270,Flare,1588,11934.4368,14025.3268,-2090.89,0.0,12,16,5411.0368,8614.29,0.2284,1.592,0.1491,0.0,0.0669,65.7,41.3,82.3,93.3,66.1,58.8
271,Straight,1638,11113.34,14822.39,-3709.05,1172.9273,11,19,909.08,13913.31,0.8773,15.3048,0.2502,0.0733,0.0623,65.6,96.2,58.2,16.3,62.0,77.9
272,Wide Leg,1655,12654.7971,13836.6071,-1181.81,944.3364,12,14,3090.88,10745.7271,0.5532,3.4766,0.0854,0.0639,0.071,65.6,68.7,94.2,21.1,69.1,76.7
273,Mom,1524,11642.5,12642.49,-999.99,175.5454,13,15,4915.3,7727.19,0.2224,1.5721,0.0791,0.0137,0.0653,65.6,40.6,94.9,79.6,64.7,62.1
274,Straight,1734,20684.6536,27833.3536,-7148.7,635.7363,20,34,6909.02,20924.3336,0.5035,3.0286,0.2568,0.0266,0.116,65.6,63.8,56.4,62.4,90.2,66.4
275,Baggy,1871,5246.94,7909.03,-2662.09,-156.0636,4,10,1090.9,6818.13,0.7241,6.25,0.3366,0.0,0.0294,65.6,85.5,39.9,93.3,18.3,58.6
276,Straight,1843,12826.06,16226.02,-3399.96,1501.1,13,21,2045.42,14180.6,0.7479,6.9329,0.2095,0.0847,0.0719,65.5,87.8,69.2,13.3,69.7,78.6
277,Super Skinny,1688,9173.5011,14137.0911,-4963.59,120.0,8,18,2285.4272,11851.6639,0.6767,5.1858,0.3511,0.0084,0.0514,65.5,80.5,36.4,84.5,48.4,60.7
278,Straight,1593,12407.3064,19792.6864,-7385.38,-469.0909,11,27,3219.1964,16573.49,0.6747,5.1483,0.3731,0.0163,0.0696,65.5,80.0,32.0,76.7,67.9,62.7
279,Flare,1626,14585.8018,17403.9518,-2818.15,581.3273,14,20,4897.7108,12506.241,0.4372,2.5535,0.1619,0.0323,0.0818,65.4,57.7,80.0,54.3,76.5,68.2
280,Flare,1541,6349.1366,8258.2066,-1909.07,0.0,6,10,1909.07,6349.1366,0.5377,3.3258,0.2312,0.0,0.0356,65.3,66.9,63.5,93.3,26.8,58.3
281,Flare,1878,4077.69,7168.57,-3090.88,0.0,4,10,0.0,7168.57,1.0,,0.4312,0.0,0.0229,65.3,98.7,21.9,93.3,11.0,58.3
282,Flare,1646,20139.3518,23866.5818,-3727.23,1192.0818,21,29,6167.9127,17698.6691,0.4831,2.8695,0.1562,0.0476,0.1129,65.3,62.4,81.1,33.3,89.4,73.3
283,Straight,1848,17281.6809,21317.3609,-4035.68,1105.7455,17,25,4636.31,16681.0509,0.565,3.5979,0.1893,0.0493,0.0969,65.3,70.3,73.2,31.8,83.0,73.6
284,Wide Leg,1576,24675.6956,27130.2256,-2454.53,1530.5818,23,27,8010.9079,19119.3177,0.4094,2.3867,0.0905,0.0534,0.1384,65.2,55.0,93.3,28.6,94.6,74.4
285,Super Skinny,1835,9694.1715,10512.3415,-818.17,231.4091,9,11,3531.6677,6980.6738,0.3281,1.9766,0.0778,0.0215,0.0544,65.2,49.4,95.0,69.0,52.5,64.2
286,Flare,1824,11315.4,12934.07,-1618.67,702.1727,11,15,2818.15,10115.92,0.5642,3.5896,0.1251,0.0515,0.0635,65.2,70.2,86.5,30.0,62.9,73.9
287,Flare,1643,5685.09,8839.59,-3154.5,123.9636,5,13,818.17,8021.42,0.8149,9.8041,0.3569,0.0138,0.0319,65.1,92.7,35.4,79.5,21.5,61.4
288,Straight,1666,29569.8215,49789.2415,-20219.42,1203.0091,28,68,6967.94,42821.3015,0.7201,6.1455,0.4061,0.0349,0.1658,65.1,84.9,26.0,50.4,97.2,68.8
289,Wide Leg,1913,10182.98,12455.69,-2272.71,0.0,9,13,4272.69,8183.0,0.3139,1.9152,0.1825,0.0,0.0571,65.0,48.1,75.0,93.3,55.8,58.0
290,Wide Leg,1527,21179.4466,29065.7366,-7886.29,1010.9091,20,34,5881.76,23183.9766,0.5953,3.9417,0.2713,0.0401,0.1188,65.0,73.6,53.2,43.4,90.5,70.4
291,Straight,1873,20202.05,28347.43,-8145.38,975.5,19,35,6081.76,22265.67,0.5709,3.6611,0.2873,0.0333,0.1133,65.0,71.4,49.4,53.0,89.7,68.0
292,Flare,1605,18157.1227,23610.0827,-5452.96,34.5454,17,31,8122.9527,15487.13,0.3119,1.9066,0.231,0.0076,0.1018,65.0,47.9,63.6,85.2,86.3,60.0
293,Straight,1941,7172.86,9582.94,-2410.08,180.6182,6,12,0.0,9582.94,1.0,,0.2515,0.0503,0.0402,65.0,98.7,57.8,31.0,32.5,73.5
294,Straight,1907,6318.13,9530.69,-3212.56,0.0,6,12,1090.9,8439.79,0.7711,7.7365,0.3371,0.0156,0.0354,65.0,88.9,39.8,77.5,26.7,61.9
295,Straight,1533,15459.1721,27659.0621,-12199.89,181.4273,14,38,4181.78,23477.2821,0.6976,5.6142,0.4411,0.0181,0.0867,64.9,83.0,20.3,74.0,78.8,62.6
296,Wide Leg,1581,19031.7784,26546.1484,-7514.37,1199.8909,17,31,4272.69,22273.4584,0.6781,5.213,0.2831,0.0462,0.1067,64.9,80.6,50.2,35.0,87.5,72.4
297,Straight,1644,15629.85,18425.28,-2795.43,463.6364,15,21,5790.85,12634.43,0.3714,2.1818,0.1517,0.0304,0.0877,64.7,52.6,81.8,56.9,79.2,66.7
298,Flare,1826,25643.4583,32643.3883,-6999.93,1508.6364,27,41,8071.5283,24571.86,0.5055,3.0443,0.2144,0.0442,0.1438,64.7,64.5,68.2,38.2,95.0,71.4
299,Flare,1639,9312.6971,10039.9571,-727.26,376.6818,9,11,2780.3371,7259.62,0.4461,2.6111,0.0724,0.0362,0.0522,64.7,58.7,95.7,48.9,49.8,68.6
300,Straight,1744,7173.33,9791.48,-2618.15,372.0727,6,12,0.0,9791.48,1.0,,0.2674,0.0468,0.0402,64.7,98.7,54.1,34.2,32.6,72.4
301,Wide Leg,1871,18055.6985,22723.3685,-4667.67,1576.9091,17,27,3909.05,18814.3185,0.6559,4.813,0.2054,0.0833,0.1013,64.6,78.7,70.0,13.7,85.9,77.3
302,Flare,1686,9216.95,10589.66,-1372.71,137.5,9,13,3545.41,7044.25,0.3304,1.9869,0.1296,0.0128,0.0517,64.6,49.7,85.4,80.4,48.7,60.7
303,Straight,1640,11636.8429,24789.4429,-13152.6,-383.2454,10,36,3090.88,21698.5629,0.7506,7.0202,0.5306,0.0113,0.0653,64.5,87.8,12.9,82.2,64.6,60.0
304,Straight,1572,14321.21,16175.74,-1854.53,2314.9909,16,20,3145.41,13030.33,0.6111,4.1426,0.1146,0.1404,0.0803,64.5,75.5,88.5,3.9,75.5,79.6
305,Flare,1864,14797.3191,19582.5391,-4785.22,843.7091,15,25,3032.42,16550.1191,0.6903,5.4577,0.2444,0.0554,0.083,64.5,81.8,59.9,26.3,77.1,74.1
306,Flare,1621,12369.22,19460.04,-7090.82,357.9546,11,27,3482.91,15977.13,0.642,4.5873,0.3644,0.0181,0.0694,64.4,77.4,34.3,73.9,67.6,62.1
307,Straight,1743,13356.2518,15356.2318,-1999.98,537.5364,13,17,3999.9718,11356.26,0.479,2.8391,0.1302,0.0447,0.0749,64.3,61.7,85.3,37.4,72.2,71.0
308,Flare,1661,11648.94,15921.61,-4272.67,623.6909,11,21,2623.71,13297.9,0.6704,5.0684,0.2684,0.0377,0.0653,64.3,79.6,53.8,46.7,64.8,68.8
309,Flare,1641,22682.5685,29573.0085,-6890.44,-2.3455,22,36,11165.4627,18407.5458,0.2449,1.6486,0.233,0.0036,0.1272,64.2,43.0,62.8,86.6,92.9,58.5
310,Straight,1588,5962.0,9936.97,-3974.97,25.9091,6,14,0.0,9936.97,1.0,,0.4,0.0194,0.0334,64.2,98.7,27.0,72.2,23.8,62.2
311,Wide Leg,1674,9154.9853,13700.4053,-4545.42,0.0,8,16,2999.97,10700.4353,0.5621,3.5668,0.3318,0.0,0.0513,64.1,69.9,41.0,93.3,48.2,56.8
312,Wide Leg,1507,24302.1491,29070.2791,-4768.13,1331.0182,22,32,8449.91,20620.3691,0.4187,2.4403,0.164,0.0438,0.1363,64.1,55.9,79.6,38.8,94.3,70.5
313,Straight,1636,54649.7027,68293.7327,-13644.03,1372.3364,54,80,23777.7618,44515.9709,0.3037,1.8722,0.1998,0.0272,0.3065,64.1,47.4,71.3,61.6,100.0,64.7
314,Super Skinny,1768,6423.5654,6423.5654,0.0,3412.7091,11,10,819.74,5603.8254,0.7448,6.8361,0.0,0.347,0.036,64.0,87.5,99.1,0.1,27.7,79.9
315,Wide Leg,1842,10477.82,11477.81,-999.99,0.0,10,12,4999.95,6477.86,0.1288,1.2956,0.0871,0.0,0.0588,64.0,33.1,93.8,93.3,57.9,56.7
316,Flare,1857,11624.8356,13261.1756,-1636.34,272.7273,12,16,4806.7056,8454.47,0.2751,1.7589,0.1234,0.0202,0.0652,63.9,45.5,87.1,71.3,64.6,62.1
317,Slim Straight,1838,10030.8109,10030.8109,0.0,0.0,10,10,4576.3109,5454.5,0.0875,1.1919,0.0,0.0,0.0563,63.9,30.5,99.1,93.3,54.9,56.5
318,Flare,1650,17714.3298,24582.7198,-6868.39,-273.3818,16,32,7206.69,17376.0298,0.4137,2.4111,0.2794,0.0126,0.0993,63.8,55.4,51.0,80.8,84.8,59.5
319,Straight,1864,23626.7881,39965.0181,-16338.23,1763.0273,22,54,4861.0398,35103.9783,0.7567,7.2215,0.4088,0.0423,0.1325,63.8,88.2,25.7,40.4,93.6,69.7
320,Flare,1533,19626.5965,28288.6165,-8662.02,312.9,19,37,5934.3923,22354.2241,0.5804,3.7669,0.3062,0.0346,0.1101,63.7,72.1,45.6,50.7,88.6,66.9
321,Baggy,1631,11111.1,14156.53,-3045.43,145.4546,10,16,2838.43,11318.1,0.599,3.9875,0.2151,0.0436,0.0623,63.7,74.0,67.8,39.2,62.0,69.8
322,Flare,1917,8002.67,8763.53,-760.86,679.0545,9,11,1409.07,7354.46,0.6784,5.2194,0.0868,0.0948,0.0449,63.7,80.7,93.8,10.3,39.2,77.0
323,Flare,1636,26438.9225,36113.3625,-9674.44,213.5454,25,47,9627.1627,26486.1998,0.4668,2.7512,0.2679,0.0292,0.1483,63.7,60.5,54.0,58.4,95.6,65.0
324,Flare,1637,21267.3307,27176.3407,-5909.01,899.3364,20,34,7879.7707,19296.57,0.4201,2.4489,0.2174,0.032,0.1193,63.7,56.0,67.1,54.7,90.8,66.0
325,Flare,1801,15848.4627,21430.2227,-5581.76,994.1909,17,29,4161.61,17268.6127,0.6116,4.1495,0.2605,0.0443,0.0889,63.6,75.6,55.2,37.9,79.7,70.0
326,Flare,1590,4840.87,7240.84,-2399.97,122.7273,4,10,818.17,6422.67,0.774,7.85,0.3314,0.0167,0.0271,63.6,89.4,41.0,76.2,15.2,60.4
327,Straight,1556,28410.3056,40050.2756,-11639.97,1182.0727,28,49,9729.3757,30320.8999,0.5141,3.1164,0.2906,0.0328,0.1593,63.6,65.2,48.9,53.8,96.6,66.0
328,Flare,1581,18016.1785,25345.1485,-7328.97,8.1909,18,34,6687.7394,18657.409,0.4723,2.7898,0.2892,0.021,0.101,63.5,61.1,49.2,69.8,85.6,62.0
329,Straight,1776,7918.7196,11191.4196,-3272.7,499.3273,8,14,909.08,10282.3396,0.8375,11.3107,0.2924,0.0427,0.0444,63.5,94.2,48.5,39.6,38.6,69.5
330,Super Skinny,1662,9019.3508,11110.2408,-2090.89,0.0,8,12,3781.78,7328.4608,0.3192,1.9378,0.1882,0.0,0.0506,63.5,48.5,73.6,93.3,46.7,56.0
331,Wide Leg,1852,9212.06,10830.22,-1618.16,796.9727,8,12,1763.62,9066.6,0.6743,5.1409,0.1494,0.0685,0.0517,63.5,80.0,82.1,18.5,48.5,74.8
332,Wide Leg,1935,10385.5201,13749.1301,-3363.61,0.0,9,15,4272.69,9476.4401,0.3785,2.2179,0.2446,0.0,0.0582,63.4,52.9,59.8,93.3,57.5,55.9
333,Straight,1910,12353.1946,18080.4046,-5727.21,410.3455,11,23,2854.5146,15225.89,0.6842,5.334,0.3168,0.0364,0.0693,63.4,81.4,44.1,48.5,67.5,67.1
334,Straight,1874,11153.855,14699.265,-3545.41,117.7727,10,18,2968.045,11731.22,0.5962,3.9525,0.2412,0.0375,0.0626,63.4,73.7,60.6,47.2,62.2,67.4
335,Baggy,1870,6373.02,8463.91,-2090.89,327.2727,6,10,1090.9,7373.01,0.7422,6.7586,0.247,0.0372,0.0357,63.3,87.3,59.2,47.7,27.1,67.2
336,Straight,1812,5495.41,9949.92,-4454.51,0.0,5,13,999.99,8949.93,0.799,8.95,0.4477,0.0,0.0308,63.3,91.9,19.7,93.3,20.0,55.9
337,Wide Leg,1647,14053.8596,19568.3596,-5514.5,469.0909,13,23,4090.87,15477.4896,0.5819,3.7834,0.2818,0.0337,0.0788,63.3,72.2,50.6,52.5,74.9,66.0
338,Flare,1507,29774.8807,42315.6607,-12540.78,2091.2727,30,56,8257.2361,34058.4246,0.6097,4.1247,0.2964,0.0486,0.167,63.2,75.4,47.8,32.5,97.2,70.9
339,Super Skinny,1658,11173.9827,11773.9727,-599.99,135.0,11,13,5181.7527,6592.22,0.1198,1.2722,0.051,0.0113,0.0627,63.2,32.7,97.4,82.0,62.4,58.5
340,Straight,1763,7837.2,12037.16,-4199.96,266.1818,8,16,909.08,11128.08,0.849,12.241,0.3489,0.0345,0.044,63.1,94.7,37.3,51.2,37.8,66.1
341,Wide Leg,1594,8518.44,10972.97,-2454.53,920.0364,8,12,999.99,9972.98,0.8177,9.9731,0.2237,0.0774,0.0478,63.1,92.9,65.8,14.8,43.7,75.2
342,Flare,1543,22878.1688,28730.3888,-5852.22,834.7455,23,37,8059.0088,20671.38,0.439,2.565,0.2037,0.0413,0.1283,63.1,57.9,70.4,41.7,93.1,68.4
343,Flare,1885,32289.7637,39891.4837,-7601.72,945.9273,33,51,14493.1396,25398.3441,0.2734,1.7524,0.1906,0.0287,0.1811,62.9,45.1,73.0,59.4,98.2,63.8
344,Flare,1748,9783.2515,11369.5915,-1586.34,439.2,10,14,3008.8615,8360.73,0.4707,2.7787,0.1395,0.0372,0.0549,62.8,60.9,83.7,47.8,53.1,66.6
345,Straight,1595,10024.18,12205.98,-2181.8,272.7273,10,14,3636.32,8569.66,0.4042,2.3567,0.1787,0.0219,0.0562,62.7,54.5,75.6,68.6,54.8,61.2
346,Straight,1871,26833.305,33824.155,-6990.85,1138.1636,27,41,9336.26,24487.895,0.448,2.6229,0.2067,0.0452,0.1505,62.7,58.9,69.9,36.9,95.7,69.2
347,Wide Leg,1519,9315.0591,11315.0391,-1999.98,0.0,8,12,4181.78,7133.2591,0.2608,1.7058,0.1768,0.0,0.0522,62.7,44.0,75.8,93.3,49.9,55.0
348,Flare,1838,17340.4458,23822.1958,-6481.75,924.9636,17,31,4653.4767,19168.7191,0.6093,4.1192,0.2721,0.0468,0.0973,62.7,75.2,53.0,34.3,83.5,69.8
349,Flare,1658,17452.8735,21089.1935,-3636.32,389.3455,18,26,8235.6935,12853.5,0.219,1.5607,0.1724,0.0181,0.0979,62.6,40.3,76.6,73.6,83.8,59.8
350,Straight,1867,25499.8436,37418.2536,-11918.41,736.8182,24,50,7409.28,30008.9736,0.604,4.0502,0.3185,0.0443,0.143,62.6,74.5,43.8,38.0,94.9,68.7
351,Straight,1863,8572.11,9663.01,-1090.9,1245.9909,9,11,1565.62,8097.39,0.676,5.172,0.1129,0.1142,0.0481,62.6,80.3,89.3,7.5,44.0,76.3
352,Straight,1505,10310.3306,11401.2306,-1090.9,1164.6273,11,13,2445.7806,8955.45,0.571,3.6616,0.0957,0.0927,0.0578,62.5,71.5,92.5,10.9,57.1,75.4
353,Wide Leg,1689,15073.377,18117.317,-3043.94,589.0182,14,20,5999.94,12117.377,0.3377,2.0196,0.168,0.0315,0.0845,62.5,50.3,78.1,55.6,78.0,64.2
354,Baggy,1575,6899.0168,8505.2068,-1606.19,-393.7909,6,10,2687.0668,5818.14,0.3681,2.1652,0.1888,0.0,0.0387,62.5,52.2,73.5,93.3,30.7,54.8
355,Straight,1516,28601.5775,36630.8775,-8029.3,1706.9364,28,44,8737.4634,27893.4141,0.5229,3.1924,0.2192,0.0572,0.1604,62.4,65.7,66.6,24.9,96.7,71.8
356,Super Skinny,1647,8708.73,9526.9,-818.17,0.0,9,11,4090.85,5436.05,0.1412,1.3288,0.0859,0.0,0.0488,62.4,33.7,94.2,93.3,44.7,54.7
357,Flare,1517,14708.95,19345.26,-4636.31,0.0,15,25,7345.36,11999.9,0.2406,1.6337,0.2397,0.0,0.0825,62.4,42.5,60.9,93.3,76.9,54.7
358,Flare,1566,10264.6229,13573.6729,-3309.05,-75.3273,9,17,3989.3329,9584.34,0.4122,2.4025,0.2438,0.0104,0.0576,62.3,55.2,60.0,83.3,56.7,57.0
359,Straight,1608,22718.3368,25639.0368,-2920.7,1342.5636,23,29,8064.7876,17574.2492,0.3709,2.1791,0.1139,0.0557,0.1274,62.3,52.5,88.7,26.0,93.0,71.4
360,Straight,1570,17676.7312,24713.0312,-7036.3,824.5454,16,30,4955.9112,19757.12,0.5989,3.9866,0.2847,0.0445,0.0991,62.2,73.9,49.8,37.6,84.6,68.4
361,Flare,1673,23687.9332,30080.0632,-6392.13,814.6,24,40,7955.7263,22124.3369,0.471,2.7809,0.2125,0.0479,0.1329,62.2,61.0,68.5,33.1,93.7,69.5
362,Flare,1921,7394.99,11791.41,-4396.42,0.0,7,17,2263.97,9527.44,0.616,4.2083,0.3728,0.0,0.0415,62.2,75.8,32.2,93.3,34.6,54.4
363,Flare,1847,9929.35,10929.34,-999.99,616.0182,10,12,2818.15,8111.19,0.4843,2.8782,0.0915,0.0534,0.0557,62.2,62.6,93.2,28.7,54.1,70.6
364,Super Skinny,1811,10958.3591,12503.7991,-1545.44,-272.7273,11,15,5619.8447,6883.9544,0.1011,1.2249,0.1236,0.0,0.0615,62.1,31.7,86.8,93.3,60.6,54.3
365,Baggy,1646,6490.84,7581.74,-1090.9,2327.2727,8,10,763.63,6818.11,0.7986,8.9286,0.1439,0.2349,0.0364,62.0,91.7,83.2,1.2,28.3,77.2
366,Wide Leg,1857,11506.9214,17676.3914,-6169.47,201.1454,10,22,2999.97,14676.4214,0.6606,4.8922,0.349,0.0297,0.0645,62.0,79.1,37.2,57.6,63.9,63.2
367,Wide Leg,1744,9064.8934,10928.5134,-1863.62,984.9455,8,14,1515.14,9413.3734,0.7227,6.2129,0.1705,0.1151,0.0508,62.0,85.2,77.3,7.4,47.6,75.7
368,Straight,1818,11297.5383,15281.3983,-3983.86,972.0091,12,22,1372.4283,13908.97,0.8204,10.1346,0.2607,0.1104,0.0634,62.0,93.1,55.1,7.8,62.7,75.5
369,Super Skinny,1517,10956.9473,10956.9473,0.0,120.0,12,12,5124.35,5832.5973,0.0646,1.1382,0.0,0.0108,0.0615,61.9,28.9,99.1,82.5,60.5,56.8
370,Straight,1658,17284.114,27808.334,-10524.22,843.4454,17,37,3708.1,24100.234,0.7333,6.4993,0.3785,0.0453,0.0969,61.9,86.2,30.7,36.5,83.1,68.3
371,Wide Leg,1801,11018.377,12981.997,-1963.62,173.4818,10,14,5067.484,7914.513,0.2193,1.5618,0.1513,0.0132,0.0618,61.8,40.4,81.9,80.0,60.9,57.2
372,Flare,1640,13259.08,21077.18,-7818.1,558.9727,14,30,4113.58,16963.6,0.6097,4.1238,0.3709,0.0258,0.0744,61.8,75.3,32.8,63.6,71.7,61.3
373,Straight,1667,19803.0915,24006.2615,-4203.17,1117.4273,20,28,6679.3897,17326.8718,0.4435,2.5941,0.1751,0.0505,0.1111,61.8,58.2,76.2,30.8,88.8,69.6
374,Wide Leg,1823,22670.6597,26070.6397,-3399.98,820.5091,21,27,9363.5509,16707.0888,0.2817,1.7843,0.1304,0.0422,0.1271,61.8,46.1,85.2,40.6,92.7,67.1
375,Straight,1662,21641.6903,26734.3503,-5092.66,848.4727,20,32,8503.2789,18231.0714,0.3639,2.144,0.1905,0.0389,0.1214,61.7,51.8,73.1,45.3,91.2,65.8
376,Wide Leg,1641,25627.1592,32322.1292,-6694.97,1008.7091,23,37,8772.63,23549.4992,0.4572,2.6844,0.2071,0.0502,0.1437,61.7,59.6,69.6,31.2,94.9,69.3
377,Super Skinny,1801,12720.7649,18058.8849,-5338.12,21.5818,11,23,4921.308,13137.5769,0.455,2.6695,0.2956,0.0155,0.0713,61.7,59.4,48.0,77.9,69.4,57.7
378,Super Skinny,1847,8379.8928,8888.9728,-509.08,-99.6,8,10,3608.65,5280.3228,0.1881,1.4632,0.0573,0.0132,0.047,61.7,37.6,97.2,80.1,42.7,57.2
379,Flare,1758,21485.3446,30151.7246,-8666.38,64.9182,21,41,9913.9655,20237.7591,0.3424,2.0413,0.2874,0.016,0.1205,61.6,50.4,49.3,77.0,91.2,57.7
380,Mom,1750,11820.0369,13392.7469,-1572.71,1400.0,14,18,2972.69,10420.0569,0.5561,3.5053,0.1174,0.0946,0.0663,61.6,69.2,88.0,10.3,65.7,74.4
381,Flare,1652,9147.53,10479.33,-1331.8,556.9273,9,13,2227.24,8252.09,0.5749,3.7051,0.1271,0.0628,0.0513,61.6,71.7,85.9,21.3,48.1,71.7
382,Baggy,1910,6499.96,9090.84,-2590.88,0.0,5,11,2181.8,6909.04,0.52,3.1667,0.285,0.0,0.0365,61.6,65.6,49.6,93.3,28.4,53.6
383,Super Skinny,1543,13008.8237,17924.1237,-4915.3,-175.5454,12,24,6141.24,11782.8836,0.3148,1.9186,0.2742,0.0,0.073,61.6,48.3,52.6,93.3,70.2,53.8
384,Flare,1889,5670.7102,9647.9402,-3977.23,-10.6,5,13,818.17,8829.7702,0.8304,10.7921,0.4122,0.0197,0.0318,61.5,93.9,25.3,71.8,21.4,58.9
385,Straight,1590,6318.13,9499.92,-3181.79,0.0,6,12,1999.98,7499.94,0.5789,3.75,0.3349,0.0,0.0354,61.5,71.9,40.4,93.3,26.7,53.6
386,Flare,1583,5696.34,8605.9,-2909.56,-7.2727,5,13,1287.62,7318.28,0.7008,5.6836,0.3381,0.0178,0.0319,61.4,83.3,39.5,74.7,21.6,58.0
387,Mom,1618,27798.1402,34406.4102,-6608.27,333.0727,30,46,14618.0027,19788.4074,0.1503,1.3537,0.1921,0.0173,0.1559,61.4,34.3,72.7,75.6,96.3,57.9
388,Flare,1631,22432.4232,33905.0232,-11472.6,763.6364,21,46,7587.19,26317.8332,0.5524,3.4687,0.3384,0.0346,0.1258,61.3,68.5,39.4,50.8,92.3,63.9
389,Flare,1591,2659.08,6454.49,-3795.41,0.0,2,10,0.0,6454.49,1.0,,0.588,0.0,0.0149,61.3,98.7,9.1,93.3,5.9,53.3
390,Straight,1518,13720.5109,17902.2909,-4181.78,348.2364,13,21,5977.8909,11924.4,0.3322,1.9948,0.2336,0.0191,0.0769,61.2,50.0,62.7,72.5,73.7,58.4
391,Flare,1938,7424.66,12479.14,-5054.48,261.8182,7,19,1501.34,10977.8,0.7594,7.312,0.405,0.0205,0.0416,61.2,88.2,26.4,70.6,34.7,58.9
392,Wide Leg,1769,11431.164,12434.994,-1003.83,740.2,11,13,3291.7409,9143.2531,0.4706,2.7776,0.0807,0.0688,0.0641,61.2,60.9,94.7,18.2,63.5,72.0
393,Flare,1674,16888.472,24335.832,-7447.36,518.3909,16,32,6263.6509,18072.1811,0.4852,2.8852,0.306,0.0274,0.0947,61.1,62.7,45.7,61.4,82.5,61.1
394,Flare,1915,25673.2708,33994.7908,-8321.52,1511.6636,25,45,8641.0695,25353.7213,0.4916,2.9341,0.2448,0.0471,0.144,61.1,62.8,59.7,33.6,95.1,67.9
395,Straight,1578,27693.1054,49055.7954,-21362.69,1777.1545,27,69,6533.4327,42522.3627,0.7336,6.5084,0.4355,0.047,0.1553,61.1,86.3,21.4,33.9,96.1,67.9
396,Straight,1925,11461.67,13156.31,-1694.64,527.5,11,15,3746.17,9410.14,0.4305,2.5119,0.1288,0.0453,0.0643,61.1,57.1,85.6,36.6,63.5,67.2
397,Straight,1760,14189.1633,18458.4733,-4269.31,204.0727,13,23,4999.95,13458.5233,0.4582,2.6917,0.2313,0.0346,0.0796,61.1,59.7,63.4,50.7,75.1,63.7
398,Straight,1930,5564.05,8547.75,-2983.7,-143.5454,5,11,909.08,7638.67,0.7873,8.4026,0.3491,0.0269,0.0312,61.0,90.5,37.1,61.8,20.8,60.7
399,Straight,1896,14404.11,18276.8,-3872.69,-163.6364,14,22,6818.11,11458.69,0.2539,1.6806,0.2119,0.0176,0.0808,61.0,43.5,68.7,75.2,75.9,57.4
400,Flare,1906,10096.22,14732.53,-4636.31,151.0454,10,20,3818.14,10914.39,0.4817,2.8586,0.3147,0.0101,0.0566,61.0,62.3,44.4,83.5,55.2,55.4
401,Flare,1910,11570.9494,15451.8694,-3880.92,244.1818,12,20,4288.0626,11163.8068,0.445,2.6035,0.2512,0.023,0.0649,61.0,58.5,58.1,67.2,64.2,59.4
402,Super Skinny,1806,24147.2466,31099.8766,-6952.63,0.0,23,41,13791.212,17308.6647,0.1131,1.2551,0.2236,0.0038,0.1354,60.9,32.5,65.9,86.3,94.1,54.5
403,Straight,1804,6829.74,8829.72,-1999.98,272.7273,7,11,1899.97,6929.75,0.5696,3.6473,0.2265,0.03,0.0383,60.8,71.2,65.2,57.4,30.4,61.7
404,Wide Leg,1803,18221.2892,26764.8592,-8543.57,587.8727,17,33,6078.9598,20685.8994,0.5458,3.4029,0.3192,0.0363,0.1022,60.8,68.0,43.4,48.9,86.3,63.7
405,Super Skinny,1883,7668.6127,9086.7727,-1418.16,303.1818,7,11,2427.0927,6659.68,0.4658,2.7439,0.1561,0.0323,0.043,60.8,60.2,81.2,54.5,36.7,62.4
406,Straight,1914,22040.7538,26367.9938,-4327.24,1829.0,23,31,7450.0288,18917.9649,0.4349,2.5393,0.1641,0.0649,0.1236,60.7,57.4,79.5,20.6,91.6,70.7
407,Super Skinny,1516,10666.4891,11528.5491,-862.06,396.4273,11,13,3752.8899,7775.6592,0.3489,2.0719,0.0748,0.0443,0.0598,60.7,50.8,95.6,38.0,58.8,66.3
408,Flare,1502,9943.64,14696.26,-4752.62,-45.6909,10,20,3277.73,11418.53,0.5539,3.4837,0.3234,0.0195,0.0558,60.7,68.8,42.2,72.1,54.4,57.8
409,Baggy,1570,5991.2902,9742.1702,-3750.88,-400.6091,5,13,1090.9,8651.2702,0.776,7.9304,0.385,0.0213,0.0336,60.7,89.6,29.6,69.4,24.0,58.6
410,Super Skinny,1826,19994.0573,22147.8973,-2153.84,677.1909,21,27,9986.8669,12161.0303,0.0982,1.2177,0.0972,0.0297,0.1121,60.6,31.6,92.3,57.8,89.3,61.4
411,Wide Leg,1624,9027.2053,13569.0653,-4541.86,-27.8091,8,16,3090.88,10478.1853,0.5444,3.39,0.3347,0.0115,0.0506,60.6,67.8,40.5,81.8,47.0,55.4
412,Wide Leg,1677,13548.26,17602.77,-4054.51,0.0,12,20,7181.75,10421.02,0.184,1.451,0.2303,0.0,0.076,60.5,37.3,63.8,93.3,72.9,52.3
413,Straight,1856,16839.5997,25666.7797,-8827.18,620.9091,16,34,4332.3718,21334.4079,0.6624,4.9244,0.3439,0.0464,0.0944,60.5,79.3,38.0,34.8,82.2,66.9
414,Flare,1759,7945.01,10480.45,-2535.44,429.0909,7,15,1989.07,8491.38,0.6204,4.269,0.2419,0.0393,0.0446,60.5,76.4,60.5,44.8,38.8,64.4
415,Straight,1529,5219.86,8520.06,-3300.2,-301.3091,4,12,1090.9,7429.16,0.7439,6.8101,0.3873,0.0155,0.0293,60.5,87.4,29.3,77.7,18.0,56.2
416,Super Skinny,1625,10164.3209,10164.3209,0.0,392.7273,11,11,3752.6727,6411.6482,0.2616,1.7086,0.0,0.0372,0.057,60.4,44.3,99.1,47.8,55.5,63.5
417,Slim Straight,1578,13090.7809,15181.6709,-2090.89,0.0,13,17,7545.3709,7636.3,0.006,1.0121,0.1377,0.0,0.0734,60.4,25.3,84.0,93.3,70.7,52.2
418,Wide Leg,1696,14846.0064,20000.5064,-5154.5,520.5364,13,23,4945.41,15055.0964,0.5055,3.0443,0.2577,0.0394,0.0833,60.3,64.4,56.0,44.5,77.3,64.2
419,Straight,1555,19273.9518,29739.5018,-10465.55,978.1818,19,41,5832.4745,23907.0273,0.6078,4.099,0.3519,0.0421,0.1081,60.3,74.8,35.9,40.7,88.2,65.2
420,Wide Leg,1536,7201.4463,9146.8863,-1945.44,0.0,6,10,3090.88,6056.0063,0.3242,1.9593,0.2127,0.0,0.0404,60.3,48.9,68.4,93.3,33.0,52.0
421,Mom,1925,7805.92,10678.61,-2872.69,0.0,8,16,1572.71,9105.9,0.7054,5.7899,0.269,0.044,0.0438,60.2,83.7,53.7,38.4,37.6,65.7
422,Wide Leg,1636,29287.7325,35544.9125,-6257.18,259.3455,26,40,14295.3426,21249.5699,0.1956,1.4865,0.176,0.0298,0.1643,60.2,37.8,76.1,57.5,97.0,60.9
423,Baggy,1581,2480.72,8162.49,-5681.77,0.0,2,12,0.0,8162.49,1.0,,0.6961,0.0,0.0139,60.2,98.7,4.7,93.3,5.7,51.9
424,Slim Straight,1618,16468.7155,17377.7955,-909.08,0.0,17,19,10832.3955,6545.4,-0.2467,0.6042,0.0523,0.0,0.0924,60.2,12.4,97.3,93.3,81.8,51.9
425,Super Skinny,1920,12183.9979,13002.1679,-818.17,166.6636,13,15,6540.4691,6461.6988,-0.0061,0.988,0.0629,0.0127,0.0683,60.1,24.7,96.4,80.6,66.9,55.0
426,Straight,1922,25345.9,40240.19,-14894.29,1671.4273,23,55,7872.63,32367.56,0.6087,4.1114,0.3701,0.0442,0.1421,60.1,75.1,33.0,38.1,94.8,65.6
427,Flare,1618,19250.465,29140.855,-9890.39,480.7091,18,40,7747.3317,21393.5233,0.4683,2.7614,0.3394,0.0252,0.108,60.1,60.6,39.1,64.2,88.0,59.0
428,Super Skinny,1692,7872.67,10599.91,-2727.24,0.0,7,13,3236.32,7363.59,0.3894,2.2753,0.2573,0.0,0.0442,59.9,53.7,56.3,93.3,38.1,51.6
429,Flare,1655,8027.3045,12718.1645,-4690.86,334.2364,7,17,1961.5845,10756.58,0.6915,5.4836,0.3688,0.0256,0.045,59.9,82.1,33.4,64.0,39.4,58.9
430,Flare,1525,14007.0118,21108.7418,-7101.73,-32.6545,14,30,6156.6956,14952.0462,0.4167,2.4286,0.3364,0.0107,0.0786,59.9,55.6,40.0,82.7,74.4,54.2
431,Super Skinny,1538,7901.2076,8992.1076,-1090.9,0.0,9,11,3843.6304,5148.4773,0.1451,1.3395,0.1213,0.0,0.0443,59.8,33.8,87.5,93.3,38.4,51.4
432,Flare,1812,17327.1282,18963.4682,-1636.34,569.3182,19,23,8684.9273,10278.5409,0.084,1.1835,0.0863,0.0291,0.0972,59.8,30.1,93.9,58.5,83.4,60.0
433,Flare,1582,6035.64,10314.13,-4278.49,-158.3333,5,15,1818.16,8495.97,0.6474,4.6728,0.4148,0.0,0.0339,59.8,78.1,24.9,93.3,24.5,51.4
434,Straight,1831,5487.03,12050.81,-6563.78,-32.5273,5,17,1090.9,10959.91,0.8189,10.0467,0.5447,0.0107,0.0308,59.6,93.1,11.5,82.6,19.9,53.9
435,Straight,1931,7471.87,10562.75,-3090.88,0.0,7,13,2895.06,7667.69,0.4518,2.6485,0.2926,0.0,0.0419,59.6,59.0,48.3,93.3,35.1,51.2
436,Flare,1628,25959.2056,39504.5156,-13545.31,290.1273,26,54,14150.3757,25354.1399,0.2836,1.7918,0.3429,0.0073,0.1456,59.5,46.3,38.4,85.3,95.2,53.0
437,Straight,1807,18927.61,34501.82,-15574.21,1039.8091,19,49,5363.57,29138.25,0.6891,5.4326,0.4514,0.0392,0.1062,59.5,81.6,19.3,44.8,87.3,63.2
438,Straight,1661,12245.31,17612.18,-5366.87,-63.5909,11,23,4703.2,12908.98,0.4659,2.7447,0.3047,0.0215,0.0687,59.5,60.3,46.0,69.1,67.3,57.1
439,Wide Leg,1626,7383.05,9655.76,-2272.71,453.6364,7,11,1699.98,7955.78,0.6479,4.6799,0.2354,0.0449,0.0414,59.4,78.2,62.0,37.3,34.3,64.9
440,Wide Leg,1593,17824.7396,20570.1696,-2745.43,870.4182,16,22,7904.1407,12666.0289,0.2315,1.6025,0.1335,0.0406,0.1,59.2,41.8,84.6,42.9,85.0,63.3
441,Flare,1777,11621.1658,14621.1358,-2999.97,629.2364,12,18,4005.0058,10616.13,0.4522,2.6507,0.2052,0.0413,0.0652,59.2,59.1,70.2,41.8,64.5,63.6
442,Flare,1512,6919.3127,7919.3027,-999.99,557.8818,8,10,1636.34,6282.9627,0.5867,3.8396,0.1263,0.0658,0.0388,59.2,72.7,86.1,19.9,30.9,69.0
443,Straight,1857,13599.8587,18785.7787,-5185.92,324.8818,14,24,4441.3487,14344.43,0.5272,3.2297,0.2761,0.0396,0.0763,59.2,66.1,51.8,44.1,73.0,62.9
444,Flare,1835,9774.9,11774.88,-1999.98,225.0,10,14,4454.49,7320.39,0.2434,1.6434,0.1699,0.0188,0.0548,59.1,42.9,77.6,72.8,53.0,55.6
445,Flare,1553,16550.6205,20689.7005,-4139.08,-195.3455,17,27,7628.0805,13061.62,0.2626,1.7123,0.2001,0.0312,0.0928,59.1,44.4,71.3,56.0,82.0,59.9
446,Super Skinny,1673,20643.8924,28041.7924,-7397.9,-339.8455,19,35,11094.1115,16947.6809,0.2087,1.5276,0.2638,0.0124,0.1158,59.1,39.3,54.5,81.0,90.1,53.6
447,Flare,1871,14345.3654,19044.4554,-4699.09,1290.8636,15,25,3864.5954,15179.86,0.5942,3.9279,0.2467,0.0689,0.0805,59.1,73.2,59.4,18.1,75.6,69.3
448,Straight,1649,5749.32,8545.38,-2796.06,0.0,5,11,1999.98,6545.4,0.5319,3.2727,0.3272,0.0,0.0322,59.0,66.6,41.7,93.3,22.2,50.5
449,Straight,1538,12224.2376,22234.2476,-10010.01,889.7,11,31,2844.13,19390.1176,0.7442,6.8176,0.4502,0.0385,0.0686,59.0,87.5,19.4,45.5,67.2,62.4
450,Wide Leg,1750,10846.8137,12028.6237,-1181.81,600.0,11,13,3909.05,8119.5737,0.35,2.0771,0.0982,0.0475,0.0608,59.0,50.9,92.1,33.4,59.8,65.4
451,Flare,1714,28053.8325,36526.4725,-8472.64,3071.9182,32,49,8929.3062,27597.1663,0.5111,3.0906,0.232,0.0822,0.1573,59.0,65.0,63.1,13.7,96.4,70.3
452,Straight,1592,7014.95,9196.75,-2181.8,712.2545,7,11,1090.9,8105.85,0.7628,7.4304,0.2372,0.0719,0.0393,58.9,88.5,61.4,17.1,31.6,69.4
453,Super Skinny,1892,11586.739,13223.079,-1636.34,0.0,12,16,6951.816,6271.2631,-0.0515,0.9021,0.1237,0.0,0.065,58.8,22.1,86.7,93.3,64.4,50.2
454,Straight,1715,8630.63,9915.76,-1285.13,421.5091,8,12,2454.51,7461.25,0.5049,3.0398,0.1296,0.0562,0.0484,58.8,64.2,85.5,25.6,44.3,67.1
455,Wide Leg,1824,10671.8829,12197.8629,-1525.9799,721.5546,10,14,2999.97,9197.8929,0.5081,3.066,0.1251,0.089,0.0599,58.7,64.6,86.6,11.7,58.9,70.4
456,Flare,1828,19210.8026,28816.0926,-9605.29,439.9,19,39,8990.4926,19825.6,0.376,2.2052,0.3333,0.0203,0.1077,58.7,52.7,40.8,71.0,87.8,55.6
457,Wide Leg,1660,6917.0949,11098.8749,-4181.78,179.0636,6,14,1999.9809,9098.894,0.6396,4.5495,0.3768,0.0159,0.0388,58.7,77.3,31.0,77.3,30.8,54.1
458,Straight,1932,14518.8712,19627.9112,-5109.04,765.1273,14,24,4363.6,15264.3112,0.5554,3.4981,0.2603,0.0536,0.0814,58.6,69.1,55.2,28.4,76.2,66.1
459,Wide Leg,1910,12159.8673,14382.4273,-2222.56,997.1091,12,16,3714.7964,10667.6308,0.4834,2.8717,0.1545,0.0733,0.0682,58.6,62.5,81.5,16.3,66.6,69.2
460,Flare,1755,3527.25,6472.67,-2945.42,18.1818,2,10,0.0,6472.67,1.0,,0.4551,0.0247,0.0198,58.6,98.7,19.1,65.0,8.6,56.9
461,Super Skinny,1732,12718.7945,12718.7945,0.0,688.7818,13,13,4783.6619,7935.1326,0.2478,1.6588,0.0,0.0514,0.0713,58.5,43.2,99.1,30.1,69.3,65.6
462,Straight,1652,10309.4921,14420.5521,-4111.06,742.7545,9,21,1936.81,12483.7421,0.7314,6.4455,0.2851,0.074,0.0578,58.5,86.0,49.6,15.9,57.0,69.2
463,Wide Leg,1644,10121.5158,10121.5158,0.0,781.4818,10,10,2999.97,7121.5458,0.4072,2.3739,0.0,0.0717,0.0568,58.5,54.9,99.1,17.4,55.4,68.8
464,Wide Leg,1566,10692.0299,11964.7499,-1272.72,106.0636,10,12,5964.7899,5999.96,0.0029,1.0059,0.1064,0.0088,0.06,58.5,25.2,91.0,84.2,59.0,52.1
465,Super Skinny,1624,8333.2482,9325.9682,-992.72,-280.0,8,10,4507.8182,4818.15,0.0333,1.0688,0.1064,0.0,0.0467,58.4,26.8,90.9,93.3,42.4,49.8
466,Wide Leg,1545,9788.11,14515.35,-4727.24,586.3636,9,17,2677.25,11838.1,0.6311,4.4217,0.3257,0.0388,0.0549,58.4,77.1,41.9,45.4,53.2,61.6
467,Straight,1832,8478.37,9569.27,-1090.9,885.1818,9,11,2181.78,7387.49,0.544,3.386,0.114,0.0847,0.0475,58.4,67.6,88.6,13.4,43.5,69.6
468,Straight,1887,6448.99,8321.7,-1872.71,678.2364,6,10,1090.9,7230.8,0.7378,6.6283,0.225,0.0754,0.0362,58.4,86.7,65.4,15.6,28.0,69.0
469,Straight,1913,18450.2011,29986.7411,-11536.54,672.1727,17,41,5868.9566,24117.7845,0.6086,4.1094,0.3847,0.0437,0.1035,58.2,75.0,29.7,38.8,86.8,63.1
470,Straight,1614,14805.42,19259.93,-4454.51,1058.4455,15,23,4999.95,14259.98,0.4808,2.852,0.2313,0.0521,0.083,58.1,62.0,63.5,29.4,77.2,65.3
471,Straight,1597,10818.09,13727.15,-2909.06,272.7273,10,16,5090.86,8636.29,0.2583,1.6964,0.2119,0.0195,0.0607,58.0,43.8,68.6,72.1,59.6,54.5
472,Straight,1834,16160.05,22528.55,-6368.5,1112.5364,16,28,4969.0,17559.55,0.5589,3.5338,0.2827,0.0541,0.0906,58.0,69.5,50.4,27.7,80.6,65.6
473,Flare,1575,19663.228,25773.288,-6110.06,848.6546,19,33,9266.628,16506.66,0.2809,1.7813,0.2371,0.0319,0.1103,58.0,45.9,61.6,54.9,88.6,58.8
474,Flare,1936,9622.6591,12963.5291,-3340.87,507.5727,9,17,2515.1246,10448.4046,0.612,4.1542,0.2577,0.0521,0.054,58.0,75.7,56.0,29.4,52.0,65.1
475,Flare,1870,14881.04,25306.4,-10425.36,497.1909,14,36,5738.3,19568.1,0.5465,3.4101,0.412,0.0252,0.0835,58.0,68.0,25.4,64.3,77.4,56.4
476,Super Skinny,1882,9405.3132,11223.4732,-1818.16,184.2091,9,13,4543.01,6680.4632,0.1904,1.4705,0.162,0.0161,0.0527,58.0,37.6,79.9,76.8,50.5,53.2
477,Straight,1906,13145.4913,23090.8613,-9945.37,-318.5,12,32,5645.71,17445.1513,0.511,3.09,0.4307,0.0143,0.0737,57.9,64.9,21.9,79.1,71.1,52.6
478,Super Skinny,1734,13137.9555,14989.1755,-1851.22,6048.9182,20,26,3727.2227,11261.9527,0.5027,3.0215,0.1235,0.3033,0.0737,57.9,63.5,87.0,0.4,71.0,72.2
479,Flare,1687,16905.48,19723.63,-2818.15,1376.7909,18,24,6336.47,13387.16,0.3575,2.1127,0.1429,0.0652,0.0948,57.9,51.4,83.4,20.4,82.6,67.2
480,Wide Leg,1505,4009.3987,8467.7487,-4458.35,26.5636,3,11,0.0,8467.7487,1.0,,0.5265,0.0236,0.0225,57.8,98.7,13.6,66.6,10.7,55.6
481,Straight,1826,11006.5713,18236.7213,-7230.15,505.4636,10,26,2095.555,16141.1663,0.7702,7.7026,0.3965,0.0498,0.0617,57.8,88.8,27.4,31.6,60.9,64.4
482,Flare,1920,5134.8183,8225.6983,-3090.88,0.0,5,11,1769.16,6456.5383,0.5698,3.6495,0.3758,0.0,0.0288,57.6,71.3,31.2,93.3,17.4,48.7
483,Straight,1545,10172.39,15535.06,-5362.67,-317.9364,9,21,2454.51,13080.55,0.684,5.3292,0.3452,0.0453,0.0571,57.6,81.3,38.0,36.5,55.6,63.0
484,Straight,1647,25975.4909,35948.1209,-9972.63,1621.9546,25,45,9518.0918,26430.0291,0.4705,2.7768,0.2774,0.0508,0.1457,57.6,60.8,51.5,30.5,95.3,64.4
485,Flare,1818,18043.4176,24140.5276,-6097.11,939.4091,18,32,6913.4176,17227.11,0.4272,2.4918,0.2526,0.0441,0.1012,57.4,56.3,57.5,38.3,85.7,62.2
486,Straight,1585,10915.46,10915.46,0.0,229.8909,11,11,5579.53,5335.93,-0.0223,0.9563,0.0,0.0206,0.0612,57.4,23.8,99.1,70.5,60.4,54.2
487,Straight,1542,14624.04,23309.09,-8685.05,770.6151,14,32,4181.76,19127.33,0.6412,4.574,0.3726,0.047,0.082,57.3,77.3,32.3,33.9,76.6,63.1
488,Mom,1894,14377.3642,15077.3542,-699.99,1109.0909,18,20,5280.9138,9796.4405,0.2995,1.8551,0.0464,0.0855,0.0806,57.3,47.4,97.6,12.8,75.7,68.4
489,Mom,1853,6699.92,8181.72,-1481.8,-245.4546,7,11,3272.68,4909.04,0.2,1.5,0.1811,0.0,0.0376,57.3,38.5,75.2,93.3,29.8,48.3
490,Flare,1892,11796.5991,20454.2291,-8657.63,581.6909,12,30,3715.3491,16738.88,0.6367,4.5053,0.4233,0.0334,0.0662,57.2,77.2,23.5,53.0,65.4,58.2
491,Flare,1874,8182.043,11422.503,-3240.46,113.9546,7,15,2838.783,8583.72,0.5029,3.0237,0.2837,0.0249,0.0459,57.1,63.6,50.0,64.9,41.0,55.1
492,Flare,1663,28343.0442,41590.5042,-13247.46,741.6909,25,59,11999.77,29590.7342,0.423,2.4659,0.3185,0.0381,0.159,57.1,56.1,43.7,46.0,96.5,59.8
493,Straight,1583,10321.41,10321.41,0.0,496.6818,10,10,3985.97,6335.44,0.2276,1.5894,0.0,0.0459,0.0579,57.0,41.2,99.1,35.6,57.2,62.3
494,Flare,1914,14816.02,19169.11,-4353.09,411.2727,15,25,6281.35,12887.76,0.3446,2.0518,0.2271,0.0394,0.0831,57.0,50.6,65.0,44.7,77.3,60.1
495,Mom,1789,17582.856,22243.916,-4661.06,3209.7818,22,34,5350.076,16893.84,0.519,3.1577,0.2095,0.1436,0.0986,56.9,65.5,69.1,3.7,84.4,70.2
496,Straight,1835,11551.1527,16005.6627,-4454.51,771.1727,12,20,3586.4927,12419.17,0.5518,3.4628,0.2783,0.046,0.0648,56.9,68.4,51.2,35.5,64.1,62.2
497,Straight,1927,6842.8031,8751.8731,-1909.07,679.5091,7,11,1417.4531,7334.42,0.6761,5.1744,0.2181,0.072,0.0384,56.9,80.4,66.9,17.0,30.5,66.8
498,Baggy,1915,9755.8272,15210.3272,-5454.5,598.6454,9,19,2811.7372,12398.59,0.6303,4.4096,0.3586,0.0379,0.0547,56.8,77.0,35.0,46.6,52.9,59.4
499,Super Skinny,1579,14082.0188,15718.3588,-1636.34,424.5454,14,18,7788.99,7929.3688,0.0089,1.018,0.1041,0.0263,0.079,56.8,25.4,91.3,62.8,75.0,55.3
500,Mom,1619,9256.1701,10801.6001,-1545.43,2336.2636,12,16,2347.0701,8454.53,0.5654,3.6022,0.1431,0.1778,0.0519,56.8,70.4,83.3,2.4,49.1,70.4
501,Flare,1779,6313.6404,9940.8804,-3627.24,431.0636,6,14,0.0,9940.8804,1.0,,0.3649,0.0589,0.0354,56.7,98.7,34.2,23.6,26.6,65.0
502,Wide Leg,1897,8086.8282,10000.4482,-1913.62,-102.8909,7,11,4000.4882,5999.96,0.1999,1.4998,0.1914,0.0074,0.0454,56.6,38.4,72.9,85.2,39.9,49.5
503,Straight,1604,4496.07,9586.93,-5090.86,140.2636,4,14,1090.9,8496.03,0.7724,7.7881,0.531,0.0144,0.0252,56.6,89.3,12.8,78.9,12.8,51.0
504,Wide Leg,1551,8915.39,10788.1,-1872.71,318.1818,8,12,3872.69,6915.41,0.282,1.7857,0.1736,0.0286,0.05,56.4,46.2,76.4,59.5,46.0,55.6
505,Mom,1673,23118.0344,32145.1844,-9027.15,587.1454,25,47,11130.6082,21014.5762,0.3075,1.888,0.2808,0.0332,0.1297,56.4,47.6,50.8,53.1,93.4,57.2
506,Flare,1549,12567.148,16182.128,-3614.98,491.0364,13,21,5896.13,10285.998,0.2713,1.7445,0.2234,0.0295,0.0705,56.4,45.0,66.0,57.9,68.7,56.0
507,Wide Leg,1835,8743.3587,10706.9787,-1963.62,0.0,8,12,4872.68,5834.2987,0.0898,1.1973,0.1834,0.0,0.049,56.3,30.6,74.6,93.3,44.9,47.0
508,Flare,1833,4685.7,9240.2,-4554.5,-231.1909,4,14,0.0,9240.2,1.0,,0.4929,0.032,0.0263,56.3,98.7,15.2,54.8,13.8,56.7
509,Flare,1660,5913.7777,8550.1177,-2636.34,166.6636,6,12,1363.62,7186.4977,0.681,5.2702,0.3083,0.0392,0.0332,56.2,80.9,45.4,45.0,23.4,59.0
510,Flare,1804,5002.3852,7888.7152,-2886.33,120.3818,5,11,818.1727,7070.5425,0.7926,8.6419,0.3659,0.0396,0.0281,56.2,91.1,33.9,44.3,16.5,59.2
511,Flare,1632,10416.23,14988.65,-4572.42,-98.1546,10,20,4272.67,10715.98,0.4299,2.508,0.3051,0.0244,0.0584,56.0,56.9,45.9,65.6,57.8,53.6
512,Mom,1882,10771.72,12660.24,-1888.52,709.0909,12,18,3531.77,9128.47,0.4421,2.5847,0.1492,0.0738,0.0604,55.9,58.0,82.2,16.1,59.4,65.8
513,Super Skinny,1714,21315.3816,23360.8016,-2045.42,8345.9727,33,38,8295.9555,15064.8462,0.2898,1.8159,0.0876,0.2685,0.1195,55.8,46.5,93.7,0.8,90.9,69.6
514,Flare,1524,9782.1526,12363.9426,-2581.79,-35.9636,10,16,5273.1026,7090.84,0.147,1.3447,0.2088,0.0088,0.0549,55.7,33.9,69.4,84.3,53.0,48.6
515,Straight,1693,8066.66,13178.91,-5112.25,964.1818,8,18,0.0,13178.91,1.0,,0.3879,0.0786,0.0452,55.6,98.7,28.8,14.6,39.7,65.8
516,Super Skinny,1578,17843.5686,21868.9686,-4025.4,618.1818,18,28,9438.96,12430.0086,0.1368,1.3169,0.1841,0.0327,0.1001,55.6,33.5,74.4,54.1,85.1,56.0
517,Super Skinny,1744,10212.6826,12820.5626,-2607.88,191.0909,9,17,4544.0826,8276.48,0.2911,1.8214,0.2034,0.0329,0.0573,55.5,46.8,70.5,53.7,56.0,55.9
518,Mom,1900,8490.6748,8490.6748,0.0,490.9091,10,10,3008.9148,5481.76,0.2912,1.8218,0.0,0.0547,0.0476,55.5,46.9,99.1,27.2,43.6,62.6
519,Slim Straight,1871,14404.0474,18404.0074,-3999.96,0.0,15,23,9767.7174,8636.29,-0.0615,0.8842,0.2173,0.0,0.0808,55.4,21.5,67.2,93.3,75.8,46.0
520,Flare,1925,12183.18,17464.94,-5281.76,768.5182,12,24,4333.27,13131.67,0.5038,3.0304,0.3024,0.0421,0.0683,55.4,63.9,46.7,40.6,66.9,59.1
521,Straight,1813,12207.79,23116.79,-10909.0,890.8091,12,34,2636.33,20480.46,0.7719,7.7685,0.4719,0.055,0.0685,55.4,89.0,17.4,27.1,67.0,62.5
522,Mom,1687,32179.9187,39088.9187,-6909.0,1873.2546,37,53,16273.4498,22815.469,0.1674,1.402,0.1768,0.0457,0.1805,55.3,36.1,75.9,36.0,98.0,60.1
523,Mom,1813,15977.311,20881.551,-4904.24,614.5,18,30,7159.831,13721.72,0.3142,1.9165,0.2349,0.0408,0.0896,55.3,48.2,62.2,42.4,80.0,58.5
524,Flare,1810,10697.15,12922.5,-2225.35,1227.9545,11,17,3216.09,9706.41,0.5022,3.0181,0.1722,0.1013,0.06,55.3,63.5,76.8,9.3,59.1,66.8
525,Flare,1513,801.68,8181.74,-7380.06,-630.0364,-1,17,909.08,7272.66,0.7778,8.0,0.902,0.0,0.0045,55.2,89.8,1.5,93.3,1.6,45.7
526,Super Skinny,1555,10860.4406,12734.1506,-1873.71,-372.7273,11,17,7188.7406,5545.41,-0.129,0.7714,0.1471,0.0,0.0609,55.2,17.2,82.7,93.3,60.1,45.7
527,Flare,1576,22181.137,31840.127,-9658.99,1409.9091,23,43,9510.3299,22329.7971,0.4026,2.348,0.3034,0.0424,0.1244,55.2,54.3,46.6,40.1,92.0,59.0
528,Flare,1814,15084.6757,24331.5457,-9246.87,281.3182,13,35,7231.3557,17100.19,0.4056,2.3647,0.38,0.0212,0.0846,55.2,54.8,30.5,69.6,78.1,51.6
529,Straight,1679,4799.97,10727.18,-5927.21,-436.3636,4,16,1818.16,8909.02,0.661,4.9,0.5525,0.0,0.0269,55.2,79.2,10.6,93.3,14.7,45.7
530,Wide Leg,1885,15740.2308,21012.9108,-5272.68,0.0,14,24,10491.6208,10521.29,0.0014,1.0028,0.2509,0.0,0.0883,55.1,25.0,58.2,93.3,79.3,45.6
531,Wide Leg,1559,17541.2772,21547.7872,-4006.51,906.3727,16,26,7961.2903,13586.4969,0.2611,1.7066,0.1859,0.049,0.0984,55.1,44.0,74.0,32.0,84.1,60.9
532,Super Skinny,1690,6139.85,9223.46,-3083.61,-280.0,6,12,2636.33,6587.13,0.4283,2.4986,0.3343,0.0,0.0344,55.1,56.4,40.6,93.3,25.0,45.6
533,Flare,1547,7676.1909,9676.1709,-1999.98,362.5454,8,12,2818.1509,6858.02,0.4175,2.4335,0.2067,0.0361,0.0431,55.1,55.8,69.8,49.1,36.9,56.6
534,Wide Leg,1662,15871.3136,21138.6236,-5267.31,-241.7364,14,24,10636.27,10502.3536,-0.0063,0.9874,0.2492,0.0,0.089,55.1,24.5,58.7,93.3,79.9,45.6
535,Flare,1678,6386.8176,9486.2276,-3099.41,482.0364,6,14,818.17,8668.0576,0.8275,10.5944,0.3267,0.0762,0.0358,55.0,93.5,41.8,15.2,27.2,64.9
536,Mom,1845,18027.2773,20845.4273,-2818.15,1217.7455,21,27,8251.7055,12593.7219,0.2083,1.5262,0.1352,0.0552,0.1011,55.0,39.1,84.5,26.8,85.6,62.0
537,Super Skinny,1699,9561.0751,12700.1251,-3139.05,-250.0,9,17,5025.39,7674.7351,0.2086,1.5272,0.2472,0.0094,0.0536,55.0,39.2,59.1,83.8,51.7,47.8
538,Mom,1578,32324.8978,44570.1978,-12245.3,504.6455,36,64,20344.9978,24225.2,0.0871,1.1907,0.2747,0.0177,0.1813,54.9,30.3,52.2,74.9,98.3,49.9
539,Mom,1856,20501.4816,26626.3116,-6124.83,807.5091,22,38,10369.3895,16256.9221,0.2211,1.5678,0.23,0.038,0.115,54.9,40.5,63.9,46.1,89.9,57.1
540,Flare,1597,6884.5444,8275.4344,-1390.89,0.0,7,11,2911.8444,5363.59,0.2963,1.842,0.1681,0.0288,0.0386,54.8,47.2,77.9,59.1,30.6,53.7
541,Super Skinny,1936,18773.0705,25515.7505,-6742.68,-80.1909,19,35,10066.9569,15448.7936,0.2109,1.5346,0.2643,0.0275,0.1053,54.7,39.5,54.3,61.2,87.1,53.0
542,Flare,1578,28845.2186,46205.6686,-17360.45,229.9818,28,66,15821.046,30384.6227,0.3152,1.9205,0.3757,0.0249,0.1618,54.7,48.4,31.3,65.0,96.8,52.1
543,Flare,1919,8918.12,13045.34,-4127.22,81.8091,8,18,3954.5,9090.84,0.3937,2.2989,0.3164,0.0171,0.05,54.7,53.9,44.2,75.8,46.1,49.4
544,Flare,1677,6417.42,10544.64,-4127.22,491.6364,5,15,699.99,9844.65,0.8672,14.064,0.3914,0.057,0.036,54.6,95.9,28.3,25.0,27.5,62.0
545,Flare,1734,16194.476,25687.2461,-9492.77,1381.2,18,40,4929.5827,20757.6633,0.6162,4.2108,0.3696,0.0685,0.0908,54.5,75.9,33.1,18.5,80.7,63.4
546,Baggy,1825,9188.82,14154.43,-4965.61,1083.8364,9,19,1527.26,12627.17,0.7842,8.2679,0.3508,0.1,0.0515,54.5,90.4,36.5,9.8,48.5,65.7
547,Flare,1657,7913.5609,14813.4909,-6899.93,-86.3637,7,23,1636.34,13177.1509,0.7791,8.0528,0.4658,0.042,0.0444,54.5,90.1,18.2,40.8,38.5,58.0
548,Baggy,1663,11475.69,15826.76,-4351.07,342.4091,10,18,5335.92,10490.84,0.3257,1.9661,0.2749,0.0274,0.0644,54.5,49.1,52.1,61.3,63.7,52.8
549,Mom,1663,42854.7668,57236.3268,-14381.56,1474.5727,46,84,21430.0854,35806.2415,0.2512,1.6708,0.2513,0.0439,0.2403,54.4,43.3,57.9,38.6,99.5,58.4
550,Flare,1570,15688.6085,22776.6685,-7088.06,754.1364,17,33,6434.6292,16342.0394,0.435,2.5397,0.3112,0.0418,0.088,54.3,57.5,44.9,41.1,79.2,57.6
551,Straight,1829,14046.1,18955.14,-4909.04,683.9455,14,24,5416.48,13538.66,0.4285,2.4995,0.259,0.048,0.0788,54.3,56.5,55.4,33.0,74.8,59.6
552,Wide Leg,1681,10224.8412,12783.3412,-2558.5,1084.4364,11,17,3113.8174,9669.5238,0.5128,3.1054,0.2001,0.1044,0.0573,54.1,65.1,71.2,8.8,56.3,65.4
553,Super Skinny,1581,11768.2432,13586.4032,-1818.16,492.1182,12,16,6006.2506,7580.1526,0.1158,1.262,0.1338,0.035,0.066,54.0,32.6,84.5,50.4,65.2,54.9
554,Straight,1777,11067.28,19712.55,-8645.27,641.7182,10,28,2999.97,16712.58,0.6956,5.5709,0.4386,0.0489,0.0621,53.9,82.6,20.9,32.1,61.6,59.4
555,Wide Leg,1553,8124.3869,9942.5469,-1818.16,188.1909,7,11,4130.7769,5811.77,0.1691,1.4069,0.1829,0.0186,0.0456,53.9,36.3,74.7,73.2,40.4,49.1
556,Super Skinny,1534,11510.0627,14085.0327,-2574.97,0.0,12,18,7500.9027,6584.13,-0.0651,0.8778,0.1828,0.0043,0.0646,53.9,21.1,74.7,86.0,64.0,45.9
557,Super Skinny,1852,9673.9729,13670.8929,-3996.92,201.6727,8,18,4207.22,9463.6729,0.3845,2.2494,0.2924,0.0262,0.0543,53.9,53.4,48.5,62.9,52.4,51.7
558,Slim Straight,1922,14272.57,16090.73,-1818.16,0.0,15,19,12999.85,3090.88,-0.6158,0.2378,0.113,0.0,0.08,53.9,4.2,89.2,93.3,75.3,44.1
559,Super Skinny,1843,9512.6885,10330.8585,-818.17,446.6454,10,12,4336.08,5994.7785,0.1606,1.3825,0.0792,0.0414,0.0534,53.9,35.5,94.8,41.4,51.2,57.0
560,Flare,1840,6871.11,12083.52,-5212.41,-89.3546,6,18,636.35,11447.17,0.8947,17.9888,0.4314,0.0573,0.0385,53.8,97.1,21.7,24.7,30.5,61.0
561,Straight,1561,18340.16,37616.75,-19276.59,-358.4909,16,54,11454.44,26162.31,0.391,2.284,0.5124,0.0148,0.1029,53.8,53.8,14.2,78.5,86.6,47.6
562,Straight,1574,12476.08,18501.47,-6025.39,595.3364,11,25,3999.9618,14501.5082,0.5676,3.6254,0.3257,0.0581,0.07,53.8,70.7,42.0,24.2,68.0,61.2
563,Wide Leg,1789,10724.0663,11724.0563,-999.99,1323.3636,12,14,3999.96,7724.0963,0.3176,1.931,0.0853,0.1014,0.0601,53.7,48.5,94.3,9.2,59.3,64.8
564,Straight,1822,20147.1672,25700.6772,-5553.51,767.5454,20,32,9883.0072,15817.67,0.2309,1.6005,0.2161,0.047,0.113,53.7,41.8,67.2,33.8,89.5,58.7
565,Mom,1608,6077.0776,13428.1076,-7351.03,-411.8182,5,25,2158.8143,11269.2933,0.6785,5.2201,0.5474,0.018,0.0341,53.7,80.7,11.3,74.5,24.7,48.5
566,Straight,1938,12494.21,17077.16,-4582.95,438.9546,12,22,5705.94,11371.22,0.3317,1.9929,0.2684,0.0355,0.0701,53.6,49.9,53.7,49.8,68.3,54.5
567,Super Skinny,1576,9619.9845,10399.9745,-779.99,-220.0,11,13,7231.5811,3168.3934,-0.3907,0.4381,0.075,0.0,0.054,53.6,8.2,95.5,93.3,51.9,43.7
568,Flare,1845,36161.2543,47468.6743,-11307.42,1860.2636,38,62,19149.6443,28319.03,0.1932,1.4788,0.2382,0.0418,0.2028,53.4,37.7,61.1,41.0,98.8,56.5
569,Slim Straight,1653,8909.0,9636.26,-727.26,0.0,9,11,6363.56,3272.7,-0.3208,0.5143,0.0755,0.0,0.05,53.4,9.9,95.4,93.3,45.9,43.4
570,Super Skinny,1802,11656.7776,13293.1175,-1636.34,235.9091,12,16,7529.3375,5763.7801,-0.1328,0.7655,0.1231,0.0174,0.0654,53.4,16.9,87.2,75.4,64.9,47.9
571,Wide Leg,1892,9720.62,12375.13,-2654.51,-36.3636,9,15,3563.6,8811.53,0.4241,2.4726,0.2145,0.0516,0.0545,53.4,56.2,68.0,29.9,52.6,59.2
572,Flare,1508,5479.45,8570.33,-3090.88,450.6273,6,12,999.99,7570.34,0.7666,7.5704,0.3606,0.05,0.0307,53.4,88.6,34.7,31.3,19.8,58.9
573,Flare,1603,6995.5927,10413.7327,-3418.14,404.3546,7,15,2181.7927,8231.94,0.581,3.773,0.3282,0.0374,0.0392,53.4,72.1,41.4,47.4,31.4,54.9
574,Slim Straight,1766,10693.6395,11393.6295,-699.99,-300.0,11,13,9211.8295,2181.8,-0.617,0.2368,0.0614,0.0,0.06,53.3,4.1,96.8,93.3,59.0,43.4
575,Mom,1614,13477.7128,15750.4028,-2272.69,789.8455,15,21,5874.9028,9875.5,0.254,1.681,0.1443,0.0632,0.0756,53.3,43.6,83.0,21.2,72.8,61.4
576,Straight,1523,4681.81,7342.79,-2660.98,293.5091,4,10,1090.9,6251.89,0.7029,5.7309,0.3624,0.0384,0.0263,53.2,83.4,34.6,45.6,13.7,55.1
577,Flare,1850,4542.1393,8633.0093,-4090.87,218.1818,5,13,1227.25,7405.7593,0.7157,6.0344,0.4739,0.0246,0.0255,53.1,84.5,17.2,65.1,13.1,50.1
578,Flare,1665,12622.76,16940.89,-4318.13,489.4818,12,22,6571.07,10369.82,0.2242,1.5781,0.2549,0.0281,0.0708,53.1,40.9,57.2,60.6,69.0,51.3
579,Flare,1592,8128.0079,10218.8979,-2090.89,0.0,9,13,4946.2179,5272.68,0.0319,1.066,0.2046,0.0,0.0456,53.0,26.7,70.2,93.3,40.6,42.9
580,Mom,1892,19434.7726,22353.9326,-2919.16,964.5818,21,29,11155.0026,11198.93,0.002,1.0039,0.1306,0.0414,0.109,52.9,25.1,85.2,41.5,88.2,55.7
581,Wide Leg,1915,5416.1649,15464.5049,-10048.34,-708.1091,3,25,3070.7344,12393.7705,0.6029,4.0361,0.6498,0.0,0.0304,52.8,74.4,5.8,93.3,19.5,42.7
582,Baggy,1605,8159.7163,10341.5163,-2181.8,636.9455,8,12,2714.26,7627.2563,0.4751,2.8101,0.211,0.058,0.0458,52.8,61.4,69.1,24.3,40.9,60.0
583,Skinny,1696,9220.29,11074.82,-1854.53,-327.2727,8,12,6165.76,4909.06,-0.1135,0.7962,0.1675,0.0,0.0517,52.8,18.2,78.4,93.3,48.9,42.8
584,Wide Leg,1548,7585.32,13794.36,-6209.04,-94.4636,6,18,3181.79,10612.57,0.5387,3.3354,0.4501,0.0147,0.0425,52.8,67.1,19.5,78.7,35.8,46.4
585,Wide Leg,1651,7841.99,10819.23,-2977.24,635.2273,7,13,2273.83,8545.4,0.5797,3.7582,0.2752,0.0555,0.044,52.7,72.0,51.9,26.2,37.9,59.3
586,Flare,1548,7008.8377,8190.6477,-1181.81,640.8545,8,10,2213.3777,5977.27,0.4595,2.7005,0.1443,0.0726,0.0393,52.7,59.7,83.1,16.7,31.5,61.7
587,Wide Leg,1734,19272.2438,25179.0538,-5906.81,1270.9091,18,32,8763.55,16415.5038,0.3039,1.8732,0.2346,0.0581,0.1081,52.6,47.5,62.4,24.1,88.1,59.8
588,Flare,1852,1090.91,6545.4,-5454.49,0.0,0,12,999.99,5545.41,0.6944,5.5455,0.8333,0.0,0.0061,52.6,82.5,2.4,93.3,2.1,42.4
589,Wide Leg,1687,16916.15,22790.64,-5874.49,-72.1,15,27,10953.17,11837.47,0.0388,1.0807,0.2578,0.0164,0.0949,52.6,27.3,55.9,76.3,82.6,46.6
590,Wide Leg,1714,24328.277,32495.807,-8167.53,4183.7727,31,47,9234.5346,23261.2724,0.4316,2.5189,0.2513,0.1331,0.1364,52.5,57.2,57.9,4.9,94.4,64.4
591,Straight,1677,22931.6387,35085.1487,-12153.51,1179.8454,23,47,11463.8529,23621.2958,0.3465,2.0605,0.3464,0.0398,0.1286,52.5,50.7,37.7,43.8,93.3,54.6
592,Super Skinny,1637,10027.7956,10536.8756,-509.08,240.0,11,13,6143.156,4393.7196,-0.166,0.7152,0.0483,0.0223,0.0562,52.4,15.5,97.6,68.0,54.9,48.5
593,Flare,1630,6252.2,11632.3,-5380.1,475.0182,6,18,818.17,10814.13,0.8593,13.2175,0.4625,0.0522,0.0351,52.4,95.1,18.3,29.2,26.1,58.2
594,Straight,1690,4549.89,10833.47,-6283.58,86.4364,4,16,1090.9,9742.57,0.7986,8.9308,0.58,0.0311,0.0255,52.3,91.8,9.4,56.0,13.3,51.3
595,Flare,1561,14688.9177,20870.6577,-6181.74,161.2909,14,28,9651.4877,11219.17,0.0751,1.1624,0.2962,0.0077,0.0824,52.3,29.4,47.8,85.0,76.8,44.0
596,Super Skinny,1853,7976.1316,8794.3016,-818.17,0.0,9,11,5662.5098,3131.7918,-0.2878,0.5531,0.093,0.0,0.0447,52.2,11.0,93.1,93.3,39.1,41.9
597,Super Skinny,1758,21852.9978,24489.3278,-2636.33,588.1818,25,31,18425.2055,6064.1223,-0.5048,0.3291,0.1077,0.0235,0.1226,52.1,6.0,90.6,66.8,91.6,48.5
598,Flare,1696,16485.9548,28322.1748,-11836.22,-60.1909,15,41,10958.6848,17363.49,0.2261,1.5845,0.4179,0.0036,0.0925,52.1,41.1,24.3,86.5,81.8,43.5
599,Flare,1616,11198.134,18115.684,-6917.55,586.9909,11,27,4878.7127,13236.9713,0.4614,2.7132,0.3819,0.0314,0.0628,52.1,60.0,30.5,55.7,62.5,51.2
600,Wide Leg,1538,5738.04,13828.89,-8090.85,610.4636,5,19,924.89,12904.0,0.8662,13.9519,0.5851,0.0423,0.0322,52.0,95.7,9.3,40.3,22.0,54.9
601,Flare,1882,4994.3378,8994.2978,-3999.96,537.2273,5,13,0.0,8994.2978,1.0,,0.4447,0.0564,0.028,52.0,98.7,19.8,25.5,16.3,58.6
602,Super Skinny,1619,8999.9462,9590.8462,-590.9,288.4546,9,11,3798.13,5792.7162,0.208,1.5251,0.0616,0.0561,0.0505,51.9,39.0,96.7,25.7,46.6,58.5
603,Mom,1936,17422.6849,26883.8449,-9461.16,1152.0636,19,41,7977.2957,18906.5492,0.4065,2.37,0.3519,0.0411,0.0977,51.9,54.9,35.8,42.1,83.7,54.3
604,Wide Leg,1542,11904.8894,16148.1194,-4243.23,-202.2727,11,19,7041.5594,9106.56,0.1279,1.2933,0.2628,0.0171,0.0668,51.9,33.0,54.7,75.7,66.0,46.0
605,Straight,1525,7735.0567,10309.9067,-2574.85,-29.3727,7,13,3953.3167,6356.59,0.2331,1.6079,0.2497,0.018,0.0434,51.8,42.0,58.5,74.1,37.3,46.3
606,Straight,1885,19683.4528,26960.6628,-7277.21,1293.8636,20,34,9490.81,17469.8528,0.296,1.8407,0.2699,0.0496,0.1104,51.8,47.1,53.4,31.7,88.7,56.9
607,Mom,1834,11061.55,15179.05,-4117.5,248.8818,12,22,4711.22,10467.83,0.3792,2.2219,0.2713,0.0427,0.062,51.7,53.0,53.3,39.8,61.5,54.7
608,Super Skinny,1570,7854.367,8672.537,-818.17,474.5454,8,10,3310.3,5362.237,0.2366,1.6199,0.0943,0.0519,0.0441,51.7,42.3,92.7,29.7,38.0,57.2
609,Wide Leg,1638,6370.2423,12052.0223,-5681.78,152.0,6,16,1693.4324,10358.5899,0.719,6.1169,0.4714,0.0375,0.0357,51.7,84.8,17.6,47.0,26.9,52.9
610,Mom,1754,7713.6116,8286.3316,-572.72,2000.0,11,13,2472.7342,5813.5974,0.4032,2.3511,0.0691,0.2132,0.0433,51.7,54.4,96.0,1.9,37.1,64.2
611,Mom,1776,9991.8388,10564.5588,-572.72,2775.5455,16,18,3737.6588,6826.9,0.2924,1.8265,0.0542,0.2224,0.056,51.6,47.0,97.2,1.6,54.5,64.1
612,Super Skinny,1825,8873.777,11969.217,-3095.44,306.4,9,15,4363.58,7605.637,0.2709,1.743,0.2586,0.025,0.0498,51.6,44.8,55.6,64.6,45.8,48.4
613,Flare,1935,8714.4064,13950.7064,-5236.3,308.2545,8,20,3454.5064,10496.2,0.5048,3.0384,0.3753,0.0303,0.0489,51.6,64.1,31.5,57.0,44.8,50.3
614,Slim Straight,1608,9296.2283,9296.2283,0.0,0.0,10,10,8205.3283,1090.9,-0.7653,0.133,0.0,0.0,0.0521,51.5,1.6,99.1,93.3,49.6,41.1
615,Slim Straight,1806,17271.6518,20762.5218,-3490.87,-138.8818,18,26,15308.0218,5454.5,-0.4746,0.3563,0.1681,0.009,0.0969,51.5,6.9,77.8,84.1,83.0,43.3
616,Wide Leg,1631,19841.5673,22042.6873,-2201.12,1356.7273,20,24,10537.5518,11505.1355,0.0439,1.0918,0.0999,0.0645,0.1113,51.5,27.6,91.8,20.9,88.9,59.2
617,Straight,1520,6983.133,11746.723,-4763.59,694.4545,7,17,999.99,10746.733,0.8297,10.7468,0.4055,0.08,0.0392,51.5,93.8,26.0,14.1,31.3,60.9
618,Mom,1505,6539.8196,7539.8096,-999.99,490.9091,8,10,2303.4996,5236.31,0.389,2.2732,0.1326,0.0611,0.0367,51.4,53.5,84.8,22.4,28.7,58.6
619,Wide Leg,1883,8414.9887,11596.7787,-3181.79,568.1818,9,15,3006.317,8590.4617,0.4815,2.8575,0.2744,0.0467,0.0472,51.3,62.1,52.5,34.3,43.2,55.6
620,Straight,1632,5501.3702,10555.8702,-5054.5,525.6182,5,15,909.08,9646.7902,0.8278,10.6116,0.4788,0.0474,0.0309,51.3,93.6,16.6,33.5,20.1,55.8
621,Wide Leg,1524,6066.3844,8813.1044,-2746.72,-225.9727,5,11,2181.8,6631.3044,0.5049,3.0394,0.3117,0.0329,0.034,51.3,64.2,44.7,53.7,24.5,50.7
622,Flare,1851,-785.21,5090.86,-5876.07,-460.2273,-2,12,818.17,4272.69,0.6786,5.2223,1.1542,0.0,-0.0044,51.2,80.8,0.5,93.3,0.6,40.7
623,Flare,1534,5767.9028,10350.1628,-4582.26,-398.2424,4,16,2545.42,7804.7428,0.5081,3.0662,0.4427,0.0082,0.0323,51.2,64.7,20.1,84.6,22.4,42.8
624,Baggy,1837,5063.06,10099.39,-5036.33,-500.8273,4,14,925.9,9173.49,0.8166,9.9076,0.4987,0.0438,0.0284,51.1,92.8,14.7,38.7,17.0,54.2
625,Mom,1857,13013.6196,15649.9496,-2636.33,1142.6909,15,21,5856.2797,9793.67,0.2516,1.6723,0.1685,0.068,0.073,51.1,43.3,77.7,18.8,70.2,59.1
626,Super Skinny,1813,9460.4048,11846.7348,-2386.33,-250.0,10,16,6636.2727,5210.4621,-0.1204,0.7851,0.2014,0.0,0.0531,51.1,17.7,70.8,93.3,51.1,40.6
627,Baggy,1638,7605.56,10923.17,-3317.61,576.2,7,13,2082.63,8840.54,0.6187,4.2449,0.3037,0.0686,0.0427,51.1,76.2,46.4,18.4,36.0,59.4
628,Flare,1911,10402.92,15830.13,-5427.21,896.9727,10,22,3602.98,12227.15,0.5448,3.3936,0.3428,0.0536,0.0583,51.1,67.9,38.5,28.3,57.7,56.8
629,Wide Leg,1777,14423.0815,21241.2115,-6818.13,899.7091,14,26,6889.7909,14351.4206,0.3513,2.083,0.321,0.0406,0.0809,51.1,51.0,42.9,42.8,76.0,53.2
630,Slim Straight,1845,10994.4247,11448.9747,-454.55,-27.2636,11,13,7239.7747,4209.2,-0.2647,0.5814,0.0397,0.0255,0.0617,51.0,11.4,98.0,64.1,60.8,47.7
631,Wide Leg,1912,11156.42,15610.93,-4454.51,354.5454,10,18,6181.76,9429.17,0.208,1.5253,0.2853,0.0222,0.0626,51.0,39.1,49.5,68.1,62.3,46.7
632,Straight,1553,4545.42,8399.93,-3854.51,0.0,4,12,1090.9,7309.03,0.7403,6.7,0.4589,0.0375,0.0255,50.9,87.1,18.6,47.1,13.3,51.9
633,Wide Leg,1658,6214.9943,9578.6043,-3363.61,354.5454,6,12,2090.89,7487.7143,0.5634,3.5811,0.3512,0.0357,0.0349,50.9,70.2,36.3,49.6,25.9,51.3
634,Mom,1565,12997.5151,13906.5951,-909.08,1150.9364,16,18,6036.28,7870.3151,0.1319,1.3038,0.0654,0.0764,0.0729,50.9,33.3,96.3,15.1,70.1,59.9
635,Super Skinny,1641,10238.5,13587.93,-3349.43,75.8091,10,18,6545.36,7042.57,0.0366,1.076,0.2465,0.0105,0.0574,50.8,27.2,59.5,83.2,56.4,42.8
636,Super Skinny,1939,10390.4068,12208.5668,-1818.16,369.4455,11,15,6142.65,6065.9168,-0.0063,0.9875,0.1489,0.0294,0.0583,50.7,24.6,82.5,58.1,57.6,48.9
637,Wide Leg,1517,12180.1565,21152.8165,-8972.66,597.7273,11,27,5045.41,16107.4065,0.523,3.1925,0.4242,0.0407,0.0683,50.6,65.7,23.2,42.5,66.8,52.6
638,Flare,1538,12491.993,24764.583,-12272.59,780.3091,12,38,6228.423,18536.16,0.497,2.9761,0.4956,0.0305,0.0701,50.6,63.2,15.0,56.7,68.2,49.1
639,Mom,1877,13065.3513,14701.6913,-1636.34,2353.2273,17,21,5668.3569,9033.3344,0.2289,1.5936,0.1113,0.138,0.0733,50.6,41.6,89.8,4.4,70.6,62.1
640,Straight,1853,11048.67,12485.01,-1436.34,878.5,11,15,4999.95,7485.06,0.199,1.497,0.115,0.0657,0.062,50.6,38.3,88.4,20.0,61.4,58.3
641,Flare,1744,6612.51,11175.99,-4563.48,-148.8182,6,16,3176.05,7999.94,0.4316,2.5188,0.4083,0.0086,0.0371,50.6,57.1,25.8,84.5,29.1,42.1
642,Wide Leg,1570,14008.282,24007.7719,-9999.49,781.8545,12,32,5699.94,18307.832,0.5252,3.2119,0.4165,0.0462,0.0786,50.6,65.9,24.5,34.9,74.5,54.6
643,Flare,1584,2363.61,6038.28,-3674.67,0.0,2,10,818.17,5220.11,0.729,6.3802,0.6086,0.0232,0.0133,50.5,85.9,7.8,66.9,5.4,46.4
644,Straight,1855,17899.2866,29233.2666,-11333.98,665.5455,17,41,7251.02,21982.2466,0.5039,3.0316,0.3877,0.0581,0.1004,50.5,64.0,29.0,24.2,85.4,57.1
645,Super Skinny,1574,1028.1662,4764.4762,-3736.31,168.4454,0,10,190.9,4573.5762,0.9199,23.958,0.7842,0.0341,0.0058,50.4,97.3,3.1,51.9,2.1,50.0
646,Wide Leg,1533,15000.3393,22727.5493,-7727.21,1421.6909,15,29,6100.1693,16627.38,0.4632,2.7257,0.34,0.0589,0.0841,50.2,60.1,39.1,23.7,77.7,56.8
647,Mom,1688,16354.3919,26939.6419,-10585.25,264.4455,15,45,6982.8619,19956.78,0.4816,2.858,0.3929,0.0508,0.0917,50.2,62.2,28.0,30.4,81.5,55.1
648,Slim Straight,1885,16385.8621,18994.9221,-2609.06,420.0,17,23,13540.4221,5454.5,-0.4257,0.4028,0.1374,0.0216,0.0919,50.1,7.7,84.1,68.9,81.6,45.4
649,Flare,1699,9069.8,14528.88,-5459.08,1652.7636,10,22,2090.87,12438.01,0.7122,5.9487,0.3757,0.117,0.0509,50.1,84.3,31.3,6.9,47.8,60.9
650,Super Skinny,1549,7306.3969,10860.2269,-3553.83,0.0,7,15,4272.67,6587.5569,0.2132,1.5418,0.3272,0.0,0.041,50.0,39.8,41.6,93.3,33.6,39.2
651,Super Skinny,1894,8357.1227,8720.8027,-363.68,424.5454,9,11,3970.8527,4749.95,0.0893,1.1962,0.0417,0.0464,0.0469,50.0,30.5,97.9,34.7,42.5,53.8
652,Slim Straight,1636,15426.9933,19027.1333,-3600.14,0.0,17,25,15922.4333,3104.7,-0.6737,0.195,0.1892,0.0,0.0865,50.0,3.1,73.3,93.3,78.8,39.2
653,Mom,1931,16126.74,21145.03,-5018.29,399.5364,18,30,11486.04,9658.99,-0.0864,0.8409,0.2373,0.0185,0.0904,50.0,19.7,61.3,73.3,80.5,44.1
654,Wide Leg,1654,8733.7817,13279.2017,-4545.42,342.1,8,16,4243.6585,9035.5431,0.3609,2.1292,0.3423,0.0251,0.049,49.9,51.5,38.7,64.4,44.8,46.2
655,Slim Straight,1684,7757.01,9666.08,-1909.07,0.0,8,12,5302.48,4363.6,-0.0971,0.8229,0.1975,0.0,0.0435,49.9,19.2,71.7,93.3,37.5,39.0
656,Wide Leg,1608,12453.3831,18623.8531,-6170.47,361.0545,11,23,5160.06,13463.7931,0.4459,2.6092,0.3313,0.0514,0.0698,49.9,58.6,41.1,30.1,68.0,54.9
657,Mom,1807,23320.4623,29941.8523,-6621.39,330.5727,25,43,16033.8522,13908.0,-0.071,0.8674,0.2211,0.0317,0.1308,49.9,20.5,66.5,55.2,93.5,48.6
658,Flare,1669,6207.09,9349.91,-3142.82,11.0364,6,14,2054.52,7295.39,0.5605,3.5509,0.3361,0.0424,0.0348,49.8,69.8,40.1,40.2,25.7,52.2
659,Flare,1775,15782.1778,26147.0878,-10364.91,73.3636,16,38,10335.6778,15811.41,0.2094,1.5298,0.3964,0.0164,0.0885,49.8,39.4,27.5,76.5,79.4,43.2
660,Slim Straight,1835,7057.763,8966.833,-1909.07,0.0,7,11,4603.233,4363.6,-0.0267,0.9479,0.2129,0.0,0.0396,49.8,23.2,68.4,93.3,31.7,38.9
661,Mom,1514,5743.9613,7653.0313,-1909.07,599.6091,7,11,1648.6946,6004.3367,0.5691,3.6419,0.2495,0.0727,0.0322,49.7,71.0,58.6,16.5,22.1,58.0
662,Mom,1803,22770.3218,31424.7618,-8654.44,1512.5,26,48,10791.5827,20633.1791,0.3132,1.912,0.2754,0.069,0.1277,49.7,48.0,51.9,18.0,93.1,57.7
663,Flare,1535,7632.77,10867.58,-3234.81,314.1273,7,15,3561.32,7306.26,0.3446,2.0516,0.2977,0.0281,0.0428,49.6,50.5,47.4,60.5,36.1,46.8
664,Wide Leg,1860,7727.21,9427.19,-1699.98,0.0,7,11,3999.96,5427.23,0.1514,1.3568,0.1803,0.0308,0.0433,49.6,34.7,75.3,56.3,37.3,47.9
665,Mom,1820,19209.0108,21663.5208,-2454.51,2023.0182,23,29,10149.7659,11513.755,0.063,1.1344,0.1133,0.0854,0.1077,49.5,28.7,89.0,12.9,87.8,58.6
666,Flare,1520,3687.51,7809.01,-4121.5,221.5454,3,13,0.0,7809.01,1.0,,0.5278,0.056,0.0207,49.4,98.7,13.4,25.8,9.2,55.3
667,Wide Leg,1825,11429.5196,22415.7996,-10986.28,1325.0182,11,31,4186.3103,18229.4893,0.6265,4.3545,0.4901,0.0558,0.0641,49.3,76.8,15.5,25.9,63.4,55.1
668,Baggy,1621,9334.5109,13390.7609,-4056.25,1029.0546,9,17,2945.43,10445.3309,0.5601,3.5463,0.3029,0.0915,0.0524,49.3,69.7,46.6,11.2,50.2,58.8
669,Mom,1543,11770.3785,19359.1485,-7588.77,47.9546,12,30,7744.3585,11614.79,0.1999,1.4998,0.392,0.0077,0.066,49.2,38.4,28.2,84.9,65.3,40.3
670,Flare,1879,6150.8674,10726.5674,-4575.7,133.4818,6,16,2181.1874,8545.38,0.5933,3.9178,0.4266,0.0339,0.0345,49.2,73.2,22.8,52.1,25.1,48.4
671,Wide Leg,1732,6610.07,10047.55,-3437.48,101.1455,6,12,2790.88,7256.67,0.4445,2.6001,0.3421,0.029,0.0371,49.2,58.4,38.8,59.0,29.0,46.8
672,Slim Straight,1650,14530.9182,17530.8882,-2999.97,300.0,16,22,12467.2982,5063.59,-0.4223,0.4061,0.1711,0.0168,0.0815,49.1,7.8,77.3,75.9,76.3,42.4
673,Flare,1585,3270.69,8677.83,-5407.14,-88.9,3,15,1636.34,7041.49,0.6229,4.3032,0.6231,0.0159,0.0183,49.1,76.6,7.5,77.3,7.8,42.1
674,Mom,1630,9261.53,11357.46,-2095.93,649.6438,10,16,4031.28,7326.18,0.2901,1.8173,0.1845,0.0613,0.0519,49.0,46.6,74.2,22.3,49.2,55.7
675,Mom,1641,11572.6659,17004.4059,-5431.74,167.0818,12,26,6648.8659,10355.54,0.218,1.5575,0.3194,0.0265,0.0649,49.0,40.2,43.1,62.6,64.2,45.6
676,Mom,1552,11189.0843,15847.0143,-4657.93,628.4091,12,24,4618.1376,11228.8767,0.4172,2.4315,0.2939,0.0553,0.0628,49.0,55.6,48.1,26.5,62.4,54.5
677,Flare,1593,10534.6373,17170.9073,-6636.27,703.8818,9,25,4636.1673,12534.74,0.46,2.7037,0.3865,0.0394,0.0591,49.0,59.9,29.5,44.6,58.1,50.1
678,Straight,1919,9882.8105,19162.9805,-9280.17,263.8727,9,27,6078.32,13084.6605,0.3656,2.1527,0.4843,0.0136,0.0554,48.9,52.1,16.2,79.7,53.9,41.2
679,Slim Straight,1884,9267.78,10176.86,-909.08,118.5727,10,12,8113.63,2063.23,-0.5945,0.2543,0.0893,0.0115,0.052,48.9,4.6,93.4,81.6,49.3,40.7
680,Baggy,1823,6388.34,12397.1,-6008.76,179.8,5,17,2020.18,10376.92,0.6741,5.1366,0.4847,0.0397,0.0358,48.9,79.9,16.1,44.0,27.3,50.1
681,Straight,1882,9483.9846,14423.7946,-4939.81,609.3818,10,20,3210.6846,11213.11,0.5548,3.4924,0.3425,0.0668,0.0532,48.8,69.0,38.6,19.4,51.1,56.1
682,Mom,1766,19882.97,22337.48,-2454.51,3480.4182,26,32,10255.81,12081.67,0.0817,1.178,0.1099,0.1348,0.1115,48.8,29.9,90.1,4.8,89.0,59.8
683,Mom,1758,22393.51,31019.98,-8626.47,504.5727,24,46,13894.87,17125.11,0.1041,1.2325,0.2781,0.038,0.1256,48.7,31.9,51.3,46.3,92.2,49.3
684,Super Skinny,1507,13409.7379,18937.1879,-5527.45,0.2364,14,26,8968.28,9968.9078,0.0528,1.1116,0.2919,0.0198,0.0752,48.6,28.1,48.6,71.7,72.4,42.8
685,Slim Straight,1513,10848.758,12757.828,-1909.07,0.0,12,16,11666.928,1090.9,-0.829,0.0935,0.1496,0.0,0.0608,48.6,1.0,82.0,93.3,59.9,37.4
686,Super Skinny,1593,9278.5553,9278.5553,0.0,233.6364,11,11,6410.3153,2868.24,-0.3817,0.4474,0.0,0.0246,0.052,48.6,8.4,99.1,65.3,49.4,44.4
687,Slim Straight,1828,11575.63,13121.06,-1545.43,-30.3,12,16,10090.79,3030.27,-0.5381,0.3003,0.1178,0.0181,0.0649,48.5,5.4,87.9,73.6,64.3,42.2
688,Baggy,1618,9026.58,12099.28,-3072.7,125.1727,8,14,4363.6,7735.68,0.2787,1.7728,0.254,0.0402,0.0506,48.4,45.8,57.4,43.3,46.9,49.6
689,Flare,1624,6484.2759,12387.1459,-5902.87,223.5091,5,19,1966.9059,10420.24,0.6824,5.2978,0.4765,0.0447,0.0364,48.4,81.1,16.8,37.5,28.3,51.1
690,Super Skinny,1839,9868.7133,9868.7133,0.0,178.4454,12,12,8868.7233,999.99,-0.7973,0.1128,0.0,0.0178,0.0553,48.3,1.3,99.1,74.8,53.7,41.7
691,Super Skinny,1838,8323.3709,10323.3509,-1999.98,120.0,9,13,5687.0209,4636.33,-0.1018,0.8152,0.1937,0.0115,0.0467,48.3,18.9,72.2,81.7,42.2,39.9
692,Mom,1655,10087.8259,16458.1058,-6370.28,67.5364,10,26,5911.967,10546.1388,0.2816,1.7839,0.3871,0.0203,0.0566,48.3,46.0,29.4,71.1,55.2,42.5
693,Wide Leg,1561,17636.5534,25109.2234,-7472.67,1593.2,18,32,8644.2806,16464.9428,0.3115,1.9047,0.2976,0.0597,0.0989,48.3,47.8,47.4,23.0,84.5,54.6
694,Wide Leg,1575,13472.5292,26947.8192,-13475.29,642.2542,10,40,6028.5924,20919.2267,0.5526,3.47,0.5001,0.0498,0.0756,48.3,68.7,14.6,31.5,72.7,52.5
695,Flare,1849,5368.68,15931.07,-10562.39,-27.2636,5,27,2818.15,13112.92,0.6462,4.653,0.663,0.0251,0.0301,48.2,77.7,5.6,64.5,19.0,44.2
696,Wide Leg,1502,10914.287,13186.997,-2272.71,871.7545,10,14,5227.23,7959.767,0.2072,1.5228,0.1723,0.062,0.0612,48.1,38.9,76.7,21.7,60.3,54.7
697,Mom,1651,15338.3484,21720.0784,-6381.73,502.4455,17,33,8296.0366,13424.0418,0.2361,1.6181,0.2938,0.0453,0.086,48.1,42.1,48.2,36.8,78.5,50.8
698,Slim Straight,1873,7620.8473,9711.7373,-2090.89,0.0,8,12,5440.1373,4271.6,-0.1203,0.7852,0.2153,0.0,0.0427,48.1,17.8,67.6,93.3,36.1,36.8
699,Super Skinny,1873,13464.6598,17521.0498,-4056.39,198.4,15,23,9039.8527,8481.1971,-0.0319,0.9382,0.2315,0.028,0.0755,48.1,23.0,63.3,60.8,72.6,44.9
700,Flare,1823,16285.4045,24222.0845,-7936.68,716.0455,16,34,9715.8446,14506.2399,0.1978,1.493,0.3277,0.0343,0.0913,48.1,38.1,41.5,51.5,81.3,47.3
701,Skinny,1828,8545.38,9636.28,-1090.9,0.0,8,10,8727.2,909.08,-0.8113,0.1042,0.1132,0.0,0.0479,48.0,1.2,89.1,93.3,44.0,36.7
702,Slim Straight,1810,16085.5104,19994.5604,-3909.05,327.2727,17,25,14867.3304,5127.23,-0.4871,0.3449,0.1955,0.0161,0.0902,48.0,6.4,72.0,76.9,80.2,40.7
703,Wide Leg,1884,3201.5908,6806.3808,-3604.79,428.1818,4,10,299.08,6507.3008,0.9121,21.7577,0.5296,0.0592,0.018,48.0,97.2,13.1,23.4,7.7,54.1
704,Mom,1507,16056.0801,30134.8101,-14078.73,132.4455,15,51,10085.0201,20049.79,0.3307,1.9881,0.4672,0.0294,0.09,48.0,49.8,17.9,58.0,80.1,45.5
705,Wide Leg,1922,11953.8555,18361.5755,-6407.72,434.8485,10,24,6699.93,11661.6455,0.2702,1.7406,0.349,0.0326,0.067,48.0,44.8,37.3,54.1,66.1,46.4
706,Straight,1912,9901.68,12856.2,-2954.52,734.5909,10,16,4083.21,8772.99,0.3648,2.1486,0.2298,0.0757,0.0555,48.0,51.9,64.2,15.5,54.0,56.1
707,Super Skinny,1822,8239.02,10693.53,-2454.51,0.0,9,15,5999.92,4693.61,-0.1222,0.7823,0.2295,0.0,0.0462,47.9,17.5,64.5,93.3,41.0,36.6
708,Straight,1674,16122.9175,27113.7275,-10990.81,927.5727,16,38,7727.1918,19386.5357,0.43,2.5089,0.4054,0.0488,0.0904,47.9,57.0,26.2,32.3,80.4,51.8
709,Super Skinny,1874,8790.542,12972.322,-4181.78,0.0,9,17,5999.92,6972.402,0.075,1.1621,0.3224,0.0,0.0493,47.8,29.4,42.5,93.3,45.5,36.5
710,Skinny,1760,8272.6536,9363.5536,-1090.9,0.0,8,10,8090.8336,1272.72,-0.7282,0.1573,0.1165,0.0,0.0464,47.8,2.2,88.2,93.3,41.6,36.5
711,Flare,1836,309.4,7138.2,-6828.8,145.1636,-1,15,0.0,7138.2,1.0,,0.9567,0.0424,0.0017,47.8,98.7,0.8,40.0,0.9,49.8
712,Super Skinny,1911,6794.723,7612.893,-818.17,120.0,8,10,4740.6159,2872.2771,-0.2454,0.6059,0.1075,0.0155,0.0381,47.7,12.5,90.7,77.7,30.1,40.2
713,Mom,1932,18414.0106,22568.5006,-4154.49,2217.0728,23,33,9483.6106,13084.89,0.1596,1.3797,0.1841,0.1003,0.1033,47.7,35.4,74.3,9.7,86.7,57.2
714,Straight,1825,11032.743,21487.193,-10454.45,1451.1727,12,32,4189.03,17298.163,0.6101,4.1294,0.4865,0.0633,0.0619,47.5,75.5,15.9,21.2,61.0,54.2
715,Super Skinny,1763,8268.94,10632.56,-2363.62,3949.1,14,17,2787.84,7844.72,0.4756,2.8139,0.2223,0.2708,0.0464,47.5,61.5,66.4,0.6,41.4,59.3
716,Slim Straight,1507,15510.77,19419.82,-3909.05,437.9273,17,25,12600.83,6818.99,-0.2977,0.5412,0.2013,0.0221,0.087,47.5,10.7,70.9,68.2,79.0,42.3
717,Flare,1679,3558.28,7023.95,-3465.67,613.2636,3,11,0.0,7023.95,1.0,,0.4934,0.0803,0.02,47.4,98.7,15.2,14.0,8.8,55.8
718,Super Skinny,1803,11080.4418,15270.6218,-4190.18,0.0,11,21,8823.6027,6447.0191,-0.1556,0.7307,0.2744,0.0,0.0621,47.4,15.9,52.4,93.3,61.7,35.9
719,Mom,1811,20528.6948,26419.5148,-5890.82,1448.5091,23,39,11224.9248,15194.59,0.1503,1.3536,0.223,0.0684,0.1151,47.4,34.2,66.2,18.6,90.0,54.7
720,Flare,1555,4601.3,12883.68,-8282.38,398.6636,4,22,818.17,12065.51,0.873,14.7469,0.6429,0.0552,0.0258,47.4,96.1,6.2,26.9,13.6,52.5
721,Flare,1922,20333.2763,32457.7063,-12124.43,596.3364,21,49,13677.8293,18779.8771,0.1572,1.373,0.3735,0.0291,0.114,47.2,35.2,31.8,58.6,89.7,44.4
722,Super Skinny,1922,13342.1012,21030.9112,-7688.81,128.0727,14,30,9595.0392,11435.872,0.0875,1.1919,0.3656,0.0146,0.0748,47.2,30.4,34.0,78.8,72.1,39.3
723,Straight,1814,17558.4,30050.9,-12492.5,1607.9727,17,43,8454.45,21596.45,0.4373,2.5544,0.4157,0.0554,0.0985,47.2,57.8,24.5,26.4,84.2,52.3
724,Mom,1647,18048.0043,23434.0043,-5386.0,627.4546,20,34,12199.7424,11234.2618,-0.0412,0.9209,0.2298,0.0381,0.1012,47.1,22.6,64.1,45.9,85.8,47.4
725,Super Skinny,1671,7338.7263,8975.0663,-1636.34,0.0,8,12,5727.19,3247.8763,-0.2762,0.5671,0.1823,0.0,0.0412,47.0,11.1,75.1,93.3,33.9,35.4
726,Flare,1926,7512.0333,10421.0933,-2909.06,640.8909,8,14,2801.5956,7619.4977,0.4623,2.7197,0.2792,0.0579,0.0421,47.0,60.1,51.1,24.5,35.3,52.6
727,Super Skinny,1810,14649.9515,16971.6215,-2321.67,303.2364,16,20,12295.74,4675.8815,-0.449,0.3803,0.1368,0.0301,0.0822,46.9,7.3,84.2,57.2,76.7,44.3
728,Super Skinny,1836,7656.405,9565.475,-1909.07,197.4909,8,12,4909.02,4656.455,-0.0264,0.9486,0.1996,0.0202,0.0429,46.9,23.4,71.4,71.2,36.5,40.9
729,Flare,1872,5813.0481,10149.3781,-4336.33,642.7454,7,15,1537.6581,8611.72,0.697,5.6005,0.4273,0.0596,0.0326,46.8,82.9,22.5,23.2,22.7,52.7
730,Wide Leg,1760,4310.2851,7648.7651,-3338.48,-118.3091,3,11,999.99,6648.7751,0.7385,6.6488,0.4365,0.0579,0.0242,46.8,86.9,21.1,24.4,12.3,52.4
731,Skinny,1807,7643.39,8945.39,-1302.0,327.2727,6,10,4363.6,4581.79,0.0244,1.05,0.1455,0.0353,0.0429,46.7,26.2,82.8,50.3,36.3,45.8
732,Super Skinny,1864,11422.5013,18538.7813,-7116.28,188.0727,11,27,7718.7857,10819.9955,0.1673,1.4018,0.3839,0.0163,0.0641,46.7,36.0,30.0,76.6,63.3,39.2
733,Slim Straight,1641,10920.8911,13920.8611,-2999.97,0.0,12,18,10739.0711,3181.79,-0.5429,0.2963,0.2155,0.0,0.0612,46.7,5.4,67.5,93.3,60.5,35.1
734,Mom,1872,6809.01,7809.0,-999.99,1100.0,9,11,2645.42,5163.58,0.3225,1.9519,0.1281,0.1235,0.0382,46.6,48.6,85.7,5.9,30.2,56.7
735,Flare,1713,4598.82,6790.71,-2191.89,27.4,4,10,2608.93,4181.78,0.2316,1.6029,0.3228,0.004,0.0258,46.6,41.9,42.4,86.3,13.5,36.7
736,Wide Leg,1867,11890.73,12890.72,-999.99,1220.9818,12,14,6309.02,6581.7,0.0212,1.0432,0.0776,0.0865,0.0667,46.6,26.0,95.1,12.6,65.9,55.1
737,Super Skinny,1630,10295.34,13749.86,-3454.52,250.0,11,17,7272.64,6477.22,-0.0578,0.8906,0.2512,0.0179,0.0577,46.6,21.7,58.0,74.6,56.9,39.6
738,Super Skinny,1845,7324.9622,10415.8422,-3090.88,120.0,8,14,4534.8401,5881.0021,0.1292,1.2968,0.2967,0.0114,0.0411,46.6,33.1,47.6,81.9,33.8,37.8
739,Slim Straight,1844,9518.08,10518.07,-999.99,300.0,10,12,7245.37,3272.7,-0.3777,0.4517,0.0951,0.0277,0.0534,46.5,8.6,92.6,61.0,51.3,42.9
740,Straight,1692,9213.22,13327.34,-4114.12,504.8636,9,17,3927.43,9399.91,0.4106,2.3934,0.3087,0.0536,0.0517,46.4,55.2,45.3,28.3,48.6,50.9
741,Wide Leg,1666,13827.8329,23242.2629,-9414.43,802.7182,13,31,7682.0129,15560.25,0.339,2.0255,0.4051,0.0409,0.0776,46.3,50.4,26.4,42.3,73.9,47.3
742,Slim Straight,1842,8318.4505,9227.5305,-909.08,88.2364,9,11,9227.5305,0.0,-1.0,0.0,0.0985,0.0095,0.0467,46.3,0.5,92.0,83.7,42.1,36.9
743,Super Skinny,1917,4836.49,7898.28,-3061.79,2017.9909,7,13,818.17,7080.11,0.7928,8.6536,0.3877,0.2173,0.0271,46.3,91.2,29.0,1.7,15.0,57.5
744,Wide Leg,1632,10712.7431,12914.7431,-2202.0,778.3909,11,15,5420.14,7494.6031,0.1606,1.3827,0.1705,0.0678,0.0601,46.3,35.6,77.4,18.9,59.2,53.1
745,Baggy,1814,3560.81,7439.57,-3878.76,293.7091,3,11,0.0,7439.57,1.0,,0.5214,0.1007,0.02,46.2,98.7,14.0,9.5,8.8,55.4
746,Baggy,1514,3477.25,7786.31,-4309.06,340.9091,3,11,0.0,7786.31,1.0,,0.5534,0.079,0.0195,46.2,98.7,10.5,14.4,8.3,54.2
747,Straight,1699,14034.0698,25787.1898,-11753.12,116.8818,14,38,10087.3298,15699.86,0.2176,1.5564,0.4558,0.0207,0.0787,46.1,40.1,19.0,70.2,74.7,40.0
748,Slim Straight,1826,7385.2755,8385.2655,-999.99,300.0,8,10,4412.5755,3972.69,-0.0525,0.9003,0.1193,0.0345,0.0414,46.1,21.9,87.8,50.9,34.5,44.9
749,Baggy,1907,4852.873,10489.193,-5636.32,972.7273,5,15,763.63,9725.563,0.8544,12.736,0.5373,0.0849,0.0272,46.0,94.9,12.1,13.3,15.5,54.1
750,Super Skinny,1804,7723.4407,9013.4007,-1289.96,-91.8364,8,12,7740.6807,1272.72,-0.7176,0.1644,0.1431,0.0,0.0433,46.0,2.3,83.3,93.3,37.2,34.2
751,Straight,1810,13657.3539,25802.6939,-12145.34,406.1454,13,37,10518.07,15284.6239,0.1847,1.4532,0.4707,0.0155,0.0766,46.0,37.5,17.7,77.8,73.3,38.0
752,Mom,1874,7568.0122,11281.5922,-3713.58,62.8364,9,19,3634.0711,7647.5211,0.3558,2.1044,0.3292,0.0361,0.0424,46.0,51.3,41.3,49.3,35.6,45.2
753,Super Skinny,1906,9538.5334,14694.0334,-5155.5,816.1454,9,21,4090.85,10603.1834,0.4432,2.5919,0.3509,0.0526,0.0535,45.9,58.1,36.5,29.0,51.5,50.1
754,Mom,1675,11503.8315,15103.7915,-3599.96,119.0454,13,21,9915.4568,5188.3346,-0.313,0.5233,0.2383,0.0078,0.0645,45.9,10.3,61.0,84.8,63.8,36.2
755,Mom,1911,16176.3974,20839.9674,-4663.57,1645.4546,19,31,8845.33,11994.6374,0.1511,1.356,0.2238,0.0732,0.0907,45.7,34.6,65.7,16.4,80.7,53.0
756,Super Skinny,1915,7883.4863,10351.1063,-2467.62,-350.5364,8,14,6058.94,4292.1663,-0.1707,0.7084,0.2384,0.0,0.0442,45.7,15.2,60.9,93.3,38.3,33.8
757,Super Skinny,1533,3823.409,10420.359,-6596.95,-594.8909,3,17,2847.9431,7572.416,0.4534,2.6589,0.6331,0.0,0.0214,45.6,59.2,6.9,93.3,10.0,33.6
758,Flare,1623,6713.8689,8713.8489,-1999.98,477.2727,7,11,2999.97,5713.8789,0.3114,1.9046,0.2295,0.0519,0.0377,45.6,47.8,64.6,29.6,29.9,49.7
759,Wide Leg,1810,10356.82,15702.23,-5345.41,692.9091,10,20,4790.86,10911.37,0.3898,2.2775,0.3404,0.0538,0.0581,45.5,53.7,39.0,28.1,57.4,49.8
760,Slim Straight,1807,11811.2665,15202.1365,-3390.87,-225.0,12,20,11929.4365,3272.7,-0.5694,0.2743,0.2231,0.0049,0.0662,45.5,4.9,66.1,85.9,65.7,35.4
761,Super Skinny,1631,12908.1131,18387.9531,-5479.84,-4.8727,12,24,9521.4462,8866.5069,-0.0356,0.9312,0.298,0.0207,0.0724,45.5,22.9,47.3,70.4,69.9,39.3
762,Straight,1837,16265.1205,29035.2405,-12770.12,232.9636,15,41,11999.88,17035.3605,0.1734,1.4196,0.4398,0.0223,0.0912,45.5,36.5,20.4,68.0,81.1,39.8
763,Mom,1838,11122.7377,14349.9676,-3227.23,1513.6364,13,21,5299.93,9050.0376,0.2613,1.7076,0.2249,0.0954,0.0624,45.4,44.2,65.6,10.2,62.1,54.2
764,Mom,1840,15845.1849,20936.0249,-5090.84,2608.3728,21,33,7926.3649,13009.66,0.2428,1.6413,0.2432,0.121,0.0889,45.4,42.8,60.2,6.3,79.6,55.1
765,Flare,1559,9426.6118,15176.5318,-5749.92,381.4273,9,23,4636.31,10540.2218,0.389,2.2734,0.3789,0.0399,0.0529,45.4,53.6,30.6,43.6,50.7,45.9
766,Mom,1712,17451.1216,23969.2216,-6518.1,1876.0546,21,37,9071.5597,14897.6619,0.2431,1.6422,0.2719,0.0883,0.0979,45.4,42.9,53.0,12.0,83.7,53.7
767,Wide Leg,1513,4873.6,9273.57,-4399.97,-236.3636,4,12,3090.88,6182.69,0.3334,2.0003,0.4745,0.0,0.0273,45.3,50.0,17.1,93.3,15.9,33.3
768,Mom,1835,8516.8158,12607.6658,-4090.85,883.4273,10,20,3354.5,9253.1658,0.4679,2.7584,0.3245,0.0655,0.0478,45.3,60.5,42.1,20.2,43.6,51.6
769,Slim Straight,1667,8251.41,10160.48,-1909.07,129.8727,9,13,6636.29,3524.19,-0.3063,0.531,0.1879,0.0126,0.0463,45.0,10.6,73.6,80.7,41.2,36.0
770,Wide Leg,1694,18470.7906,26078.9806,-7608.19,3205.1546,22,38,9243.42,16835.5606,0.2911,1.8214,0.2917,0.1242,0.1036,45.0,46.7,48.7,5.7,86.9,54.9
771,Slim Straight,1852,8954.6719,11591.0019,-2636.33,-272.7273,9,15,8318.3019,3272.7,-0.4353,0.3934,0.2274,0.0,0.0502,44.9,7.7,64.9,93.3,46.3,32.8
772,Straight,1833,8093.858,9093.848,-999.99,405.5818,8,10,4835.698,4258.15,-0.0635,0.8806,0.11,0.0427,0.0454,44.9,21.2,90.1,39.7,40.0,46.3
773,Mom,1640,12296.0021,16069.1821,-3773.18,100.5636,13,23,9414.975,6654.2071,-0.1718,0.7068,0.2348,0.0243,0.069,44.9,15.1,62.3,65.7,67.4,39.7
774,Wide Leg,1523,4062.2774,9798.5974,-5736.32,323.6545,4,14,999.99,8798.6074,0.7959,8.7987,0.5854,0.0647,0.0228,44.7,91.6,9.2,20.7,10.8,50.7
775,Flare,1712,10624.3747,16459.1547,-5834.78,436.3636,10,24,6895.6047,9563.55,0.1621,1.3869,0.3545,0.0258,0.0596,44.7,35.8,35.5,63.7,58.6,40.0
776,Slim Straight,1814,11508.97,14157.16,-2648.19,0.0,12,18,11145.33,3011.83,-0.5745,0.2702,0.1871,0.0181,0.0645,44.7,4.8,73.9,73.7,63.9,37.5
777,Skinny,1578,5126.3,8144.46,-3018.16,-163.6364,4,10,3272.7,4871.76,0.1963,1.4886,0.3706,0.0,0.0288,44.7,38.0,32.8,93.3,17.2,32.5
778,Slim Straight,1509,9109.0,11545.33,-2436.33,-200.0,9,15,9363.53,2181.8,-0.622,0.233,0.211,0.0,0.0511,44.7,4.0,69.0,93.3,48.0,32.6
779,Super Skinny,1650,5895.1496,9466.0196,-3570.87,120.0,6,14,3562.2245,5903.7951,0.2474,1.6573,0.3772,0.0125,0.0331,44.6,43.1,30.9,80.9,23.2,35.6
780,Slim Straight,1913,4722.9,8178.9,-3456.0,93.7546,4,12,2724.4,5454.5,0.3338,2.0021,0.4226,0.0113,0.0265,44.5,50.1,23.8,82.1,14.0,35.1
781,Mom,1557,8680.81,9317.16,-636.35,390.9091,10,12,5744.47,3572.69,-0.2331,0.6219,0.0683,0.0403,0.0487,44.5,12.8,96.1,43.3,44.5,44.8
782,Super Skinny,1559,9443.0698,9443.0698,0.0,294.5454,12,12,8212.9692,1230.1006,-0.7395,0.1498,0.0,0.0302,0.053,44.5,1.7,99.1,57.1,50.8,41.3
783,Flare,1625,5368.99,9368.94,-3999.95,449.1636,4,14,1999.9809,7368.9591,0.5731,3.6845,0.4269,0.0457,0.0301,44.4,71.7,22.7,35.9,19.1,46.5
784,Mom,1636,25970.791,40526.471,-14555.68,93.2091,27,65,22078.101,18448.37,-0.0896,0.8356,0.3592,0.0226,0.1457,44.4,19.6,35.0,67.6,95.3,38.6
785,Super Skinny,1828,9069.5237,14249.4637,-5179.94,81.8182,10,22,6086.6627,8162.801,0.1457,1.3411,0.3635,0.0177,0.0509,44.3,33.9,34.4,75.1,47.8,36.7
786,Slim Straight,1631,8266.8479,10085.0079,-1818.16,0.0,9,13,8994.1079,1090.9,-0.7837,0.1213,0.1803,0.0,0.0464,44.3,1.4,75.4,93.3,41.4,32.0
787,Slim Straight,1666,21681.59,27381.53,-5699.94,1500.0,23,35,14372.56,13008.97,-0.0498,0.9051,0.2082,0.0617,0.1216,44.3,22.2,69.5,21.9,91.4,50.0
788,Super Skinny,1870,5424.146,7105.946,-1681.8,-36.3636,6,10,2849.4536,4256.4923,0.198,1.4938,0.2367,0.0334,0.0304,44.3,38.2,61.8,52.9,19.7,42.1
789,Slim Straight,1643,5999.94,7818.1,-1818.16,0.0,6,10,4545.4,3272.7,-0.1628,0.72,0.2326,0.0,0.0336,44.3,15.7,63.0,93.3,24.1,32.1
790,Flare,1647,13270.65,23656.65,-10386.0,495.5818,12,36,7141.49,16515.16,0.3962,2.3126,0.439,0.0476,0.0744,44.2,54.1,20.8,33.2,71.8,47.0
791,Slim Straight,1822,13056.5614,16965.6114,-3909.05,300.0,14,22,12602.0114,4363.6,-0.4856,0.3463,0.2304,0.0174,0.0732,44.2,6.5,63.7,75.5,70.5,36.4
792,Flare,1683,2751.49,7501.44,-4749.95,521.2091,3,13,0.0,7501.44,1.0,,0.6332,0.0932,0.0154,44.2,98.7,6.7,10.8,6.2,52.6
793,Super Skinny,1855,5550.5582,10939.5682,-5389.01,113.6364,4,18,3510.9982,7428.57,0.3581,2.1158,0.4926,0.0103,0.0311,44.2,51.5,15.3,83.4,20.5,34.4
794,Mom,1508,10183.9627,11902.1127,-1718.15,968.9,12,18,5127.3159,6774.7967,0.1384,1.3213,0.1444,0.1074,0.0571,44.2,33.6,83.0,8.4,55.9,53.2
795,Super Skinny,1694,17776.9538,21272.7738,-3495.82,5081.2364,24,36,10063.3388,11209.435,0.0539,1.1139,0.1643,0.2237,0.0997,44.1,28.2,79.3,1.5,84.9,54.8
796,Slim Straight,1688,8660.7952,11632.0352,-2971.24,-683.2636,8,16,7416.4352,4215.6,-0.2752,0.5684,0.2554,0.0,0.0486,44.1,11.3,57.0,93.3,44.4,31.8
797,Slim Straight,1649,9792.666,11848.196,-2055.53,109.4909,10,16,11848.196,0.0,-1.0,0.0,0.1735,0.0092,0.0549,44.1,0.5,76.5,83.9,53.4,34.2
798,Flare,1579,5499.0378,12365.1178,-6866.08,207.2545,4,20,2788.4978,9576.62,0.549,3.4343,0.5553,0.031,0.0308,44.1,68.2,10.4,56.1,20.0,41.1
799,Flare,1811,15014.67,20655.31,-5640.64,766.3182,16,28,9712.86,10942.45,0.0595,1.1266,0.2731,0.0437,0.0842,44.0,28.4,52.8,38.9,77.8,45.3
800,Wide Leg,1652,4872.1233,7372.0933,-2499.97,900.0,6,12,1318.16,6053.9333,0.6424,4.5927,0.3391,0.1382,0.0273,44.0,77.5,39.2,4.3,15.8,54.0
801,Flare,1884,1861.91,5909.03,-4047.12,-189.1909,1,11,1636.34,4272.69,0.4462,2.6111,0.6849,0.0,0.0104,44.0,58.8,5.1,93.3,3.7,31.7
802,Mom,1642,3959.61,6564.72,-2605.11,317.0182,4,12,909.08,5655.64,0.723,6.2213,0.3968,0.1194,0.0222,43.9,85.2,27.3,6.7,10.6,53.1
803,Mom,1596,8260.8698,9515.3898,-1254.52,672.7273,9,13,4299.9527,5215.4371,0.0962,1.2129,0.1318,0.066,0.0463,43.8,31.2,84.9,19.7,41.3,49.9
804,Mom,1849,7204.9425,11704.8925,-4499.95,145.4546,8,18,4704.9625,6999.93,0.1961,1.4878,0.3845,0.0123,0.0404,43.8,38.0,29.8,81.1,33.2,34.5
805,Wide Leg,1657,7944.4366,8962.9366,-1018.5,463.6364,7,11,4590.2466,4372.69,-0.0243,0.9526,0.1136,0.0492,0.0446,43.8,23.5,88.9,31.9,38.8,46.8
806,Mom,1825,19039.8677,25174.8677,-6135.0,1297.1,21,39,12145.1777,13029.69,0.0351,1.0728,0.2437,0.0577,0.1068,43.8,26.8,60.1,24.5,87.5,48.6
807,Flare,1791,8921.42,10589.58,-1668.16,163.6364,9,13,6630.53,3959.05,-0.2523,0.5971,0.1575,0.0288,0.05,43.8,12.0,80.9,59.2,46.2,39.9
808,Slim Straight,1663,8298.93,12090.79,-3791.86,-117.1909,8,16,6636.29,5454.5,-0.0977,0.8219,0.3136,0.0,0.0465,43.7,19.0,44.6,93.3,41.8,31.3
809,Wide Leg,1906,6679.4693,9598.6392,-2919.17,176.2273,6,12,4272.69,5325.9493,0.1097,1.2465,0.3041,0.018,0.0375,43.7,32.3,46.2,74.0,29.4,36.1
810,Flare,1680,651.17,6854.48,-6203.31,-14.8091,0,14,1399.98,5454.5,0.5915,3.8961,0.905,0.0208,0.0037,43.7,72.8,1.4,70.2,1.2,37.1
811,Mom,1501,5026.19,7635.25,-2609.06,445.4546,6,11,1581.8,6053.4501,0.5857,3.8269,0.3417,0.0889,0.0282,43.6,72.5,38.8,11.8,16.8,51.5
812,Wide Leg,1849,15163.51,18029.39,-2865.88,472.7273,14,22,10527.17,7502.22,-0.1678,0.7127,0.159,0.0542,0.085,43.6,15.4,80.7,27.6,78.2,47.6
813,Mom,1906,13882.77,19379.42,-5496.65,907.4758,15,29,8145.35,11234.07,0.1594,1.3792,0.2836,0.0521,0.0779,43.6,35.4,50.0,29.3,74.2,47.2
814,Slim Straight,1570,9244.99,10244.98,-999.99,600.0,10,12,5572.3,4672.68,-0.0878,0.8386,0.0976,0.0553,0.0518,43.6,19.7,92.2,26.6,49.0,47.8
815,Straight,1603,5699.19,8608.25,-2909.06,506.8454,6,12,2181.8,6426.45,0.4931,2.9455,0.3379,0.0556,0.032,43.5,62.9,39.5,26.0,21.9,47.9
816,Straight,1676,2730.71,9781.08,-7050.37,1037.0,3,17,0.0,9781.08,1.0,,0.7208,0.0959,0.0153,43.4,98.7,3.9,10.1,6.0,51.7
817,Straight,1761,1887.75,8939.01,-7051.26,-6.6727,2,16,1999.98,6939.03,0.5525,3.4695,0.7888,0.0186,0.0106,43.4,68.6,3.0,73.1,3.9,36.0
818,Flare,1853,8075.2134,11529.7134,-3454.5,235.0636,8,16,5420.6834,6109.03,0.0597,1.127,0.2996,0.02,0.0453,43.4,28.5,47.0,71.5,39.8,36.4
819,Flare,1776,4309.5127,6636.7627,-2327.25,275.0,4,10,1457.2627,5179.5,0.5609,3.5543,0.3507,0.062,0.0242,43.3,69.9,36.6,21.8,12.2,48.7
820,Flare,1659,3046.21,6682.52,-3636.31,-39.8545,3,13,760.9,5921.62,0.7723,7.7824,0.5442,0.0703,0.0171,43.2,89.2,11.6,17.8,7.0,49.5
821,Super Skinny,1540,6937.4149,12118.8949,-5181.48,303.8273,6,18,4057.4117,8061.4832,0.3304,1.9869,0.4276,0.0245,0.0389,43.2,49.6,22.4,65.4,31.1,37.6
822,Mom,1631,17929.0369,24310.7669,-6381.73,932.1637,19,37,11206.734,13104.0329,0.078,1.1693,0.2625,0.0583,0.1006,43.2,29.8,54.8,24.0,85.5,48.1
823,Super Skinny,1807,14285.7944,24025.6544,-9739.86,230.3091,14,36,11999.8455,12025.8089,0.0011,1.0022,0.4054,0.0159,0.0801,43.2,24.9,26.1,77.2,75.4,34.7
824,Super Skinny,1693,7146.2011,8764.3611,-1618.16,161.0909,7,11,4213.58,4550.7811,0.0385,1.08,0.1846,0.0396,0.0401,43.1,27.2,74.1,44.2,32.4,42.8
825,Super Skinny,1626,10255.0974,16364.7874,-6109.69,-135.0,10,26,8867.061,7497.7263,-0.0837,0.8456,0.3733,0.0,0.0575,43.1,19.9,31.9,93.3,56.6,30.5
826,Mom,1828,15153.1674,22187.0774,-7033.91,826.0182,17,35,9638.5038,12548.5736,0.1312,1.3019,0.317,0.0461,0.085,43.1,33.2,44.0,35.3,78.1,45.0
827,Wide Leg,1686,12382.4789,16066.1489,-3683.67,1062.3364,13,21,6724.7418,9341.4071,0.1629,1.3891,0.2293,0.0885,0.0694,43.0,35.8,64.6,11.9,67.7,50.8
828,Slim Straight,1678,14391.2444,19227.5544,-4836.31,600.0,15,25,10354.9144,8872.64,-0.0771,0.8569,0.2515,0.0382,0.0807,43.0,20.2,57.7,45.7,75.8,42.3
829,Mom,1628,19904.9815,26086.7215,-6181.74,703.7364,23,37,16684.8073,9401.9142,-0.2792,0.5635,0.237,0.0361,0.1116,43.0,11.0,61.6,49.2,89.1,41.5
830,Mom,1512,9311.2714,10220.3514,-909.08,1186.8636,12,14,5004.2714,5216.08,0.0207,1.0423,0.0889,0.104,0.0522,43.0,25.9,93.5,8.9,49.7,51.5
831,Straight,1524,5013.59,12468.07,-7454.48,440.9091,5,19,2727.24,9740.83,0.5625,3.5717,0.5979,0.0342,0.0281,43.0,70.1,8.5,51.8,16.7,40.8
832,Flare,1895,6684.84,10662.86,-3978.02,42.3545,7,15,4390.19,6272.67,0.1765,1.4288,0.3731,0.0143,0.0375,43.0,36.8,32.0,79.0,29.6,33.9
833,Mom,1759,13913.8497,17277.4397,-3363.59,2243.4546,19,27,7788.07,9489.3697,0.0985,1.2184,0.1947,0.1271,0.078,42.9,31.6,72.1,5.4,74.3,52.3
834,Super Skinny,1687,17505.1874,20868.7974,-3363.61,1353.6364,21,27,12432.1823,8436.6151,-0.1915,0.6786,0.1612,0.0609,0.0982,42.9,14.2,80.4,22.5,84.0,48.0
835,Super Skinny,1666,18507.215,24965.315,-6458.1,349.0909,20,34,14991.62,9973.695,-0.201,0.6653,0.2587,0.0338,0.1038,42.9,13.9,55.6,52.2,87.0,40.6
836,Super Skinny,1814,9412.1677,13462.9877,-4050.82,-312.7818,10,18,8407.1077,5055.88,-0.2489,0.6014,0.3009,0.0,0.0528,42.8,12.2,46.8,93.3,50.6,30.2
837,Wide Leg,1837,7444.4209,16243.1909,-8798.77,594.2909,7,23,3609.0509,12634.14,0.5556,3.5007,0.5417,0.0467,0.0418,42.7,69.1,11.8,34.4,34.8,44.8
838,Flare,1565,9906.9035,11815.9735,-1909.07,648.6909,11,15,6259.3193,5556.6542,-0.0595,0.8877,0.1616,0.052,0.0556,42.7,21.6,80.2,29.5,54.1,46.0
839,Wide Leg,1813,10165.6498,16142.8798,-5977.23,763.6364,10,20,5090.86,11052.0198,0.3693,2.171,0.3703,0.0566,0.057,42.6,52.4,32.9,25.3,55.6,46.9
840,Super Skinny,1556,10000.721,14364.301,-4363.58,294.5454,11,20,7631.021,6733.28,-0.0625,0.8824,0.3038,0.0201,0.0561,42.6,21.3,46.3,71.3,54.6,35.4
841,Super Skinny,1879,8776.3619,14503.5919,-5727.23,370.4546,10,20,5727.19,8776.4019,0.2102,1.5324,0.3949,0.0249,0.0492,42.5,39.5,27.7,64.8,45.3,36.9
842,Slim Straight,1534,6439.0857,8758.2557,-2319.17,300.0,6,12,3694.6657,5063.59,0.1563,1.3705,0.2648,0.0331,0.0361,42.4,35.0,54.2,53.3,27.9,39.7
843,Flare,1627,3428.55,7373.97,-3945.42,207.7909,3,11,999.99,6373.98,0.7288,6.374,0.535,0.0677,0.0192,42.4,85.8,12.4,19.0,8.1,48.3
844,Mom,1711,6624.7746,8442.9346,-1818.16,3081.6818,11,15,2679.9609,5762.9738,0.3652,2.1504,0.2153,0.2674,0.0372,42.2,51.9,67.6,0.9,29.3,52.6
845,Flare,1867,3180.9208,8667.2208,-5486.3,201.3636,3,15,912.26,7754.9608,0.7895,8.5008,0.633,0.0762,0.0178,42.2,90.8,6.9,15.3,7.5,49.0
846,Flare,1863,12564.2144,21475.1244,-8910.91,412.1182,13,31,10243.2528,11231.8716,0.046,1.0965,0.4149,0.0188,0.0705,42.1,27.8,24.8,72.7,68.6,34.5
847,Straight,1534,4845.4,7027.2,-2181.8,727.2727,6,10,1663.61,5363.59,0.5265,3.2241,0.3105,0.0938,0.0272,42.1,66.1,45.0,10.7,15.4,50.0
848,Mom,1869,8382.6609,14955.3009,-6572.64,245.4546,8,24,5054.49,9900.8109,0.3241,1.9588,0.4395,0.0318,0.047,42.1,48.8,20.5,55.0,42.9,38.8
849,Mom,1665,9291.5648,13636.9548,-4345.39,-18.1818,9,21,7000.6648,6636.29,-0.0267,0.948,0.3186,0.0196,0.0521,42.1,23.3,43.6,72.0,49.6,34.6
850,Wide Leg,1853,2752.1999,5898.1199,-3145.92,-300.0,2,10,909.08,4989.0399,0.6917,5.488,0.5334,0.0567,0.0154,42.0,82.2,12.6,25.3,6.2,46.2
851,Slim Straight,1674,8598.5576,10298.5376,-1699.98,0.0,9,13,7025.8376,3272.7,-0.3644,0.4658,0.1651,0.0283,0.0482,42.0,8.9,79.2,60.1,44.1,37.5
852,Flare,1518,7350.13,13628.87,-6278.74,465.1727,8,22,3636.32,9992.55,0.4664,2.748,0.4607,0.0425,0.0412,41.9,60.4,18.5,39.9,34.0,42.4
853,Wide Leg,1844,11772.3521,16585.9421,-4813.59,1071.8273,12,22,6434.0684,10151.8737,0.2242,1.5778,0.2902,0.0715,0.066,41.9,40.8,49.1,17.4,65.4,48.0
854,Super Skinny,1605,12220.9043,17039.0143,-4818.11,370.0,13,25,10435.1733,6603.8409,-0.2249,0.6328,0.2828,0.0213,0.0685,41.7,13.0,50.3,69.5,67.1,34.8
855,Mom,1542,6394.1382,12144.3582,-5750.22,-454.5364,6,20,4636.31,7508.0482,0.2365,1.6194,0.4735,0.0114,0.0359,41.7,42.2,17.3,81.8,27.4,31.6
856,Flare,1706,3657.44,6519.91,-2862.47,108.7,4,10,1636.34,4883.57,0.498,2.9844,0.439,0.0364,0.0205,41.6,63.3,20.7,48.7,9.1,39.8
857,Slim Straight,1579,9064.5407,12183.7007,-3119.16,0.0,9,17,10001.9007,2181.8,-0.6418,0.2181,0.256,0.0,0.0508,41.5,3.8,56.7,93.3,47.5,28.5
858,Flare,1941,2858.8731,7258.8231,-4399.95,520.4545,2,12,961.1531,6297.67,0.7352,6.5522,0.6062,0.0669,0.016,41.5,86.5,8.1,19.3,6.7,47.0
859,Mom,1720,1481.8,5172.66,-3690.86,518.1818,2,12,0.0,5172.66,1.0,,0.7135,0.1632,0.0083,41.5,98.7,4.1,2.8,3.1,51.2
860,Skinny,1714,5698.32,6698.31,-999.99,2683.4182,10,14,2480.94,4217.37,0.2592,1.6999,0.1493,0.3029,0.032,41.5,43.9,82.2,0.5,21.8,51.7
861,Mom,1870,12476.26,14930.77,-2454.51,968.3727,15,21,8395.15,6535.62,-0.1245,0.7785,0.1644,0.0609,0.07,41.5,17.4,79.2,22.6,68.1,46.2
862,Baggy,1838,6535.42,10962.64,-4427.22,-206.8273,5,15,2818.15,8144.49,0.4859,2.89,0.4038,0.055,0.0367,41.4,62.7,26.6,27.0,28.6,45.0
863,Flare,1806,9847.582,32012.442,-22164.86,160.6,7,59,12348.2258,19664.2162,0.2285,1.5925,0.6924,0.0154,0.0552,41.4,41.4,4.7,78.1,53.5,32.2
864,Straight,1569,5915.1862,9040.4662,-3125.28,358.1091,6,12,2582.4062,6458.06,0.4287,2.5008,0.3457,0.053,0.0332,41.4,56.6,37.8,28.8,23.4,44.5
865,Slim Straight,1855,8040.83,10677.16,-2636.33,0.0,8,14,8495.36,2181.8,-0.5913,0.2568,0.2469,0.0,0.0451,41.3,4.7,59.3,93.3,39.5,28.3
866,Flare,1556,9069.3324,18053.7324,-8984.4,400.1636,9,29,5014.9724,13038.76,0.4444,2.6,0.4976,0.046,0.0509,41.3,58.3,14.8,35.4,47.7,42.7
867,Wide Leg,1896,6178.7381,10341.3881,-4162.65,122.3727,6,14,2608.4081,7732.98,0.4955,2.9646,0.4025,0.0545,0.0347,41.2,63.1,26.8,27.4,25.5,44.7
868,Mom,1714,25341.9505,33348.4605,-8006.51,5361.8637,38,60,15836.92,17511.5405,0.0502,1.1057,0.2401,0.1581,0.1421,41.2,27.9,60.7,3.0,94.7,50.7
869,Mom,1850,5187.9527,6824.2927,-1636.34,395.2636,6,10,2486.5227,4337.77,0.2713,1.7445,0.2398,0.0547,0.0291,41.2,44.9,60.8,27.2,17.6,44.8
870,Slim Straight,1839,6462.5266,8007.9566,-1545.43,0.0,7,11,8007.9566,0.0,-1.0,0.0,0.193,0.0,0.0362,41.2,0.5,72.4,93.3,28.1,28.1
871,Mom,1696,15373.6566,23400.8366,-8027.18,1565.0727,18,36,9062.0266,14338.81,0.2255,1.5823,0.343,0.0718,0.0862,41.2,41.0,38.2,17.2,78.7,47.2
872,Straight,1934,3714.35,6987.05,-3272.7,649.2546,4,10,1090.9,5896.15,0.6877,5.4048,0.4684,0.085,0.0208,41.1,81.5,17.8,13.2,9.4,48.1
873,Mom,1940,7160.9671,9797.2971,-2636.33,1343.5091,9,15,2963.5982,6833.6989,0.395,2.3059,0.2691,0.1206,0.0402,41.1,54.0,53.6,6.4,32.4,49.8
874,Flare,1666,10648.7463,27020.6663,-16371.92,363.7636,11,47,8490.8,18529.8663,0.3715,2.1823,0.6059,0.0385,0.0597,41.0,52.6,8.2,45.5,58.7,39.9
875,Slim Straight,1848,7561.8263,8470.9063,-909.08,300.0,8,10,6289.1063,2181.8,-0.4849,0.3469,0.1073,0.0342,0.0424,41.0,6.6,90.8,51.7,35.5,38.3
876,Wide Leg,1665,9055.6595,14716.4395,-5660.78,351.7273,9,19,5490.85,9225.5895,0.2538,1.6802,0.3847,0.0392,0.0508,40.9,43.4,29.8,44.9,47.2,39.9
877,Straight,1565,-3918.3391,4899.7709,-8818.11,645.6455,-3,13,0.0,4899.7709,1.0,,1.7997,0.1164,-0.022,40.9,98.7,0.0,7.2,0.1,49.4
878,Mom,1679,14580.581,22435.031,-7854.45,467.4091,16,34,12262.47,10172.561,-0.0932,0.8296,0.3501,0.0266,0.0818,40.9,19.4,36.8,62.3,76.4,35.5
879,Mom,1643,6928.9238,9383.4338,-2454.51,592.6909,8,14,3454.9985,5928.4353,0.2636,1.7159,0.2616,0.0594,0.0389,40.8,44.4,55.0,23.3,31.0,45.2
880,Super Skinny,1663,18378.2006,32118.1706,-13739.97,659.8182,17,51,15474.9514,16643.2192,0.0364,1.0755,0.4278,0.0305,0.1031,40.8,27.1,22.3,56.8,86.7,36.8
881,Flare,1883,7054.1748,11152.6448,-4098.47,89.4364,7,17,3454.5009,7698.1439,0.3805,2.2284,0.3675,0.0488,0.0396,40.8,53.0,33.8,32.2,31.6,43.0
882,Slim Straight,1677,14499.2086,20029.1886,-5529.98,39.1273,16,28,17847.3886,2181.8,-0.7821,0.1222,0.2761,0.0148,0.0813,40.7,1.5,51.7,78.6,76.2,31.2
883,Mom,1847,10840.03,13621.81,-2781.78,1239.9545,13,21,6144.63,7477.18,0.0978,1.2169,0.2042,0.1127,0.0608,40.7,31.5,70.3,7.7,59.7,48.9
884,Mom,1706,8957.1482,10227.1482,-1270.0,482.7818,10,16,5027.21,5199.9382,0.0169,1.0344,0.1242,0.1071,0.0502,40.6,25.7,86.7,8.4,46.3,48.6
885,Mom,1744,7527.8431,12218.0131,-4690.17,1918.1818,9,21,2818.15,9399.8631,0.5387,3.3355,0.3839,0.1357,0.0422,40.6,67.2,29.9,4.6,35.4,49.6
886,Mom,1715,6620.48,9256.81,-2636.33,2197.6182,10,16,2575.07,6681.74,0.4436,2.5948,0.2848,0.1919,0.0371,40.6,58.2,49.7,2.3,29.2,50.1
887,Mom,1674,12072.58,16190.71,-4118.13,2018.1818,16,26,6599.91,9590.8,0.1847,1.4532,0.2544,0.1227,0.0677,40.4,37.4,57.3,6.0,66.3,49.0
888,Flare,1693,5880.8,10303.98,-4423.18,247.9364,5,17,3006.53,7297.45,0.4164,2.4272,0.4293,0.0394,0.033,40.1,55.5,22.2,44.4,23.1,39.0
889,Mom,1686,10214.6788,14236.4088,-4021.73,2548.6273,14,26,5053.4288,9182.98,0.2901,1.8172,0.2825,0.1769,0.0573,40.1,46.6,50.4,2.4,56.1,49.6
890,Flare,1545,6927.8426,17312.4626,-10384.62,71.2818,6,30,3972.4926,13339.97,0.5411,3.3581,0.5998,0.0487,0.0389,40.1,67.3,8.4,32.4,30.9,42.1
891,Mom,1913,12160.4612,19167.7612,-7007.3,366.6636,13,31,9349.6812,9818.08,0.0244,1.0501,0.3656,0.0323,0.0682,39.9,26.3,34.1,54.5,66.7,36.3
892,Super Skinny,1532,5096.249,6914.399,-1818.15,301.8091,6,12,2510.39,4404.009,0.2739,1.7543,0.263,0.0537,0.0286,39.9,45.2,54.6,28.2,17.0,42.8
893,Mom,1605,22375.6096,32236.4796,-9860.87,2833.2091,29,53,14367.7665,17868.7131,0.1086,1.2437,0.3059,0.1025,0.1255,39.9,32.0,45.8,9.1,92.1,47.6
894,Super Skinny,1655,8380.4002,14525.7902,-6145.39,-109.0909,8,21,5962.4574,8563.3327,0.1791,1.4362,0.4231,0.0256,0.047,39.9,37.0,23.7,63.9,42.8,33.9
895,Slim Straight,1743,7636.28,8336.27,-699.99,0.0,8,10,7245.37,1090.9,-0.7383,0.1506,0.084,0.0347,0.0428,39.9,1.8,94.5,50.5,36.2,37.2
896,Skinny,1621,10731.0592,15694.6492,-4963.59,0.0,10,20,13149.2092,2545.44,-0.6756,0.1936,0.3163,0.0,0.0602,39.8,2.9,44.3,93.3,59.4,26.4
897,Flare,1898,7071.1818,9707.5118,-2636.33,608.0364,7,13,3679.2318,6028.28,0.242,1.6385,0.2716,0.0589,0.0397,39.8,42.7,53.1,23.5,31.9,43.9
898,Super Skinny,1684,8524.8042,15070.1842,-6545.38,250.0,10,24,6814.0043,8256.1799,0.0957,1.2116,0.4343,0.0163,0.0478,39.7,31.1,21.5,76.6,43.8,30.5
899,Straight,1573,2119.0,7118.95,-4999.95,0.0,2,12,1545.43,5573.52,0.5658,3.6065,0.7023,0.0369,0.0119,39.6,70.6,4.3,48.0,4.4,37.5
900,Mom,1762,6469.01,7378.09,-909.08,490.9091,8,10,3805.4,3572.69,-0.0315,0.9388,0.1232,0.0624,0.0363,39.6,23.0,87.1,21.6,28.2,44.0
901,Mom,1788,7936.44,10938.69,-3002.25,907.5546,10,18,3690.86,7247.83,0.3252,1.9637,0.2745,0.1394,0.0445,39.3,48.9,52.2,4.1,38.7,48.0
902,Slim Straight,1518,7100.11,9618.26,-2518.15,-300.0,7,13,7436.46,2181.8,-0.5463,0.2934,0.2618,0.0,0.0398,39.3,5.3,54.9,93.3,32.0,25.8
903,Mom,1896,11221.9327,15012.7827,-3790.85,1197.7727,13,23,6823.2827,8189.5,0.091,1.2002,0.2525,0.0739,0.0629,39.3,30.8,57.5,16.0,62.6,45.1
904,Mom,1871,19463.1781,30954.4481,-11491.27,1892.0091,22,50,13159.2418,17795.2063,0.1498,1.3523,0.3712,0.0646,0.1092,39.2,34.1,32.7,20.8,88.4,43.8
905,Mom,1690,7781.71,8781.7,-999.99,500.0,10,12,5254.47,3527.23,-0.1967,0.6713,0.1139,0.0539,0.0436,39.1,14.0,88.8,28.0,37.6,41.8
906,Super Skinny,1871,7133.1112,11278.5112,-4145.4,240.0,7,17,5217.4299,6061.0813,0.0748,1.1617,0.3675,0.0208,0.04,39.0,29.3,33.7,70.0,32.1,31.2
907,Straight,1509,2949.53,14658.5,-11708.97,113.6364,2,26,4181.78,10476.72,0.4294,2.5053,0.7988,0.0186,0.0165,39.0,56.7,2.7,73.2,6.9,30.5
908,Slim Straight,1543,13111.95,18088.9,-4976.95,572.7273,14,24,11934.41,6154.49,-0.3195,0.5157,0.2751,0.0307,0.0735,39.0,10.0,52.0,56.7,71.0,34.6
909,Slim Straight,1628,8398.3929,10307.4629,-1909.07,300.0,9,13,8125.6629,2181.8,-0.5767,0.2685,0.1852,0.0283,0.0471,38.9,4.7,74.0,60.3,43.0,33.5
910,Flare,1913,8285.9211,13202.211,-4916.29,368.9091,8,20,5580.35,7621.861,0.1546,1.3658,0.3724,0.0339,0.0465,38.8,35.0,32.4,52.2,41.8,35.5
911,Mom,1914,6163.93,9746.71,-3582.78,271.3636,6,16,3146.05,6600.66,0.3544,2.0981,0.3676,0.0504,0.0346,38.8,51.1,33.6,30.9,25.3,40.8
912,Flare,1764,7471.05,12198.27,-4727.22,147.0546,8,18,6090.83,6107.44,0.0014,1.0027,0.3875,0.0119,0.0419,38.8,24.9,29.2,81.4,35.0,28.1
913,Mom,1810,9740.33,13558.46,-3818.13,236.3636,11,21,6285.82,7272.64,0.0728,1.157,0.2816,0.0485,0.0546,38.7,29.1,50.7,32.6,52.6,40.3
914,Super Skinny,1614,7817.6522,11726.7022,-3909.05,240.0,9,17,6217.6661,5509.0361,-0.0604,0.886,0.3333,0.0201,0.0438,38.7,21.5,40.7,71.4,37.7,30.5
915,Super Skinny,1712,8757.5571,10012.1771,-1254.62,310.2545,10,14,5846.1071,4166.07,-0.1678,0.7126,0.1253,0.0646,0.0491,38.6,15.3,86.4,20.8,45.1,43.1
916,Mom,1692,8427.6949,13896.8249,-5469.13,690.1727,9,23,4673.58,9223.2449,0.3274,1.9735,0.3936,0.0553,0.0473,38.6,49.3,27.9,26.8,43.3,41.5
917,Mom,1650,8134.29,12303.94,-4169.65,300.0,9,19,6304.0,5999.94,-0.0247,0.9518,0.3389,0.0238,0.0456,38.6,23.4,39.3,66.4,40.7,31.6
918,Super Skinny,1909,6987.15,10778.42,-3791.27,65.9091,7,17,5427.19,5351.23,-0.007,0.986,0.3517,0.0174,0.0392,38.6,24.5,36.0,75.5,31.3,29.4
919,Mom,1547,9172.6209,11866.2409,-2693.62,736.3636,11,17,5811.7609,6054.48,0.0205,1.0418,0.227,0.0584,0.0514,38.6,25.8,65.0,23.9,48.3,42.3
920,Wide Leg,1637,8018.1059,10381.7259,-2363.62,662.9455,8,12,4799.9459,5581.78,0.0753,1.1629,0.2277,0.06,0.045,38.5,29.5,64.8,22.8,39.3,42.4
921,Mom,1854,6826.8732,10072.2832,-3245.41,1211.4182,10,18,2881.4632,7190.82,0.4278,2.4955,0.3222,0.1505,0.0383,38.4,56.4,42.6,3.5,30.3,47.2
922,Flare,1694,19143.5231,31582.0031,-12438.48,2722.2273,23,55,12183.9731,19398.03,0.2284,1.5921,0.3938,0.1068,0.1074,38.4,41.4,27.9,8.6,87.7,45.9
923,Mom,1919,12625.5896,21606.3396,-8980.75,1239.9546,15,37,7283.7796,14322.56,0.3258,1.9664,0.4157,0.0922,0.0708,38.4,49.2,24.6,11.0,69.1,45.2
924,Flare,1931,3955.275,6300.705,-2345.43,288.0727,4,10,1636.34,4664.365,0.4806,2.8505,0.3722,0.0669,0.0222,38.3,62.0,32.4,19.3,10.5,43.1
925,Slim Straight,1823,6136.9718,8889.0018,-2752.03,-247.9364,6,12,5616.3018,3272.7,-0.2637,0.5827,0.3096,0.0,0.0344,38.3,11.6,45.1,93.3,24.9,24.6
926,Wide Leg,1618,6695.51,15098.47,-8402.96,603.0273,6,22,3909.05,11189.42,0.4822,2.8624,0.5565,0.0503,0.0376,38.2,62.4,10.3,31.1,29.8,40.0
927,Mom,1658,19455.674,27315.684,-7860.01,626.4,22,42,16029.485,11286.199,-0.1736,0.7041,0.2877,0.0477,0.1091,38.2,15.0,49.3,33.1,88.3,39.5
928,Straight,1840,13050.4893,20318.1093,-7267.62,608.8182,13,27,9174.28,11143.8293,0.0969,1.2147,0.3577,0.05,0.0732,38.1,31.3,35.1,31.3,70.4,39.8
929,Mom,1553,7505.6774,9987.4674,-2481.79,-65.4546,8,14,7181.7327,2805.7347,-0.4381,0.3907,0.2485,0.0177,0.0421,38.0,7.5,59.0,75.0,35.2,28.8
930,Mom,1812,7200.9577,13041.7877,-5840.83,272.7273,8,22,5496.4177,7545.37,0.1571,1.3728,0.4479,0.0205,0.0404,38.0,35.1,19.6,70.8,32.9,29.8
931,Mom,1627,4123.01,6368.43,-2245.42,876.9364,5,11,1481.8,4886.63,0.5346,3.2978,0.3526,0.156,0.0231,38.0,66.8,35.6,3.2,11.5,46.7
932,Mom,1747,10359.5337,12750.4137,-2390.88,1608.6182,14,20,6464.1237,6286.29,-0.0139,0.9725,0.1875,0.127,0.0581,37.8,24.0,73.8,5.4,57.5,45.8
933,Mom,1917,10228.061,11746.221,-1518.16,2200.0,15,18,6491.741,5254.48,-0.1053,0.8094,0.1292,0.1755,0.0574,37.8,18.6,85.6,2.5,56.4,46.6
934,Flare,1927,-2245.4709,5854.4491,-8099.92,0.0,-1,15,909.99,4944.4591,0.6891,5.4335,1.3835,0.0571,-0.0126,37.7,81.7,0.2,24.9,0.2,41.0
935,Slim Straight,1896,8084.33,10136.26,-2051.93,515.5818,9,13,5181.76,4954.5,-0.0224,0.9561,0.2024,0.0599,0.0453,37.7,23.7,70.6,22.9,39.9,41.4
936,Wide Leg,1840,6305.7398,9772.0598,-3466.32,-38.1818,5,13,3185.7498,6586.31,0.348,2.0674,0.3547,0.0615,0.0354,37.6,50.7,35.4,22.1,26.5,41.4
937,Wide Leg,1621,5947.9716,9793.3916,-3845.42,522.7273,5,13,3090.88,6702.5116,0.3688,2.1685,0.3927,0.0507,0.0334,37.6,52.3,28.1,30.6,23.6,39.4
938,Flare,1844,4463.6743,17761.7043,-13298.03,445.7454,3,33,5344.2143,12417.49,0.3982,2.3235,0.7487,0.0245,0.025,37.5,54.1,3.5,65.4,12.6,30.5
939,Mom,1689,8894.6709,13586.2209,-4691.55,4.5454,9,20,7905.5869,5680.634,-0.1638,0.7186,0.3453,0.0181,0.0499,37.4,15.6,37.9,73.8,45.9,28.2
940,Super Skinny,1536,4515.6596,8988.3396,-4472.68,212.1182,4,14,3258.68,5729.6596,0.2749,1.7583,0.4976,0.0231,0.0253,37.3,45.5,14.9,67.1,13.0,29.8
941,Super Skinny,1527,9569.6217,15945.1917,-6375.57,40.8636,11,25,8263.2388,7681.953,-0.0365,0.9297,0.3998,0.022,0.0537,37.3,22.8,27.1,68.4,51.8,29.6
942,Flare,1855,7688.8658,21839.5558,-14150.69,584.6909,7,37,8067.7609,13771.7949,0.2612,1.707,0.6479,0.0261,0.0431,37.3,44.1,5.9,63.2,37.0,30.8
943,Slim Straight,1915,6203.5453,9112.6053,-2909.06,0.0,7,13,6036.7253,3075.88,-0.3249,0.5095,0.3192,0.0,0.0348,37.2,9.7,43.3,93.3,25.6,23.2
944,Mom,1573,5127.7415,7264.0715,-2136.33,381.8182,6,12,2299.97,4964.1015,0.3668,2.1583,0.2941,0.1083,0.0288,37.1,52.2,48.1,8.1,17.3,44.4
945,Super Skinny,1764,11417.3317,20561.3017,-9143.97,837.8747,12,34,6905.35,13655.9517,0.3283,1.9776,0.4447,0.0797,0.064,37.1,49.5,19.9,14.2,63.2,42.8
946,Wide Leg,1932,3131.74,7313.52,-4181.78,0.0,3,11,2999.97,4313.55,0.1796,1.4379,0.5718,0.0,0.0176,37.1,37.1,9.9,93.3,7.3,23.0
947,Mom,1848,9362.6075,13453.4575,-4090.85,105.7273,10,20,8930.3142,4523.1434,-0.3276,0.5065,0.3041,0.0209,0.0525,36.9,9.5,46.3,69.9,50.3,28.6
948,Slim Straight,1565,9746.5829,11771.8629,-2025.28,575.2909,11,15,7321.9029,4449.96,-0.244,0.6078,0.172,0.0585,0.0547,36.9,12.5,76.9,23.8,52.8,40.2
949,Skinny,1825,5755.98,7801.42,-2045.44,0.0,6,10,6528.7,1272.72,-0.6737,0.1949,0.2622,0.0,0.0323,36.9,3.0,54.9,93.3,22.3,22.8
950,Wide Leg,1911,7211.0474,9294.7774,-2083.73,314.1818,7,11,4975.69,4319.0874,-0.0706,0.868,0.2242,0.0454,0.0404,36.9,20.6,65.7,36.4,33.3,37.1
951,Mom,1519,6512.0671,11984.7171,-5472.65,-300.0,6,20,6166.5971,5818.12,-0.0291,0.9435,0.4566,0.0,0.0365,36.9,23.1,18.9,93.3,28.5,22.8
952,Mom,1908,8127.1909,14090.7509,-5963.56,236.3637,9,23,5363.57,8727.1809,0.2387,1.6271,0.4232,0.0432,0.0456,36.8,42.4,23.6,39.3,40.6,36.2
953,Mom,1791,7202.2201,9271.6201,-2069.4,1651.2364,10,16,3809.8502,5461.7698,0.1782,1.4336,0.2232,0.1687,0.0404,36.8,36.9,66.1,2.8,33.1,45.3
954,Slim Straight,1659,9404.6956,10131.9556,-727.26,1200.0,11,13,6926.6782,3205.2774,-0.3673,0.4627,0.0718,0.1059,0.0527,36.8,8.8,95.8,8.8,50.4,43.8
955,Slim Straight,1811,5012.6106,7712.5806,-2699.97,-300.0,5,11,4439.8806,3272.7,-0.1513,0.7371,0.3501,0.0,0.0281,36.8,16.0,36.9,93.3,16.7,22.7
956,Flare,1802,9279.517,15843.067,-6563.55,173.1636,9,25,7514.6978,8328.3692,0.0514,1.1083,0.4143,0.029,0.052,36.7,28.0,25.1,58.9,49.5,31.1
957,Super Skinny,1913,5809.65,10456.18,-4646.53,113.7091,5,17,4090.85,6365.33,0.2175,1.556,0.4444,0.0273,0.0326,36.7,40.0,20.0,61.5,22.7,30.5
958,Super Skinny,1678,7670.7699,11768.3599,-4097.59,0.0,8,18,8294.8199,3473.54,-0.4097,0.4188,0.3482,0.0,0.043,36.7,8.0,37.5,93.3,36.8,22.6
959,Slim Straight,1847,5999.94,7609.01,-1609.07,0.0,6,10,4336.31,3272.7,-0.1398,0.7547,0.2115,0.0379,0.0336,36.7,16.6,68.8,46.4,24.1,34.3
960,Mom,1837,13259.0535,18274.3735,-5015.32,1586.4091,17,29,8947.7354,9326.638,0.0207,1.0423,0.2744,0.0867,0.0744,36.7,26.0,52.3,12.5,71.6,42.8
961,Wide Leg,1534,3896.0737,8264.2237,-4368.15,615.2091,4,12,1672.71,6591.5137,0.5952,3.9406,0.5286,0.0875,0.0219,36.7,73.5,13.2,12.2,10.3,42.8
962,Slim Straight,1874,5027.22,7418.1,-2390.88,-300.0,5,11,4636.31,2781.79,-0.25,0.6,0.3223,0.0,0.0282,36.7,12.1,42.5,93.3,16.9,22.5
963,Super Skinny,1661,7214.4609,9687.1609,-2472.7,240.0,8,14,6414.4609,3272.7,-0.3243,0.5102,0.2553,0.0242,0.0405,36.4,9.8,57.1,66.0,33.4,29.0
964,Wide Leg,1941,4786.2862,7758.9862,-2972.7,-300.0,4,10,4181.78,3577.2062,-0.0779,0.8554,0.3831,0.0,0.0268,36.4,20.0,30.2,93.3,14.4,22.1
965,Slim Straight,1637,5422.7994,7422.7794,-1999.98,0.0,6,10,6331.8794,1090.9,-0.7061,0.1723,0.2694,0.0,0.0304,36.0,2.6,53.5,93.3,19.7,21.7
966,Mom,1579,1874.0985,8237.6585,-6363.56,0.0,2,16,3237.7085,4999.95,0.2139,1.5443,0.7725,0.0,0.0105,36.0,39.9,3.3,93.3,3.8,21.7
967,Flare,1858,4186.8419,7132.6819,-2945.84,342.6182,5,11,2262.8419,4869.84,0.3655,2.1521,0.413,0.0458,0.0235,36.0,52.0,25.2,35.8,11.8,36.1
968,Wide Leg,1758,12040.5277,21333.1577,-9292.63,374.5454,11,31,11463.88,9869.2777,-0.0747,0.8609,0.4356,0.0265,0.0675,35.9,20.4,21.3,62.4,66.2,29.3
969,Mom,1669,9095.3134,13640.7034,-4545.39,3467.2091,15,27,4921.6834,8719.02,0.2784,1.7716,0.3332,0.2391,0.051,35.9,45.7,40.9,1.1,47.9,44.6
970,Mom,1541,5572.67,7572.64,-1999.97,245.4546,6,12,2872.69,4699.95,0.2413,1.6361,0.2641,0.0946,0.0313,35.9,42.6,54.5,10.4,20.8,42.2
971,Baggy,1714,9790.24,16849.27,-7059.03,2482.4,11,25,5172.68,11676.59,0.386,2.2574,0.419,0.1689,0.0549,35.9,53.4,24.2,2.7,53.3,44.3
972,Flare,1501,4842.4767,8478.7967,-3636.32,416.8727,5,13,2622.9967,5855.8,0.3813,2.2325,0.4289,0.0469,0.0272,35.9,53.2,22.3,34.1,15.2,36.4
973,Super Skinny,1667,9459.11,14395.41,-4936.3,133.9727,10,22,8529.54,5865.87,-0.185,0.6877,0.3429,0.0257,0.0531,35.8,14.6,38.4,63.8,51.0,28.9
974,Mom,1581,13829.8854,22875.7354,-9045.85,1448.8636,16,38,9987.6343,12888.1011,0.1268,1.2904,0.3954,0.0596,0.0776,35.8,32.9,27.6,23.1,74.0,39.0
975,Super Skinny,1748,4511.0942,7874.7042,-3363.61,236.3636,5,11,3060.93,4813.7742,0.2226,1.5727,0.4271,0.0291,0.0253,35.6,40.6,22.7,58.6,12.9,29.8
976,Mom,1595,1341.0,6454.47,-5113.47,-218.1818,1,13,2545.42,3909.05,0.2113,1.5357,0.7922,0.0,0.0075,35.6,39.6,2.8,93.3,2.8,21.2
977,Slim Straight,1751,9661.8964,12998.1064,-3336.21,149.8909,10,18,9952.6864,3045.42,-0.5314,0.306,0.2567,0.0308,0.0542,35.5,5.6,56.5,56.4,52.3,30.3
978,Mom,1533,13183.8923,25792.8223,-12608.93,1708.0273,14,44,9603.1447,16189.6776,0.2554,1.6859,0.4889,0.0722,0.0739,35.5,43.7,15.7,16.8,71.3,40.1
979,Mom,1839,11042.372,16097.482,-5055.11,245.4546,13,25,9764.8238,6332.6582,-0.2132,0.6485,0.314,0.0364,0.0619,35.4,13.4,44.5,48.5,61.2,32.1
980,Baggy,1867,1213.63,6235.41,-5021.78,59.0909,1,11,1022.72,5212.69,0.672,5.0969,0.8054,0.0855,0.0068,35.4,79.6,2.6,12.9,2.4,41.1
981,Mom,1646,16235.8134,24710.0934,-8474.28,3518.4546,22,44,10858.6627,13851.4306,0.1211,1.2756,0.3429,0.1592,0.0911,35.4,32.8,38.3,2.9,81.0,43.6
982,Flare,1542,6584.099,14555.369,-7971.27,0.0,7,25,7373.619,7181.75,-0.0132,0.974,0.5477,0.0,0.0369,35.4,24.1,11.2,93.3,28.9,21.0
983,Super Skinny,1677,6027.6812,11598.5112,-5570.83,65.4546,6,20,5007.0103,6591.5009,0.1366,1.3165,0.4803,0.0203,0.0338,35.3,33.4,16.4,71.0,24.4,26.4
984,Straight,1582,1247.59,9057.31,-7809.72,-742.1546,1,17,1999.98,7057.33,0.5584,3.5287,0.8623,0.0471,0.007,35.3,69.4,2.1,33.5,2.4,35.8
985,Mom,1753,3805.14,6468.75,-2663.61,0.0,4,10,2377.88,4090.87,0.2648,1.7204,0.4118,0.0366,0.0213,35.3,44.5,25.5,48.4,9.9,32.1
986,Super Skinny,1575,7644.4459,10917.1459,-3272.7,492.7273,9,15,5433.6965,5483.4495,0.0046,1.0092,0.2998,0.0432,0.0429,35.2,25.3,47.0,39.5,36.4,34.2
987,Slim Straight,1936,5518.13,8309.01,-2790.88,327.2727,6,12,3727.23,4581.78,0.1028,1.2293,0.3359,0.0379,0.0309,35.2,31.8,40.3,46.6,20.4,32.3
988,Mom,1861,3172.0103,8226.4903,-5054.48,783.5455,4,16,1555.5703,6670.92,0.6218,4.2884,0.6144,0.1138,0.0178,35.2,76.5,7.7,7.6,7.4,42.0
989,Mom,1694,16955.46,25532.1,-8576.64,6271.5273,30,55,11579.38,13952.72,0.093,1.205,0.3359,0.25,0.0951,35.1,31.0,40.3,1.0,82.7,43.6
990,Slim Straight,1837,7865.36,12545.32,-4679.96,-156.3636,8,18,9272.62,3272.7,-0.4783,0.3529,0.373,0.0,0.0441,35.1,6.8,32.1,93.3,38.0,20.6
991,Mom,1743,13250.8145,18678.0245,-5427.21,2339.7091,18,30,8972.3845,9705.64,0.0393,1.0817,0.2906,0.1238,0.0743,35.1,27.4,49.0,5.8,71.5,42.4
992,Mom,1855,17551.8527,25788.1027,-8236.25,1536.6091,20,40,14821.5026,10966.6,-0.1495,0.7399,0.3194,0.0562,0.0984,35.0,16.1,43.2,25.7,84.1,37.3
993,Super Skinny,1608,2287.44,6235.56,-3948.12,16.9455,1,11,1570.89,4664.67,0.4962,2.9694,0.6332,0.0467,0.0128,34.6,63.1,6.8,34.5,4.8,34.6
994,Flare,1751,8105.88,12424.02,-4318.14,984.9273,10,20,4777.69,7646.33,0.2309,1.6004,0.3476,0.0889,0.0455,34.5,41.7,37.6,11.8,40.2,40.1
995,Slim Straight,1616,7182.9055,9182.8855,-1999.98,300.0,8,12,7391.9955,1790.89,-0.61,0.2423,0.2178,0.0316,0.0403,34.4,4.3,66.9,55.4,32.8,29.2
996,Mom,1621,9538.01,20225.1,-10687.09,239.1727,9,35,9481.7,10743.4,0.0624,1.1331,0.5284,0.0285,0.0535,34.4,28.6,13.3,59.9,51.4,28.1
997,Mom,1678,9853.6578,26063.5478,-16209.89,-293.5091,9,49,14546.4991,11517.0487,-0.1162,0.7917,0.6219,0.0037,0.0553,34.4,18.0,7.7,86.4,53.6,21.5
998,Slim Straight,1863,7645.36,8645.35,-999.99,900.0,9,11,5454.48,3190.87,-0.2618,0.585,0.1157,0.0943,0.0429,34.4,11.8,88.3,10.5,36.5,40.3
999,Slim Straight,1758,15170.4523,19851.9523,-4681.5,600.0,16,28,15968.3523,3883.6,-0.6087,0.2432,0.2358,0.0553,0.0851,34.3,4.3,62.0,26.7,78.3,36.2
1000,Super Skinny,1636,9063.3398,15801.2798,-6737.94,138.4727,10,26,7708.9898,8092.29,0.0243,1.0497,0.4264,0.0318,0.0508,34.3,26.1,22.9,55.1,47.4,29.1
1001,Mom,1852,10248.6141,13794.0241,-3545.41,736.3636,13,21,8286.3596,5507.6645,-0.2014,0.6647,0.257,0.0507,0.0575,34.2,13.8,56.4,30.5,56.5,35.1
1002,Flare,1612,6166.0119,10545.0119,-4379.0,-439.1273,6,16,6312.3219,4232.69,-0.1972,0.6705,0.4153,0.0,0.0346,34.2,14.0,24.7,93.3,25.4,19.5
1003,Wide Leg,1699,9223.0756,16550.2756,-7327.2,1451.7273,9,25,5802.75,10747.5256,0.2988,1.8521,0.4427,0.0806,0.0517,34.1,47.3,20.0,14.0,48.9,39.1
1004,Super Skinny,1777,7193.5027,11073.4427,-3879.94,-54.5454,8,18,7643.2576,3430.1852,-0.3805,0.4488,0.3504,0.0107,0.0403,34.1,8.5,36.7,82.8,32.8,21.9
1005,Super Skinny,1696,2309.64,8427.75,-6118.11,-85.0273,2,16,3094.6255,5333.1245,0.2656,1.7234,0.7259,0.0187,0.013,34.1,44.6,3.7,72.8,4.9,24.4
1006,Super Skinny,1820,2325.96,7425.92,-5099.96,-300.0,3,13,3204.5,4221.42,0.1369,1.3173,0.6868,0.0,0.013,34.1,33.5,5.0,93.3,5.1,19.3
1007,Slim Straight,1527,5377.87,8950.56,-3572.69,140.2636,5,13,4727.22,4223.34,-0.0563,0.8934,0.3992,0.0154,0.0302,34.0,21.8,27.2,78.0,19.3,23.0
1008,Slim Straight,1517,8315.29,9854.43,-1539.14,300.0,9,13,7363.55,2490.88,-0.4945,0.3383,0.1562,0.0574,0.0466,34.0,6.2,81.1,24.6,42.1,36.3
1009,Wide Leg,1807,3272.7,8818.11,-5545.41,0.0,3,13,3999.96,4818.15,0.0928,1.2045,0.6289,0.0,0.0184,34.0,30.9,7.2,93.3,7.9,19.2
1010,Mom,1780,5225.783,8771.193,-3545.41,477.9273,6,14,3118.14,5653.053,0.289,1.813,0.4042,0.0517,0.0293,33.9,46.4,26.5,29.8,18.2,34.9
1011,Straight,1501,1722.5076,5995.1976,-4272.69,196.3636,2,10,1855.98,4139.2176,0.3808,2.2302,0.7127,0.0317,0.0097,33.9,53.1,4.2,55.3,3.3,28.5
1012,Super Skinny,1935,11033.3084,16957.9384,-5924.63,464.1273,12,26,9114.9192,7843.0192,-0.075,0.8605,0.3494,0.0457,0.0619,33.7,20.3,36.9,36.1,61.1,33.1
1013,Mom,1666,23133.0421,50555.5721,-27422.53,3479.4455,30,94,20886.0,29669.5721,0.1737,1.4205,0.5424,0.0939,0.1297,33.7,36.5,11.8,10.6,93.4,39.4
1014,Slim Straight,1802,2437.3552,6046.4052,-3609.05,-300.0,2,10,2773.7052,3272.7,0.0825,1.1799,0.5969,0.0,0.0137,33.7,30.1,8.6,93.3,5.5,18.8
1015,Slim Straight,1941,2490.43,6083.25,-3592.82,-407.1454,2,10,2810.55,3272.7,0.076,1.1644,0.5906,0.0,0.014,33.6,29.6,8.9,93.3,5.8,18.7
1016,Mom,1818,13321.1,20571.0,-7249.9,3951.4455,20,38,9027.15,11543.85,0.1223,1.2788,0.3524,0.1741,0.0747,33.4,32.8,35.7,2.6,72.1,41.1
1017,Mom,1559,10063.8153,16154.6453,-6090.83,2140.6728,14,28,6359.63,9795.0153,0.2127,1.5402,0.377,0.117,0.0564,33.3,39.7,30.9,6.9,55.1,39.8
1018,Slim Straight,1658,2181.8,5999.94,-3818.14,0.0,2,10,2727.24,3272.7,0.0909,1.2,0.6364,0.0,0.0122,33.3,30.7,6.6,93.3,4.6,18.3
1019,Super Skinny,1923,5973.7595,11428.2395,-5454.48,0.0,6,18,6449.36,4978.8795,-0.1287,0.772,0.4773,0.0,0.0335,33.3,17.3,16.7,93.3,23.9,18.4
1020,Wide Leg,1826,2744.4821,9038.5221,-6294.04,456.3636,3,15,2384.0321,6654.49,0.4725,2.7913,0.6964,0.0481,0.0154,33.1,61.2,4.6,32.9,6.1,33.2
1021,Baggy,1694,4693.86,8999.93,-4306.07,-693.8727,3,16,2181.8,6818.13,0.5152,3.125,0.4785,0.1538,0.0263,33.1,65.4,16.7,3.4,13.9,40.5
1022,Wide Leg,1574,6421.166,10525.676,-4104.51,-20.9091,6,14,4090.87,6434.806,0.2227,1.573,0.39,0.0541,0.036,33.1,40.7,28.5,27.9,27.6,34.4
1023,Wide Leg,1603,3555.71,9834.47,-6278.76,-13.6364,2,16,4181.78,5652.69,0.1496,1.3517,0.6384,0.0107,0.0199,33.1,34.0,6.4,83.0,8.7,20.6
1024,Mom,1883,7263.55,10327.15,-3063.6,354.5455,8,16,4663.57,5663.58,0.0968,1.2144,0.2967,0.0689,0.0407,33.1,31.3,47.7,18.2,33.5,36.8
1025,Flare,1676,2047.2052,6774.4252,-4727.22,690.9091,3,13,1399.98,5374.4452,0.5867,3.8389,0.6978,0.0925,0.0115,33.0,72.6,4.5,11.0,4.2,38.5
1026,Mom,1880,5255.3759,9346.2259,-4090.85,363.1,6,15,3709.9159,5636.31,0.2061,1.5193,0.4377,0.0374,0.0295,33.0,38.8,21.0,47.4,18.5,29.4
1027,Super Skinny,1930,5005.97,7549.58,-2543.61,-245.4546,5,11,4243.58,3306.0,-0.1242,0.7791,0.3369,0.0226,0.0281,33.0,17.4,39.9,67.6,16.6,24.3
1028,Super Skinny,1628,9544.6595,19829.3895,-10284.73,70.3,11,33,11912.5397,7916.8498,-0.2015,0.6646,0.5187,0.012,0.0535,33.0,13.7,14.0,81.3,51.5,20.9
1029,Mom,1889,2782.4091,7771.4391,-4989.03,-374.5455,3,15,2580.1391,5191.3,0.336,2.012,0.642,0.0339,0.0156,33.0,50.2,6.3,51.9,6.5,28.3
1030,Mom,1588,5199.44,8363.54,-3164.1,0.0,5,13,5545.39,2818.15,-0.3261,0.5082,0.3783,0.0,0.0292,32.9,9.6,30.8,93.3,17.8,17.8
1031,Super Skinny,1850,6259.507,9781.347,-3521.84,132.8273,7,15,6417.737,3363.61,-0.3122,0.5241,0.3601,0.0134,0.0351,32.8,10.3,34.9,79.9,26.2,21.0
1032,Mom,1544,5293.7813,7775.5713,-2481.79,927.2727,7,13,2821.0813,4954.49,0.2744,1.7562,0.3192,0.1311,0.0297,32.8,45.3,43.5,5.1,18.8,39.8
1033,Skinny,1789,2242.44,5485.9,-3243.46,1484.8,3,11,1090.9,4395.0,0.6023,4.0288,0.5912,0.3143,0.0126,32.7,74.3,8.8,0.3,4.7,40.8
1034,Skinny,1628,2872.71,6727.22,-3854.51,-327.2727,2,10,3272.7,3454.52,0.027,1.0556,0.573,0.0,0.0161,32.7,26.5,9.8,93.3,6.8,17.6
1035,Mom,1806,17669.4468,35022.8368,-17353.39,1091.0455,19,61,17765.4826,17257.3542,-0.0145,0.9714,0.4955,0.0506,0.0991,32.2,23.9,15.1,30.7,84.5,32.5
1036,Mom,1751,7327.2,12004.41,-4677.21,968.1727,9,21,4313.58,7690.83,0.2813,1.7829,0.3896,0.1078,0.0411,32.2,45.9,28.6,8.1,33.9,38.2
1037,Super Skinny,1646,5929.18,11123.71,-5194.53,-63.6364,5,19,5090.84,6032.87,0.0847,1.185,0.467,0.0286,0.0333,32.1,30.2,18.0,59.7,23.5,25.1
1038,Mom,1930,8811.7623,11866.2623,-3054.5,695.4546,10,18,7025.4014,4840.8609,-0.1841,0.6891,0.2574,0.0554,0.0494,32.0,14.7,56.1,26.4,45.6,33.4
1039,Mom,1873,11043.2864,23815.0164,-12771.73,742.1,13,43,9845.0864,13969.93,0.1732,1.419,0.5363,0.0564,0.0619,31.9,36.4,12.3,25.4,61.3,33.5
1040,Slim Straight,1673,8783.4,16292.41,-7509.01,0.0,9,25,13019.71,3272.7,-0.5983,0.2514,0.4609,0.0,0.0493,31.9,4.5,18.4,93.3,45.4,16.5
1041,Mom,1768,5192.4286,5938.8286,-746.4,2883.2455,9,13,3246.0486,2692.78,-0.0932,0.8296,0.1257,0.3647,0.0291,31.9,19.3,86.2,0.0,17.8,39.9
1042,Mom,1637,7360.4651,20806.9151,-13446.45,197.7727,8,39,10649.6482,10157.2669,-0.0237,0.9538,0.6462,0.0141,0.0413,31.9,23.6,6.0,79.4,34.2,20.1
1043,Mom,1534,4993.62,8629.94,-3636.32,425.4546,6,14,3328.18,5301.76,0.2287,1.593,0.4214,0.047,0.028,31.8,41.5,24.0,34.0,16.3,31.3
1044,Mom,1760,5502.2642,12996.7742,-7494.51,-269.9091,5,25,5400.05,7596.7242,0.169,1.4068,0.5766,0.0286,0.0309,31.8,36.2,9.6,59.6,20.2,24.9
1045,Wide Leg,1820,6212.9295,9576.5395,-3363.61,603.1455,6,12,4028.64,5547.8995,0.1586,1.3771,0.3512,0.0592,0.0348,31.7,35.3,36.2,23.4,25.8,33.8
1046,Wide Leg,1843,1403.13,6495.4,-5092.27,-125.8727,1,11,2999.97,3495.43,0.0763,1.1652,0.784,0.0,0.0079,31.7,29.7,3.2,93.3,2.8,16.4
1047,Mom,1527,17879.6707,34091.7407,-16212.07,2043.2637,20,62,15844.4406,18247.3001,0.0705,1.1517,0.4755,0.0762,0.1003,31.7,29.0,16.9,15.4,85.3,35.8
1048,Flare,1817,3468.2538,7961.0238,-4492.77,183.7273,3,13,2742.8938,5218.13,0.3109,1.9024,0.5643,0.0395,0.0195,31.7,47.7,10.1,44.4,8.1,28.5
1049,Super Skinny,1654,777.823,5077.773,-4299.95,-68.1818,0,10,1636.34,3441.433,0.3555,2.1031,0.8468,0.0337,0.0044,31.7,51.2,2.2,52.4,1.4,26.6
1050,Slim Straight,1879,8668.09,13004.4,-4336.31,-50.0,9,19,11913.5,1090.9,-0.8322,0.0916,0.3334,0.0189,0.0486,31.7,0.9,40.6,72.6,44.4,21.5
1051,Super Skinny,1931,5699.0641,8582.6741,-2883.61,-19.8091,7,13,4288.58,4294.0941,0.0006,1.0013,0.336,0.0413,0.032,31.6,24.8,40.2,41.8,21.9,29.1
1052,Mom,1653,5331.7598,7877.1798,-2545.42,245.4546,6,12,4454.49,3422.6898,-0.131,0.7684,0.3231,0.0302,0.0299,31.6,17.0,42.3,57.1,18.9,25.3
1053,Mom,1915,11715.5827,20788.6927,-9073.11,938.3273,13,35,11035.4109,9753.2818,-0.0617,0.8838,0.4364,0.0432,0.0657,31.5,21.4,21.2,39.4,65.0,29.5
1054,Mom,1546,6695.1651,8513.3251,-1818.16,663.6364,8,12,4877.0051,3636.32,-0.1457,0.7456,0.2136,0.0723,0.0375,31.4,16.3,68.3,16.7,29.7,35.1
1055,Super Skinny,1896,5401.5447,10128.7647,-4727.22,401.8182,6,16,4175.5727,5953.192,0.1755,1.4257,0.4667,0.0382,0.0303,31.3,36.7,18.1,45.9,19.4,27.6
1056,Super Skinny,1817,6378.4217,8832.9317,-2454.51,475.4909,7,13,4727.21,4105.7217,-0.0704,0.8685,0.2779,0.0511,0.0358,31.3,20.7,51.4,30.3,27.2,31.5
1057,Mom,1561,5697.6525,12649.8825,-6952.23,390.9091,6,24,5374.2,7275.6825,0.1503,1.3538,0.5496,0.03,0.032,31.2,34.3,11.0,57.3,21.7,24.7
1058,Wide Leg,1669,5950.79,10162.44,-4211.65,1440.0455,8,16,3286.23,6876.21,0.3533,2.0924,0.4144,0.1354,0.0334,31.2,51.1,25.0,4.7,23.7,37.8
1059,Mom,1823,10817.7727,17518.6927,-6700.92,270.3818,12,30,10052.7827,7465.91,-0.1477,0.7427,0.3825,0.0416,0.0607,31.2,16.2,30.3,41.3,59.5,28.7
1060,Mom,1677,17293.8186,29716.3686,-12422.55,1598.0636,21,53,14643.1402,15073.2284,0.0145,1.0294,0.418,0.0869,0.097,31.2,25.5,24.2,12.3,83.3,35.9
1061,Mom,1863,6431.0417,11403.7017,-4972.66,243.9455,7,19,4768.7117,6634.99,0.1637,1.3914,0.4361,0.0455,0.0361,31.1,35.9,21.2,36.2,27.9,29.8
1062,Super Skinny,1844,5633.5122,10957.0722,-5323.56,-174.5454,5,19,6070.9,4886.1722,-0.1081,0.8049,0.4859,0.0108,0.0316,31.0,18.4,16.0,82.6,21.2,18.2
1063,Wide Leg,1931,3231.62,7584.3,-4352.68,-120.0,2,12,3999.96,3584.34,-0.0548,0.8961,0.5739,0.0,0.0181,31.0,21.9,9.7,93.3,7.7,15.4
1064,Super Skinny,1621,4708.8738,9981.5538,-5272.68,0.0,6,16,5635.2238,4346.33,-0.1291,0.7713,0.5282,0.0,0.0264,30.9,17.1,13.3,93.3,14.0,15.3
1065,Slim Straight,1581,4786.6925,7659.4025,-2872.71,140.2636,5,11,4526.9625,3132.44,-0.1821,0.692,0.3751,0.018,0.0268,30.9,14.8,31.7,74.2,14.5,20.0
1066,Wide Leg,1690,1836.6518,8700.2418,-6863.59,-136.3636,2,14,4173.0018,4527.24,0.0407,1.0849,0.7889,0.0,0.0103,30.9,27.5,2.9,93.3,3.6,15.3
1067,Mom,1918,6244.0943,7949.5243,-1705.43,1423.3273,10,18,4026.1943,3923.33,-0.0129,0.9745,0.2145,0.2244,0.035,30.8,24.2,68.0,1.4,26.0,38.2
1068,Super Skinny,1940,4542.1692,7178.4992,-2636.33,0.0,5,11,5905.7792,1272.72,-0.6454,0.2155,0.3673,0.0,0.0255,30.6,3.6,33.9,93.3,13.2,14.9
1069,Mom,1576,10020.6414,17246.0114,-7225.37,270.9091,12,28,10258.5702,6987.4412,-0.1897,0.6811,0.419,0.0331,0.0562,30.6,14.3,24.1,53.2,54.7,24.9
1070,Straight,1713,7656.48,11718.05,-4061.57,1387.8788,8,18,4818.11,6899.94,0.1777,1.4321,0.3466,0.1349,0.0429,30.6,36.9,37.6,4.7,36.6,37.1
1071,Mom,1549,7463.5809,15087.8909,-7624.31,467.0182,8,24,6692.22,8395.6709,0.1129,1.2545,0.5053,0.0409,0.0419,30.3,32.4,14.4,42.2,35.0,27.3
1072,Wide Leg,1838,7581.5094,12370.0394,-4788.53,625.8182,7,17,5921.4887,6448.5506,0.0426,1.089,0.3871,0.0482,0.0425,30.3,27.5,29.4,32.8,35.7,29.6
1073,Flare,1761,-1061.35,6593.12,-7654.47,61.3636,-1,15,2229.52,4363.6,0.3237,1.9572,1.161,0.033,-0.006,30.3,48.7,0.4,53.4,0.5,24.6
1074,Mom,1590,4745.03,6563.19,-1818.16,245.4546,6,10,3990.49,2572.7,-0.216,0.6447,0.277,0.0361,0.0266,30.2,13.3,51.5,49.3,14.3,25.4
1075,Mom,1556,7384.8827,18572.5027,-11187.62,214.3636,8,38,7372.6327,11199.87,0.2061,1.5191,0.6024,0.0449,0.0414,30.2,38.8,8.3,37.1,34.4,28.4
1076,Super Skinny,1618,5508.3828,8835.6128,-3327.23,0.0,6,14,7744.7128,1090.9,-0.7531,0.1409,0.3766,0.0,0.0309,30.1,1.7,31.1,93.3,20.3,14.4
1077,Mom,1884,4863.59,10563.51,-5699.92,736.3636,5,21,3118.14,7445.37,0.4096,2.3878,0.5396,0.085,0.0273,30.0,55.1,12.0,13.1,15.6,34.2
1078,Slim Straight,1925,4738.5,7520.29,-2781.79,0.0,5,11,6429.39,1090.9,-0.7099,0.1697,0.3699,0.0,0.0266,30.0,2.4,33.1,93.3,14.2,14.2
1079,Mom,1654,5562.7009,7471.7709,-1909.07,490.9091,7,11,4008.3009,3463.47,-0.0729,0.8641,0.2555,0.0617,0.0312,29.9,20.4,56.9,22.0,20.7,31.9
1080,Super Skinny,1823,575.4432,6544.5332,-5969.09,-251.7091,0,14,2207.5004,4337.0327,0.3254,1.9647,0.9121,0.0361,0.0032,29.9,49.0,1.2,49.0,1.1,25.1
1081,Mom,1523,3131.2677,6676.6777,-3545.41,150.0,4,12,3069.8077,3606.87,0.0804,1.1749,0.531,0.022,0.0176,29.9,29.8,12.9,68.5,7.2,20.3
1082,Mom,1739,4789.52,5616.44,-826.92,2028.5727,9,11,3175.71,2440.73,-0.1309,0.7686,0.1472,0.2816,0.0269,29.8,17.0,82.6,0.6,14.6,37.0
1083,Mom,1826,9064.53,15170.71,-6106.18,2667.1728,11,31,6058.34,9112.37,0.2013,1.5041,0.4025,0.1928,0.0508,29.8,38.7,26.9,2.2,47.4,36.6
1084,Super Skinny,1856,4725.2215,10658.5015,-5933.28,174.5454,5,17,4934.48,5724.0215,0.0741,1.16,0.5567,0.0238,0.0265,29.7,29.2,10.3,66.5,14.1,20.5
1085,Slim Straight,1687,9325.8767,16398.4267,-7072.55,-191.0091,9,25,13125.7267,3272.7,-0.6009,0.2493,0.4313,0.018,0.0523,29.6,4.4,21.8,74.4,50.0,18.4
1086,Baggy,1873,2269.53,6133.13,-3863.6,-409.0909,2,10,3272.7,2860.43,-0.0672,0.874,0.63,0.0,0.0127,29.5,20.9,7.1,93.3,4.7,13.6
1087,Mom,1570,4274.3383,15224.8683,-10950.53,-242.4182,4,31,5566.64,9658.2283,0.2687,1.735,0.7193,0.0398,0.024,29.4,44.7,3.9,43.7,12.2,25.9
1088,Slim Straight,1679,9937.5904,15129.4304,-5191.84,-13.8182,10,22,9902.2004,5227.23,-0.309,0.5279,0.3432,0.0444,0.0557,29.4,10.4,38.1,37.7,54.3,27.3
1089,Slim Straight,1520,5673.3796,7228.9196,-1555.54,300.0,6,10,6528.9296,699.99,-0.8063,0.1072,0.2152,0.0398,0.0318,29.4,1.3,67.7,43.6,21.5,25.8
1090,Wide Leg,1514,8140.16,12670.43,-4530.27,1321.2091,9,17,5672.67,6997.76,0.1046,1.2336,0.3575,0.107,0.0457,29.4,32.0,35.3,8.5,40.8,34.7
1091,Mom,1898,4947.6962,7247.6662,-2299.97,545.4546,6,12,3065.8962,4181.77,0.154,1.364,0.3173,0.0984,0.0277,29.3,34.9,44.0,9.9,16.1,34.2
1092,Super Skinny,1542,5554.051,9008.551,-3454.5,120.0,7,15,6684.931,2323.62,-0.4841,0.3476,0.3835,0.0131,0.0311,29.3,6.6,30.1,80.2,20.6,16.6
1093,Mom,1927,3521.32,8975.8,-5454.48,0.0,4,16,4975.84,3999.96,-0.1087,0.8039,0.6077,0.0,0.0197,29.2,18.3,7.9,93.3,8.5,13.2
1094,Flare,1789,4818.074,9599.534,-4781.46,395.9636,5,19,2820.8685,6778.6656,0.4123,2.403,0.4981,0.1306,0.027,29.1,55.3,14.8,5.2,14.8,35.0
1095,Wide Leg,1751,2078.7,6523.21,-4444.51,68.7545,1,13,1841.43,4681.78,0.4354,2.5425,0.6813,0.0657,0.0117,29.0,57.5,5.2,20.0,4.3,31.2
1096,Mom,1836,6073.711,9619.121,-3545.41,644.2727,7,15,4340.361,5278.76,0.0976,1.2162,0.3686,0.0628,0.0341,28.9,31.4,33.5,21.4,24.6,30.8
1097,Mom,1844,14031.5686,25839.8886,-11808.32,1186.7818,17,45,13394.3346,12445.554,-0.0367,0.9292,0.457,0.0662,0.0787,28.9,22.7,18.9,19.7,74.7,31.3
1098,Mom,1804,5586.6646,10300.4746,-4713.81,470.4364,6,18,3748.0146,6552.46,0.2723,1.7482,0.4576,0.076,0.0313,28.9,45.1,18.7,15.5,20.9,32.3
1099,Slim Straight,1803,3710.7715,6619.8315,-2909.06,0.0,4,10,4438.0315,2181.8,-0.3408,0.4916,0.4394,0.0,0.0208,28.8,9.1,20.6,93.3,9.3,12.7
1100,Super Skinny,1649,5374.49,7879.9,-2505.41,-65.4546,5,13,6607.18,1272.72,-0.677,0.1926,0.3179,0.0217,0.0301,28.8,2.8,43.9,68.8,19.3,18.7
1101,Mom,1584,3190.9329,5218.1729,-2027.24,218.1818,4,10,1791.3929,3426.78,0.3134,1.9129,0.3885,0.1237,0.0179,28.7,48.1,28.7,5.8,7.6,34.4
1102,Flare,1558,7589.73,16202.64,-8612.91,1215.3545,9,27,6272.65,9929.99,0.2257,1.5831,0.5316,0.0698,0.0426,28.6,41.0,12.7,17.9,35.8,31.2
1103,Mom,1764,8621.28,11446.15,-2824.87,799.0636,10,18,8218.92,3227.23,-0.4361,0.3927,0.2468,0.0653,0.0484,28.6,7.6,59.4,20.3,44.2,30.6
1104,Mom,1885,1338.5622,12272.3222,-10933.76,587.2727,2,28,3234.9922,9037.33,0.4728,2.7936,0.8909,0.0753,0.0075,28.4,61.2,1.6,15.7,2.7,31.6
1105,Skinny,1715,5752.2353,6479.4953,-727.26,1972.9,8,10,4864.2456,1615.2497,-0.5014,0.3321,0.1122,0.2334,0.0323,28.4,6.2,89.6,1.3,22.3,35.3
1106,Mom,1922,7675.082,24688.762,-17013.68,-595.2,8,50,12835.762,11853.0,-0.0398,0.9234,0.6891,0.0262,0.043,28.4,22.7,4.8,63.0,36.9,19.8
1107,Mom,1518,5190.85,7736.27,-2545.42,445.4546,6,12,3918.13,3818.14,-0.0129,0.9745,0.329,0.0544,0.0291,28.2,24.2,41.4,27.5,17.7,28.4
1108,Slim Straight,1843,5209.04,7609.01,-2399.97,-300.0,5,11,4727.22,2881.79,-0.2425,0.6096,0.3154,0.0379,0.0292,28.1,12.6,44.4,46.4,17.9,23.5
1109,Slim Straight,1932,3854.5,6545.38,-2690.88,0.0,4,10,5454.48,1090.9,-0.6667,0.2,0.4111,0.0,0.0216,27.8,3.2,25.6,93.3,10.2,11.5
1110,Mom,1860,6096.8865,9401.1366,-3304.25,272.7273,7,15,6764.8066,2636.33,-0.4391,0.3897,0.3515,0.0282,0.0342,27.8,7.4,36.1,60.4,24.8,19.6
1111,Baggy,1734,4468.1582,9649.9282,-5181.77,777.5455,4,14,3245.7,6404.2282,0.3273,1.9731,0.537,0.0746,0.0251,27.8,49.3,12.2,15.8,12.7,30.8
1112,Slim Straight,1714,9377.2836,13231.7636,-3854.48,292.8818,10,22,7851.9936,5379.77,-0.1868,0.6851,0.2913,0.0913,0.0526,27.8,14.5,48.8,11.3,50.4,32.0
1113,Mom,1626,824.4627,8683.9527,-7859.49,-534.0545,0,20,4047.6427,4636.31,0.0678,1.1454,0.9051,0.0152,0.0046,27.8,29.0,1.3,78.2,1.7,15.2
1114,Slim Straight,1593,3810.57,6509.02,-2698.45,-301.5182,4,10,5418.12,1090.9,-0.6648,0.2013,0.4146,0.0,0.0214,27.7,3.3,24.9,93.3,9.9,11.3
1115,Super Skinny,1833,3045.4,6527.18,-3481.78,-245.4546,4,12,4072.67,2454.51,-0.2479,0.6027,0.5334,0.0,0.0171,27.7,12.2,12.5,93.3,6.9,11.3
1116,Mom,1625,5252.368,9406.858,-4154.49,939.6,6,16,3506.15,5900.708,0.2546,1.683,0.4416,0.0908,0.0295,27.6,43.6,20.2,11.4,18.5,31.6
1117,Mom,1548,5119.1074,8919.9674,-3800.86,608.2727,6,16,3485.3503,5434.6172,0.2185,1.5593,0.4261,0.0739,0.0287,27.6,40.3,23.0,15.9,17.1,30.5
1118,Mom,1545,9857.6604,14312.6504,-4454.99,910.6122,13,25,8306.6704,6005.98,-0.1607,0.723,0.3113,0.1012,0.0553,27.5,15.8,44.8,9.4,53.7,32.0
1119,Mom,1912,9037.3961,15675.6461,-6638.25,801.9727,11,27,7448.6561,8226.99,0.0497,1.1045,0.4235,0.0721,0.0507,27.4,27.9,23.4,17.0,47.0,30.1
1120,Mom,1555,4244.5104,13547.7704,-9303.26,1413.7,5,29,3758.6918,9789.0786,0.4451,2.6044,0.6867,0.1373,0.0238,27.4,58.6,5.1,4.5,12.0,33.1
1121,Slim Straight,1545,5587.4287,8116.4887,-2529.06,-63.6364,6,12,7025.5887,1090.9,-0.7312,0.1553,0.3116,0.0283,0.0313,27.2,2.1,44.8,60.1,21.0,19.0
1122,Slim Straight,1640,5667.84,7358.73,-1690.89,459.3727,6,10,5176.93,2181.8,-0.407,0.4214,0.2298,0.0588,0.0318,27.2,8.1,64.3,23.8,21.3,28.1
1123,Mom,1910,4981.12,7890.17,-2909.05,355.1818,6,14,3281.13,4609.04,0.1683,1.4047,0.3687,0.1025,0.0279,27.1,36.1,33.5,9.2,16.2,31.6
1124,Super Skinny,1519,1810.743,5671.113,-3860.37,0.0,2,10,3247.7977,2423.3153,-0.1454,0.7461,0.6807,0.0,0.0102,27.1,16.4,5.3,93.3,3.6,10.5
1125,Skinny,1632,6395.6255,7934.6855,-1539.06,457.5364,6,12,5465.7728,2468.9127,-0.3777,0.4517,0.194,0.1195,0.0359,27.0,8.7,72.1,6.6,27.5,32.0
1126,Wide Leg,1802,3566.19,6165.22,-2599.03,112.7,4,10,2199.97,3965.25,0.2863,1.8024,0.4216,0.1246,0.02,27.0,46.3,23.9,5.6,8.9,32.3
1127,Slim Straight,1575,8407.1786,12490.4086,-4083.23,327.2727,9,19,8319.54,4170.8686,-0.3321,0.5013,0.3269,0.0498,0.0472,27.0,9.4,41.8,31.6,43.1,25.8
1128,Skinny,1864,5418.14,9690.81,-4272.67,0.0,5,15,9690.81,0.0,-1.0,0.0,0.4409,0.0,0.0304,26.9,0.5,20.4,93.3,19.6,10.3
1129,Wide Leg,1616,7067.7421,10100.4421,-3032.7,460.0,7,13,5963.5791,4136.863,-0.1809,0.6937,0.3003,0.0617,0.0396,26.8,14.8,46.9,21.9,31.8,28.0
1130,Mom,1693,7875.7884,13630.2584,-5754.47,617.2273,9,23,6253.1156,7377.1429,0.0825,1.1798,0.4222,0.0769,0.0442,26.7,30.0,23.8,15.0,38.2,29.6
1131,Slim Straight,1764,4824.12,7648.14,-2824.02,84.9182,5,11,4636.31,3011.83,-0.2124,0.6496,0.3692,0.033,0.0271,26.7,13.5,33.3,53.5,14.9,20.0
1132,Super Skinny,1926,5370.0189,9029.0689,-3659.05,106.0636,5,13,5568.78,3460.2889,-0.2335,0.6214,0.4053,0.0285,0.0301,26.5,12.7,26.3,59.7,19.2,18.2
1133,Mom,1571,6020.8895,7748.1395,-1727.25,736.3636,8,12,5175.4395,2572.7,-0.3359,0.4971,0.2229,0.0868,0.0338,26.4,9.2,66.3,12.4,24.2,29.9
1134,Mom,1660,7886.2785,14530.9485,-6644.67,355.1455,8,26,8025.0985,6505.85,-0.1046,0.8107,0.4573,0.0414,0.0442,26.3,18.8,18.8,41.4,38.4,22.5
1135,Straight,1937,7136.6946,11018.0746,-3881.38,1408.6909,8,16,5199.95,5818.1246,0.0561,1.1189,0.3523,0.1217,0.04,26.3,28.3,35.8,6.2,32.3,31.4
1136,Mom,1632,4867.8285,9195.0585,-4327.23,585.3455,6,16,3764.8544,5430.2041,0.1811,1.4423,0.4706,0.0598,0.0273,26.3,37.2,17.8,23.0,15.7,27.1
1137,Mom,1538,6608.93,13338.81,-6729.88,242.8546,7,23,7766.14,5572.67,-0.1644,0.7176,0.5045,0.0283,0.0371,26.2,15.5,14.4,60.2,29.0,17.7
1138,Super Skinny,1518,5222.81,9886.38,-4663.57,174.5454,4,16,4795.4999,5090.88,0.0299,1.0616,0.4717,0.0408,0.0293,26.2,26.6,17.5,42.5,18.1,22.2
1139,Mom,1941,7294.8396,16262.9196,-8968.08,277.2727,9,29,9262.9896,6999.93,-0.1392,0.7557,0.5514,0.0293,0.0409,26.0,16.7,10.7,58.2,33.5,18.0
1140,Slim Straight,1825,6025.2569,7534.3269,-1509.07,572.7273,7,11,6443.4269,1090.9,-0.7104,0.1693,0.2003,0.0706,0.0338,25.9,2.4,71.1,17.7,24.3,28.0
1141,Mom,1801,6165.165,8801.495,-2636.33,390.9091,8,14,6892.425,1909.07,-0.5662,0.277,0.2995,0.0425,0.0346,25.6,5.1,47.1,39.9,25.3,22.0
1142,Mom,1934,5299.93,7299.91,-1999.98,790.9091,7,11,4027.22,3272.69,-0.1034,0.8126,0.274,0.0978,0.0297,25.5,18.9,52.6,10.0,18.9,29.4
1143,Mom,1777,12378.5531,19707.0231,-7328.47,685.7273,15,33,12894.4512,6812.5718,-0.3086,0.5283,0.3719,0.0764,0.0694,25.5,10.5,32.6,15.2,67.6,28.1
1144,Super Skinny,1840,4036.32,9545.35,-5509.03,0.0,4,16,6999.91,2545.44,-0.4667,0.3636,0.5771,0.0,0.0226,25.5,7.0,9.6,93.3,10.7,8.5
1145,Mom,1638,8242.5492,12667.9492,-4425.4,1186.0818,10,22,7012.6792,5655.27,-0.1072,0.8064,0.3493,0.0856,0.0462,25.4,18.5,37.0,12.7,41.1,28.5
1146,Mom,1775,9011.5864,20082.8064,-11071.22,1024.9152,11,39,8945.3264,11137.48,0.1092,1.2451,0.5513,0.0853,0.0505,25.2,32.2,10.8,13.0,46.6,28.2
1147,Mom,1695,2158.6119,8003.9919,-5845.38,142.8546,2,16,4272.67,3731.3219,-0.0676,0.8733,0.7303,0.0175,0.0121,25.0,20.8,3.6,75.3,4.5,12.4
1148,Slim Straight,1864,4224.8043,8315.6643,-4090.86,-109.0909,4,14,7224.7643,1090.9,-0.7376,0.151,0.4919,0.0,0.0237,25.0,1.9,15.4,93.3,11.8,8.0
1149,Mom,1680,6973.1202,10054.9002,-3081.78,1381.8182,10,18,5509.5002,4545.4,-0.0959,0.825,0.3065,0.1393,0.0391,24.6,19.3,45.5,4.2,31.2,29.7
1150,Super Skinny,1867,3733.525,6606.225,-2872.7,159.0909,4,10,4273.875,2332.35,-0.2939,0.5457,0.4348,0.0235,0.0209,24.4,10.7,21.5,66.7,9.6,13.9
1151,Slim Straight,1524,3081.7918,6509.0218,-3427.23,0.0,3,11,5418.1218,1090.9,-0.6648,0.2013,0.5265,0.0,0.0173,24.4,3.2,13.5,93.3,7.1,7.2
1152,Super Skinny,1665,2316.8769,5160.4769,-2843.6,-120.0,2,10,3937.3934,1223.0835,-0.526,0.3106,0.551,0.0,0.013,24.4,5.7,10.9,93.3,5.0,7.2
1153,Mom,1935,13422.3364,22043.0064,-8620.67,3213.5,19,41,13147.8331,8895.1733,-0.1929,0.6766,0.3911,0.1551,0.0753,24.3,14.1,28.3,3.2,72.5,29.5
1154,Mom,1716,5836.3,11263.5,-5427.2,593.1818,7,21,4599.94,6663.56,0.1832,1.4486,0.4818,0.1004,0.0327,24.3,37.3,16.3,9.6,22.9,28.0
1155,Mom,1939,8392.35,16237.86,-7845.51,868.1182,9,29,8210.68,8027.18,-0.0113,0.9777,0.4832,0.0656,0.0471,24.3,24.3,16.3,20.1,42.9,25.3
1156,Mom,1858,3519.2647,7798.4047,-4279.14,460.8364,4,16,2981.7818,4816.6229,0.2353,1.6154,0.5487,0.0721,0.0197,24.2,42.1,11.0,16.9,8.4,26.1
1157,Super Skinny,1545,4759.019,6418.089,-1659.07,379.0818,6,10,4220.1273,2197.9617,-0.3151,0.5208,0.2585,0.0651,0.0267,24.2,10.1,55.8,20.4,14.4,25.2
1158,Slim Straight,1812,6297.485,11988.335,-5690.85,300.0,7,19,8824.635,3163.7,-0.4722,0.3585,0.4747,0.0244,0.0353,24.1,6.9,17.0,65.5,26.4,13.7
1159,Mom,1684,6425.7788,12916.5888,-6490.81,627.2727,8,26,5483.1988,7433.39,0.151,1.3557,0.5025,0.0868,0.036,24.1,34.6,14.5,12.5,27.8,27.0
1160,Mom,1567,2763.2493,5800.0793,-3036.83,0.0,3,11,4890.9993,909.08,-0.6865,0.1859,0.5236,0.0,0.0155,24.1,2.8,13.7,93.3,6.3,6.9
1161,Super Skinny,1653,4081.5293,6899.6793,-2818.15,184.7546,5,11,4837.0196,2062.6597,-0.4021,0.4264,0.4084,0.0261,0.0229,24.0,8.1,25.7,63.1,11.1,14.2
1162,Mom,1520,5954.0871,12681.2771,-6727.19,1172.2909,8,24,5099.1071,7582.17,0.1958,1.487,0.5305,0.1006,0.0334,23.9,37.9,13.0,9.6,23.8,27.5
1163,Mom,1517,7355.7505,19657.5105,-12301.76,408.8727,8,38,10025.4254,9632.0852,-0.02,0.9608,0.6258,0.045,0.0413,23.9,23.8,7.4,36.9,34.1,20.6
1164,Super Skinny,1848,5163.196,11299.486,-6136.29,245.4546,6,20,7284.5327,4014.9533,-0.2894,0.5512,0.5431,0.0213,0.029,23.8,10.9,11.7,69.5,17.5,12.4
1165,Super Skinny,1837,3935.3362,10029.8162,-6094.48,43.6364,4,17,4207.9462,5821.87,0.1609,1.3835,0.6076,0.0535,0.0221,23.5,35.7,8.0,28.5,10.4,22.3
1166,Mom,1842,7389.8627,11717.0827,-4327.22,555.5,9,19,8717.1127,2999.97,-0.4879,0.3441,0.3693,0.0453,0.0414,23.4,6.3,33.2,36.7,34.6,20.0
1167,Super Skinny,1885,2332.0633,8030.1833,-5698.12,262.6182,3,15,3208.8547,4821.3286,0.2008,1.5025,0.7096,0.0516,0.0131,23.3,38.6,4.3,29.8,5.2,21.6
1168,Mom,1575,6537.6069,18410.1869,-11872.58,686.3636,8,36,8202.07,10208.1169,0.109,1.2446,0.6449,0.0601,0.0367,23.2,32.1,6.1,22.7,28.7,23.3
1169,Slim Straight,1556,5259.6331,8077.7831,-2818.15,300.0,6,12,6986.8831,1090.9,-0.7299,0.1561,0.3489,0.0358,0.0295,22.9,2.1,37.4,49.5,18.6,16.2
1170,Mom,1832,4918.5953,9009.4453,-4090.85,1085.6455,7,17,3821.4,5188.0453,0.1517,1.3576,0.4541,0.1075,0.0276,22.8,34.8,19.2,8.2,15.9,26.4
1171,Slim Straight,1646,4404.4873,8949.8973,-4545.41,900.0,5,15,3513.5873,5436.31,0.2148,1.5472,0.5079,0.1206,0.0247,22.7,39.9,14.3,6.5,12.5,26.8
1172,Mom,1652,12806.1823,21140.5923,-8334.41,3706.0455,21,47,13249.7723,7890.82,-0.2535,0.5955,0.3942,0.2037,0.0718,22.6,11.9,27.8,2.1,69.6,27.7
1173,Wide Leg,1755,5837.83,7974.17,-2136.34,1843.9091,9,15,4833.28,3140.89,-0.2122,0.6498,0.2679,0.2319,0.0327,22.6,13.6,53.9,1.3,23.0,28.0
1174,Super Skinny,1674,4068.4608,7426.6108,-3358.15,-187.2636,4,12,3999.95,3426.6608,-0.0772,0.8567,0.4522,0.0422,0.0228,22.6,20.1,19.3,40.5,10.9,18.1
1175,Wide Leg,1818,6371.921,9621.881,-3249.96,1118.5546,9,17,5254.5,4367.381,-0.0922,0.8312,0.3378,0.1402,0.0357,22.6,19.5,39.7,4.0,27.0,27.2
1176,Slim Straight,1694,5226.2827,8135.3427,-2909.06,300.0,6,12,7044.4427,1090.9,-0.7318,0.1549,0.3576,0.0356,0.0293,22.3,2.0,35.2,49.7,18.2,15.4
1177,Super Skinny,1689,2347.3847,6556.4747,-4209.09,-194.0182,3,13,5556.4847,999.99,-0.695,0.18,0.642,0.0,0.0132,22.1,2.7,6.2,93.3,5.3,4.3
1178,Super Skinny,1675,4099.41,7027.19,-2927.78,173.2636,5,11,4663.57,2363.62,-0.3273,0.5068,0.4166,0.0338,0.023,22.1,9.6,24.4,52.3,11.2,14.5
1179,Flare,1607,6204.4239,10386.1839,-4181.76,545.4545,7,17,6386.2239,3999.96,-0.2298,0.6263,0.4026,0.0499,0.0348,22.0,12.9,26.8,31.4,25.7,19.6
1180,Slim Straight,1662,5589.9154,10108.0454,-4518.13,300.0,6,16,7926.2454,2181.8,-0.5683,0.2753,0.447,0.0288,0.0314,21.9,5.0,19.7,59.0,21.1,12.6
1181,Mom,1843,3872.9118,10578.4218,-6705.51,162.5909,4,20,7669.3618,2909.06,-0.45,0.3793,0.6339,0.0151,0.0217,21.8,7.3,6.6,78.3,10.3,7.6
1182,Mom,1661,4073.9093,9646.5593,-5572.65,145.4546,4,18,5127.2127,4519.3465,-0.063,0.8814,0.5777,0.0389,0.0228,21.6,21.2,9.5,45.2,11.0,15.6
1183,Skinny,1556,3793.1212,7382.3012,-3589.18,142.6,3,11,6109.5812,1272.72,-0.6552,0.2083,0.4862,0.019,0.0213,21.4,3.6,15.9,72.5,9.8,8.6
1184,Slim Straight,1813,6293.59,10072.62,-3779.03,470.0,6,16,5727.21,4345.41,-0.1372,0.7587,0.3752,0.0843,0.0353,21.3,16.8,31.6,13.6,26.4,23.2
1185,Mom,1864,3519.0455,25634.9555,-22115.91,85.8273,2,56,13389.6355,12245.32,-0.0446,0.9145,0.8627,0.0335,0.0197,21.2,22.4,1.9,52.7,8.4,13.4
1186,Mom,1755,3755.18,10054.42,-6299.24,327.2727,4,20,4845.39,5209.03,0.0362,1.075,0.6265,0.0466,0.0211,21.0,26.9,7.3,34.6,9.6,17.5
1187,Mom,1698,3790.5021,7090.4621,-3299.96,-30.7455,4,12,4301.7221,2788.74,-0.2134,0.6483,0.4654,0.0366,0.0213,21.0,13.3,18.2,48.3,9.7,14.2
1188,Mom,1649,10556.9526,17556.8626,-6999.91,1408.6273,14,30,12984.1826,4572.68,-0.4791,0.3522,0.3987,0.0874,0.0592,20.7,6.7,27.2,12.2,58.3,22.8
1189,Mom,1926,9930.5483,15902.1383,-5971.59,1114.5455,12,28,11951.8483,3950.29,-0.5032,0.3305,0.3755,0.1031,0.0557,20.2,6.1,31.4,9.0,54.2,23.0
1190,Slim Straight,1654,4848.0351,6459.7751,-1611.74,600.0,6,10,5059.7951,1399.98,-0.5666,0.2767,0.2495,0.1327,0.0272,20.0,5.1,58.6,5.0,15.5,23.8
1191,Slim Straight,1699,4843.9299,12099.4099,-7255.48,0.0,5,21,9399.4399,2699.97,-0.5537,0.2872,0.5997,0.0242,0.0272,19.7,5.2,8.4,65.9,15.3,8.1
1192,Super Skinny,1652,3589.5726,6105.9026,-2516.33,885.7909,6,12,2885.06,3220.8426,0.055,1.1164,0.4121,0.148,0.0201,19.7,28.3,25.3,3.6,9.0,23.7
1193,Mom,1551,4585.7877,8040.2877,-3454.5,314.7909,6,14,6105.1077,1935.18,-0.5186,0.317,0.4296,0.0377,0.0257,19.2,5.8,22.1,46.8,13.4,12.3
1194,Super Skinny,1914,1752.9482,5141.7582,-3388.81,28.8545,2,10,2596.32,2545.4382,-0.0099,0.9804,0.6591,0.0446,0.0098,19.2,24.4,5.8,37.6,3.4,14.6
1195,Mom,1657,5851.3241,10426.7441,-4575.42,1094.6728,8,20,5436.29,4990.4541,-0.0428,0.918,0.4388,0.1205,0.0328,19.0,22.5,20.8,6.6,23.0,22.1
1196,Slim Straight,1920,4920.5236,6738.6836,-1818.16,600.0,6,10,6738.6836,0.0,-1.0,0.0,0.2698,0.0818,0.0276,18.7,0.5,53.4,13.8,16.0,19.9
1197,Mom,1879,9062.95,20472.07,-11409.12,2338.1273,12,42,11115.27,9356.8,-0.0859,0.8418,0.5573,0.1316,0.0508,18.6,19.8,10.2,5.1,47.3,22.0
1198,Mom,1667,6239.0279,19232.4779,-12993.45,762.9,7,41,9175.4879,10056.99,0.0458,1.0961,0.6756,0.0921,0.035,18.6,27.7,5.4,11.1,26.0,20.4
1199,Mom,1558,3473.9727,8837.5327,-5363.56,-564.4636,4,18,5255.3027,3582.23,-0.1893,0.6816,0.6069,0.0375,0.0195,18.4,14.4,8.1,47.0,8.2,11.3
1200,Slim Straight,1923,4999.3567,8165.7167,-3166.36,-381.3818,5,13,5983.9167,2181.8,-0.4656,0.3646,0.3878,0.0525,0.028,18.3,7.1,28.9,29.0,16.4,15.7
1201,Mom,1822,7561.8222,18582.0322,-11020.21,931.1,10,36,11032.7123,7549.3199,-0.1875,0.6843,0.5931,0.0573,0.0424,18.2,14.4,8.7,24.8,35.4,16.6
1202,Mom,1624,4668.917,12669.317,-8000.4,581.7091,5,25,6178.367,6490.95,0.0247,1.0506,0.6315,0.0682,0.0262,18.1,26.4,7.0,18.7,13.7,18.0
1203,Mom,1504,4836.72,9282.11,-4445.39,399.6091,5,17,4962.28,4319.83,-0.0692,0.8705,0.4789,0.0718,0.0271,18.1,20.8,16.5,17.3,15.1,18.4
1204,Slim Straight,1777,7986.73,12950.3,-4963.57,1029.0909,9,21,10732.15,2218.15,-0.6574,0.2067,0.3833,0.0736,0.0448,18.0,3.5,30.1,16.2,39.1,18.5
1205,Mom,1881,6152.4867,9116.7867,-2964.3,593.5727,9,17,6933.0867,2183.7,-0.5209,0.315,0.3251,0.1219,0.0345,17.8,5.8,42.1,6.1,25.2,20.8
1206,Slim Straight,1935,7971.2705,16662.0905,-8690.82,782.9182,10,28,14221.624,2440.4665,-0.7071,0.1716,0.5216,0.0449,0.0447,17.8,2.5,13.9,37.2,39.0,12.9
1207,Mom,1585,4123.18,6732.24,-2609.06,190.9091,5,11,4250.45,2481.79,-0.2627,0.5839,0.3875,0.068,0.0231,17.5,11.7,29.1,18.9,11.6,17.1
1208,Mom,1540,3727.24,11027.14,-7299.9,218.1818,4,22,5418.11,5609.03,0.0173,1.0352,0.662,0.0669,0.0209,17.0,25.7,5.7,19.2,9.5,16.4
1209,Wide Leg,1766,4341.5953,9977.9153,-5636.32,979.4455,5,15,4906.61,5071.3053,0.0165,1.0336,0.5649,0.0894,0.0243,16.9,25.6,10.0,11.6,12.4,18.2
1210,Mom,1509,5539.4576,11593.9276,-6054.47,1531.8182,8,22,6062.1776,5531.75,-0.0458,0.9125,0.5222,0.1167,0.0311,16.9,22.3,13.8,7.1,20.4,19.3
1211,Skinny,1543,285.72,6467.48,-6181.76,77.9182,0,12,6467.48,0.0,-1.0,0.0,0.9558,0.0119,0.0016,16.8,0.5,0.9,81.5,0.8,0.7
1212,Mom,1593,5274.28,8728.78,-3454.5,838.4727,7,15,5484.37,3244.41,-0.2566,0.5916,0.3958,0.0876,0.0296,16.8,11.8,27.5,12.1,18.7,18.0
1213,Super Skinny,1751,3164.8344,9519.2244,-6354.39,469.6273,3,19,4461.6944,5057.53,0.0626,1.1335,0.6675,0.0789,0.0177,16.8,28.7,5.5,14.5,7.3,17.4
1214,Slim Straight,1624,1528.25,5104.43,-3576.18,0.0,2,10,3528.23,1576.2,-0.3824,0.4467,0.7006,0.0287,0.0086,16.8,8.4,4.4,59.4,3.2,6.2
1215,Skinny,1852,4109.05,7127.21,-3018.16,163.6364,4,10,5854.49,1272.72,-0.6429,0.2174,0.4235,0.0439,0.023,16.8,3.7,23.4,38.5,11.4,11.3
1216,Wide Leg,1614,4104.71,8922.86,-4818.15,440.6909,5,13,5427.21,3495.65,-0.2165,0.6441,0.54,0.0471,0.023,16.7,13.2,11.9,33.7,11.4,12.5
1217,Slim Straight,1605,4498.3795,8807.4195,-4309.04,-300.0,5,15,8807.4195,0.0,-1.0,0.0,0.4893,0.0329,0.0252,16.7,0.5,15.6,53.6,12.9,7.5
1218,Mom,1734,7307.6783,14243.9583,-6936.28,3769.1091,14,30,7933.6663,6310.292,-0.114,0.7954,0.487,0.2199,0.041,16.6,18.1,15.8,1.7,33.7,20.3
1219,Mom,1659,5901.3299,13173.9599,-7272.63,616.4727,7,25,7025.0899,6148.87,-0.0665,0.8753,0.552,0.0982,0.0331,16.5,21.0,10.7,9.9,23.3,18.2
1220,Flare,1886,656.5233,5430.5633,-4774.04,25.7182,1,11,3591.3033,1839.26,-0.3226,0.5121,0.8791,0.0287,0.0037,16.4,9.9,1.7,59.3,1.3,5.7
1221,Mom,1909,1910.35,11998.55,-10088.2,388.2273,2,26,6663.55,5335.0,-0.1107,0.8006,0.8408,0.0436,0.0107,16.3,18.2,2.4,39.1,3.9,10.6
1222,Mom,1921,5777.5286,15495.5886,-9718.06,716.1636,7,31,8577.2938,6918.2948,-0.1071,0.8066,0.6272,0.0687,0.0324,16.3,18.5,7.3,18.3,22.6,15.8
1223,Mom,1550,376.6488,10214.1988,-9837.55,476.5727,0,24,4784.9688,5429.23,0.0631,1.1346,0.9631,0.0644,0.0021,16.0,28.8,0.7,21.0,0.9,14.8
1224,Mom,1851,4821.7,9148.92,-4327.22,2387.3091,9,19,4784.39,4364.53,-0.0459,0.9122,0.473,0.2069,0.027,15.9,22.3,17.4,2.0,14.8,19.4
1225,Mom,1938,5820.6573,10795.3373,-4974.68,1372.7273,8,20,6313.5664,4481.7709,-0.1697,0.7099,0.4608,0.1128,0.0326,15.7,15.2,18.5,7.7,22.8,17.7
1226,Mom,1718,5248.7938,11253.4538,-6004.66,837.9727,6,22,6218.7538,5034.7,-0.1052,0.8096,0.5336,0.0938,0.0294,15.5,18.7,12.5,10.7,18.4,16.7
1227,Mom,1699,5151.9532,18828.9432,-13676.99,1654.7728,7,41,9167.03,9661.9132,0.0263,1.054,0.7264,0.1171,0.0289,15.5,26.4,3.6,6.8,17.4,17.6
1228,Super Skinny,1657,2069.5413,4796.9713,-2727.43,146.6636,2,10,2751.5313,2045.44,-0.1472,0.7434,0.5686,0.0527,0.0116,15.4,16.3,9.9,28.9,4.3,12.0
1229,Mom,1662,1266.82,8539.44,-7272.62,-27.2727,1,19,6539.46,1999.98,-0.5316,0.3058,0.8517,0.0279,0.0071,15.3,5.5,2.1,60.9,2.5,3.9
1230,Skinny,1777,4100.1327,7148.2527,-3048.12,888.0364,4,12,3999.96,3148.2927,-0.1191,0.7871,0.4264,0.1453,0.023,15.3,17.9,23.0,3.6,11.3,18.3
1231,Mom,1814,1595.0912,23212.9912,-21617.9,731.5818,1,53,13685.4012,9527.59,-0.1791,0.6962,0.9313,0.0404,0.0089,15.3,14.9,1.0,43.1,3.2,8.4
1232,Mom,1802,1003.365,7815.395,-6812.03,295.5455,1,17,4109.04,3706.355,-0.0515,0.902,0.8716,0.0541,0.0056,15.1,22.0,1.7,27.8,2.0,11.9
1233,Mom,1644,4236.5062,6781.9262,-2545.42,936.3636,6,12,4453.2262,2328.7,-0.3133,0.5229,0.3753,0.1213,0.0238,15.0,10.2,31.6,6.2,11.9,17.2
1234,Slim Straight,1614,3673.5328,6373.5028,-2699.97,143.5454,4,10,4335.2528,2038.25,-0.3604,0.4702,0.4236,0.0651,0.0206,14.9,9.0,23.3,20.5,9.2,13.5
1235,Mom,1591,1464.94,4517.37,-3052.43,535.0273,2,10,2050.85,2466.52,0.092,1.2027,0.6757,0.1578,0.0082,14.8,30.9,5.4,3.1,3.0,17.7
1236,Skinny,1803,1418.19,6145.4,-4727.21,218.1818,0,12,4363.6,1781.8,-0.4201,0.4083,0.7692,0.0343,0.008,14.8,7.9,3.4,51.6,2.9,5.6
1237,Mom,1513,-1502.99,3133.3,-4636.29,412.1182,-2,10,1390.89,1742.41,0.1122,1.2527,1.4797,0.1162,-0.0084,14.5,32.4,0.1,7.3,0.2,16.3
1238,Mom,1886,436.1868,5772.4868,-5336.3,190.9091,1,13,2781.78,2990.7068,0.0362,1.0751,0.9244,0.0784,0.0024,14.2,27.0,1.1,14.8,1.0,14.0
1239,Mom,1516,5659.3385,12459.2585,-6799.92,572.7273,8,24,7197.62,5261.6385,-0.1554,0.731,0.5458,0.1075,0.0317,14.1,15.9,11.4,8.3,21.2,15.5
1240,Slim Straight,1870,2847.39,6301.9,-3454.51,247.8454,3,11,3601.93,2699.97,-0.1431,0.7496,0.5482,0.0714,0.016,13.9,16.5,11.1,17.5,6.6,13.0
1241,Mom,1829,4245.55,9168.45,-4922.9,172.5818,5,17,6363.55,2804.9,-0.3881,0.4408,0.5369,0.0539,0.0238,13.8,8.3,12.2,27.9,12.1,10.2
1242,Mom,1937,3846.6945,8119.3645,-4272.67,609.8636,5,15,4959.9388,3159.4257,-0.2218,0.637,0.5262,0.0699,0.0216,13.7,13.1,13.7,17.8,10.1,12.7
1243,Mom,1867,5775.8133,11310.5033,-5534.69,938.9818,8,22,7151.1433,4159.36,-0.2645,0.5816,0.4893,0.1168,0.0324,13.3,11.5,15.5,7.0,22.5,14.8
1244,Skinny,1652,2329.27,3373.42,-1044.15,1188.8546,6,10,3373.42,0.0,-1.0,0.0,0.3095,0.3455,0.0131,12.3,0.5,45.2,0.2,5.1,15.3
1245,Mom,1532,4409.844,9696.134,-5286.29,1166.1,9,23,5516.8045,4179.3295,-0.1379,0.7576,0.5452,0.1384,0.0247,12.3,16.7,11.4,4.3,12.5,14.3
1246,Mom,1607,2780.09,6780.03,-3999.94,1128.9727,4,14,3661.89,3118.14,-0.0802,0.8515,0.59,0.1427,0.0156,12.0,20.0,9.0,3.8,6.4,14.0
1247,Mom,1923,1974.961,22328.541,-20353.58,242.1909,1,53,13480.3394,8848.2016,-0.2075,0.6564,0.9115,0.0569,0.0111,11.4,13.7,1.3,25.2,4.0,8.0
1248,Wide Leg,1640,833.3,13172.61,-12339.31,712.1364,2,24,7372.65,5799.96,-0.1194,0.7867,0.9367,0.0712,0.0047,11.2,17.8,0.9,17.6,1.7,9.5
1249,Mom,1525,2838.6882,7508.9982,-4670.31,490.9091,3,15,5027.21,2481.7882,-0.339,0.4937,0.622,0.0614,0.0159,11.0,9.2,7.6,22.2,6.6,8.2
1250,Slim Straight,1849,2016.71,7109.37,-5092.66,65.4546,2,14,7109.37,0.0,-1.0,0.0,0.7163,0.0405,0.0113,10.4,0.5,4.0,42.9,4.1,2.3
1251,Mom,1582,2545.42,4845.39,-2299.97,636.3636,4,10,3127.23,1718.16,-0.2908,0.5494,0.4747,0.154,0.0143,10.1,10.8,17.0,3.3,5.8,11.8
1252,Mom,1831,3342.7678,6888.1778,-3545.41,845.4546,5,13,4727.21,2160.9678,-0.3726,0.4571,0.5147,0.1093,0.0187,9.8,8.8,14.1,7.9,8.0,10.3
1253,Slim Straight,1676,994.7021,6403.7521,-5409.05,-345.4273,1,13,5312.8521,1090.9,-0.6593,0.2053,0.8447,0.0448,0.0056,9.7,3.4,2.3,37.3,1.9,2.8
1254,Mom,1670,755.94,5497.17,-4741.23,17.0455,1,13,3497.19,1999.98,-0.2724,0.5719,0.8625,0.0625,0.0042,9.6,11.4,2.0,21.5,1.3,6.6
1255,Skinny,1694,4182.3054,7361.7054,-3179.4,1699.4454,6,19,5589.0254,1772.68,-0.5184,0.3172,0.4319,0.3252,0.0235,9.6,5.9,21.6,0.2,11.7,11.9
1256,Wide Leg,1680,1310.57,4212.68,-2902.11,138.5091,2,10,2363.61,1849.07,-0.1221,0.7823,0.6889,0.2138,0.0074,9.0,17.6,4.9,1.8,2.6,10.8
1257,Skinny,1605,-1110.96,3976.26,-5087.22,241.8909,-2,10,2181.8,1794.46,-0.0974,0.8225,1.2794,0.1252,-0.0062,8.9,19.1,0.3,5.5,0.4,9.7
1258,Skinny,1840,1123.44,6154.5,-5031.06,331.1091,1,11,3927.24,2227.26,-0.2762,0.5671,0.8175,0.0726,0.0063,8.8,11.2,2.5,16.6,2.3,6.8
1259,Mom,1676,2423.3067,6696.5467,-4273.24,699.0455,4,14,4176.8767,2519.67,-0.2475,0.6032,0.6381,0.1162,0.0136,8.8,12.3,6.5,7.3,5.4,9.2
1260,Mom,1920,1759.0696,6409.0096,-4649.94,245.4546,2,14,3936.31,2472.6996,-0.2284,0.6282,0.7255,0.1065,0.0099,8.4,12.9,3.8,8.7,3.5,8.3
1261,Slim Straight,1818,850.2528,6247.5128,-5397.26,-648.1364,0,14,6247.5128,0.0,-1.0,0.0,0.8639,0.0458,0.0048,8.1,0.5,1.8,35.8,1.8,1.2
1262,Super Skinny,1679,-498.8221,4709.7479,-5208.57,344.9909,0,12,3437.0279,1272.72,-0.4595,0.3703,1.1059,0.0896,-0.0028,5.4,7.2,0.6,11.5,0.6,3.9
1263,Skinny,1686,1094.41,4912.55,-3818.14,87.4,1,11,3276.19,1636.36,-0.3338,0.4995,0.7772,0.1935,0.0061,5.3,9.3,3.2,2.1,2.2,6.1
1264,Super Skinny,1565,2441.97,5995.8,-3553.83,2204.1182,6,13,4904.9,1090.9,-0.6361,0.2224,0.5927,0.2688,0.0137,4.7,3.9,8.8,0.7,5.6,5.8
1265,Mom,1616,-56.65,6946.27,-7002.92,490.9091,-1,19,6946.27,0.0,-1.0,0.0,1.0082,0.066,-0.0003,4.4,0.5,0.6,19.8,0.7,0.6
1266,Mom,1761,-1182.31,3436.31,-4618.62,563.6364,-1,11,2799.96,636.35,-0.6296,0.2273,1.3441,0.1409,-0.0066,2.5,3.9,0.2,3.9,0.3,2.1
1267,Super Skinny,1818,793.4,3791.47,-2998.07,579.9838,2,12,3455.81,335.66,-0.8229,0.0971,0.7907,0.2683,0.0044,1.6,1.1,2.8,0.9,1.5,1.7
