product_code,fit,sub_category_class_raw,class_name,main_category,category,sub_category,main_category_en,category_en,sub_category_en,sub_category_class_en
M1020589168,Boyfriend,Boyfriend,Ticari Malzemeler,Denim All,Denim All,Denim Pantolon,Denim All,Denim All,Denim Pants,Boyfriend
M1011043-90090,Wide Leg,Wide Leg,Ticari Malzemeler,Denim All,Denim All,Denim Pantolon,Denim All,Denim All,Denim Pants,Wide Leg
M1010530-89661,Straight,Straight,Ticari Malzemeler,Denim All,Denim All,Denim Pantolon,Denim All,Denim All,Denim Pants,Straight
M101114-86012,Boyfriend,Boyfriend,Ticari Malzemeler,Denim All,Denim All,Denim Pantolon,Denim All,Denim All,Denim Pants,Boyfriend
M1010349-86424,Flare,Flare,Ticari Malzemeler,Denim All,Denim All,Denim Pantolon,,,,
M101225-83488,Flare,Flare,Ticari Malzemeler,Denim All,Denim All,Denim Pantolon,,,,
M1011044-89567,Baggy,Baggy,Ticari Malzemeler,Denim All,Denim All,Denim Pantolon,Denim All,Denim All,Denim Pants,Baggy
M1072886289,Skinny,Skinny,Ticari Malzemeler,Denim All,Denim All,Denim Pantolon,Denim All,Denim All,Denim Pants,Skinny
M1010152-90061,Wide Leg,Wide Leg,Ticari Malzemeler,Denim All,Denim All,Denim Pantolon,Denim All,Denim All,Denim Pants,Wide Leg
M1010152-89199,Wide Leg,Wide Leg,Ticari Malzemeler,Denim All,Denim All,Denim Pantolon,Denim All,Denim All,Denim Pants,Wide Leg
M1010600-87777,Baggy,Baggy,Ticari Malzemeler,Denim All,Denim All,Denim Pantolon,Denim All,Denim All,Denim Pants,Baggy
M100277-84421,Mom,Mom,Ticari Malzemeler,Denim All,Denim All,Denim Pantolon,Denim All,Denim All,Denim Pants,Mom
M101225-91318,Flare,Flare,Ticari Malzemeler,Denim All,Denim All,Denim Pantolon,,,,
M1070483497,Skinny,Skinny,Ticari Malzemeler,Denim All,Denim All,Denim Pantolon,Denim All,Denim All,Denim Pants,Skinny
M1010763-88742,Wide Leg,Wide Leg,Ticari Malzemeler,Denim All,Denim All,Denim Pantolon,Denim All,Denim All,Denim Pants,Wide Leg
M101077-83665,Mom,Mom,Ticari Malzemeler,Denim All,Denim All,Denim Pantolon,Denim All,Denim All,Denim Pants,Mom
M101072-83661,Wide Leg,Wide Leg,Ticari Malzemeler,Denim All,Denim All,Denim Pantolon,Denim All,Denim All,Denim Pants,Wide Leg
M1081191053,Flare,Flare,Ticari Malzemeler,Denim All,Denim All,Denim Pantolon,,,,
M1010338-84789,Wide Leg,Wide Leg,Ticari Malzemeler,Denim All,Denim All,Denim Pantolon,Denim All,Denim All,Denim Pants,Wide Leg
M1010917-89182,Straight,Straight,Ticari Malzemeler,Denim All,Denim All,Denim Pantolon,Denim All,Denim All,Denim Pants,Straight
M1070486313,Skinny,Skinny,Ticari Malzemeler,Denim All,Denim All,Denim Pantolon,Denim All,Denim All,Denim Pants,Skinny
M1010763-90120,Wide Leg,Wide Leg,Ticari Malzemeler,Denim All,Denim All,Denim Pantolon,Denim All,Denim All,Denim Pants,Wide Leg
M1072883451,Super Skinny,Super Skinny,Ticari Malzemeler,Denim All,Denim All,Denim Pantolon,Denim All,Denim All,Denim Pants,Super Skinny
M1010349-86249,Flare,Flare,Ticari Malzemeler,Denim All,Denim All,Denim Pantolon,,,,
M101077-86788,Mom,Mom,Ticari Malzemeler,Denim All,Denim All,Denim Pantolon,Denim All,Denim All,Denim Pants,Mom
M1010733-89469,Wide Leg,Wide Leg,Ticari Malzemeler,Denim All,Denim All,Denim Pantolon,Denim All,Denim All,Denim Pants,Wide Leg
M1070487117,Skinny,Skinny,Ticari Malzemeler,Denim All,Denim All,Denim Pantolon,Denim All,Denim All,Denim Pants,Skinny
M1010530-86879,Straight,Straight,Ticari Malzemeler,Denim All,Denim All,Denim Pantolon,Denim All,Denim All,Denim Pants,Straight
M101072-84081,Wide Leg,Wide Leg,Ticari Malzemeler,Denim All,Denim All,Denim Pantolon,Denim All,Denim All,Denim Pants,Wide Leg
M100484-87600,Flare,Flare,Ticari Malzemeler,Denim All,Denim All,Denim Pantolon,,,,
M1010840-91049,Straight,Straight,Ticari Malzemeler,Denim All,Denim All,Denim Pantolon,Denim All,Denim All,Denim Pants,Straight
M101072-86284,Wide Leg,Wide Leg,Ticari Malzemeler,Denim All,Denim All,Denim Pantolon,Denim All,Denim All,Denim Pants,Wide Leg
M101114-87448,Boyfriend,Boyfriend,Ticari Malzemeler,Denim All,Denim All,Denim Pantolon,Denim All,Denim All,Denim Pants,Boyfriend
M1010152-90515,Wide Leg,Wide Leg,Ticari Malzemeler,Denim All,Denim All,Denim Pantolon,Denim All,Denim All,Denim Pants,Wide Leg
M1074682883,Slim Straight,Slim Straight,Ticari Malzemeler,Denim All,Denim All,Denim Pantolon,Denim All,Denim All,Denim Pants,Slim Straight
M1074633110,Slim Straight,Slim Straight,Ticari Malzemeler,Denim All,Denim All,Denim Pantolon,Denim All,Denim All,Denim Pants,Slim Straight
M1010339-86318,Skinny,Skinny,Ticari Malzemeler,Denim All,Denim All,Denim Pantolon,Denim All,Denim All,Denim Pants,Skinny
M1070486315,Skinny,Skinny,Ticari Malzemeler,Denim All,Denim All,Denim Pantolon,Denim All,Denim All,Denim Pants,Skinny
M1013691205,Flare,Flare,Ticari Malzemeler,Denim All,Denim All,Denim Pantolon,,,,
M101225-83480,Flare,Flare,Ticari Malzemeler,Denim All,Denim All,Denim Pantolon,,,,
M1012472-91322,Wide Leg,Wide Leg,Ticari Malzemeler,Denim All,Denim All,Denim Pantolon,Denim All,Denim All,Denim Pants,Wide Leg
M100980-90530,Super Skinny,Super Skinny,Ticari Malzemeler,Denim All,Denim All,Denim Pantolon,Denim All,Denim All,Denim Pants,Super Skinny
M1073486877,Super Skinny,Super Skinny,Ticari Malzemeler,Denim All,Denim All,Denim Pantolon,Denim All,Denim All,Denim Pants,Super Skinny
M100277-31851,Mom,Mom,Ticari Malzemeler,Denim All,Denim All,Denim Pantolon,Denim All,Denim All,Denim Pants,Mom
M100328-84073,Skinny,Skinny,Ticari Malzemeler,Denim All,Denim All,Denim Pantolon,Denim All,Denim All,Denim Pants,Skinny
M1010578-86457,Flare,Flare,Ticari Malzemeler,Denim All,Denim All,Denim Pantolon,,,,
M1012645-90497,Straight,Straight,Ticari Malzemeler,Denim All,Denim All,Denim Pantolon,Denim All,Denim All,Denim Pants,Straight
M1010844-88211,Wide Leg,Wide Leg,Ticari Malzemeler,Denim All,Denim All,Denim Pantolon,Denim All,Denim All,Denim Pants,Wide Leg
M100277-83678,Mom,Mom,Ticari Malzemeler,Denim All,Denim All,Denim Pantolon,Denim All,Denim All,Denim Pants,Mom
M1010381-85275,Wide Leg,Wide Leg,Ticari Malzemeler,Denim All,Denim All,Denim Pantolon,Denim All,Denim All,Denim Pants,Wide Leg
M101077-83147,Mom,Mom,Ticari Malzemeler,Denim All,Denim All,Denim Pantolon,Denim All,Denim All,Denim Pants,Mom
M100484-90150,Flare,Flare,Ticari Malzemeler,Denim All,Denim All,Denim Pantolon,,,,
M1010125-84066,Wide Leg,Wide Leg,Ticari Malzemeler,Denim All,Denim All,Denim Pantolon,Denim All,Denim All,Denim Pants,Wide Leg
M1010599-80668,Wide Leg,Wide Leg,Ticari Malzemeler,Denim All,Denim All,Denim Pantolon,Denim All,Denim All,Denim Pants,Wide Leg
M1073484319,Super Skinny,Super Skinny,Ticari Malzemeler,Denim All,Denim All,Denim Pantolon,Denim All,Denim All,Denim Pants,Super Skinny
M100328-85286,Skinny,Skinny,Ticari Malzemeler,Denim All,Denim All,Denim Pantolon,Denim All,Denim All,Denim Pants,Skinny
M1010596-86166,Wide Leg,Wide Leg,Ticari Malzemeler,Denim All,Denim All,Denim Pantolon,Denim All,Denim All,Denim Pants,Wide Leg
M1074685867,Slim Straight,Slim Straight,Ticari Malzemeler,Denim All,Denim All,Denim Pantolon,Denim All,Denim All,Denim Pants,Slim Straight
M1072884983,Super Skinny,Super Skinny,Ticari Malzemeler,Denim All,Denim All,Denim Pantolon,Denim All,Denim All,Denim Pants,Super Skinny
M1070488970,Skinny,Skinny,Ticari Malzemeler,Denim All,Denim All,Denim Pantolon,Denim All,Denim All,Denim Pants,Skinny
M101441-87641,Straight,Straight,Ticari Malzemeler,Denim All,Denim All,Denim Pantolon,Denim All,Denim All,Denim Pants,Straight
M1020534721,Boyfriend,Boyfriend,Ticari Malzemeler,Denim All,Denim All,Denim Pantolon,Denim All,Denim All,Denim Pants,Boyfriend
M101437-87760,Flare,Flare,Ticari Malzemeler,Denim All,Denim All,Denim Pantolon,,,,
M100277-33555,Mom,Mom,Ticari Malzemeler,Denim All,Denim All,Denim Pantolon,Denim All,Denim All,Denim Pants,Mom
M101225-88768,Flare,Flare,Ticari Malzemeler,Denim All,Denim All,Denim Pantolon,,,,
M1072885697,Skinny,Skinny,Ticari Malzemeler,Denim All,Denim All,Denim Pantolon,Denim All,Denim All,Denim Pants,Skinny
M101225-87780,Flare,Flare,Ticari Malzemeler,Denim All,Denim All,Denim Pantolon,,,,
M101049-83502,Super Skinny,Super Skinny,Ticari Malzemeler,Denim All,Denim All,Denim Pantolon,Denim All,Denim All,Denim Pants,Super Skinny
M1010152-91197,Wide Leg,Wide Leg,Ticari Malzemeler,Denim All,Denim All,Denim Pantolon,Denim All,Denim All,Denim Pants,Wide Leg
M101437-83751,Flare,Flare,Ticari Malzemeler,Denim All,Denim All,Denim Pantolon,,,,
M100484-88857,Flare,Flare,Ticari Malzemeler,Denim All,Denim All,Denim Pantolon,,,,
M1010351-83828,Straight,Straight,Ticari Malzemeler,Denim All,Denim All,Denim Pantolon,Denim All,Denim All,Denim Pants,Straight
M1010840-90613,Straight,Straight,Ticari Malzemeler,Denim All,Denim All,Denim Pantolon,Denim All,Denim All,Denim Pants,Straight
M1074688923,Slim Straight,Slim Straight,Ticari Malzemeler,Denim All,Denim All,Denim Pantolon,Denim All,Denim All,Denim Pants,Slim Straight
M1012690-91131,Baggy,Baggy,Ticari Malzemeler,Denim All,Denim All,Denim Pantolon,Denim All,Denim All,Denim Pants,Baggy
M1072885694,Skinny,Skinny,Ticari Malzemeler,Denim All,Denim All,Denim Pantolon,Denim All,Denim All,Denim Pants,Skinny
M1010339-84999,Skinny,Skinny,Ticari Malzemeler,Denim All,Denim All,Denim Pantolon,Denim All,Denim All,Denim Pants,Skinny
M101072-88186,Wide Leg,Wide Leg,Ticari Malzemeler,Denim All,Denim All,Denim Pantolon,Denim All,Denim All,Denim Pants,Wide Leg
M101153-87549,Mom,Mom,Ticari Malzemeler,Denim All,Denim All,Denim Pantolon,Denim All,Denim All,Denim Pants,Mom
M1010152-85277,Wide Leg,Wide Leg,Ticari Malzemeler,Denim All,Denim All,Denim Pantolon,Denim All,Denim All,Denim Pants,Wide Leg
M1010917-90505,Straight,Straight,Ticari Malzemeler,Denim All,Denim All,Denim Pantolon,Denim All,Denim All,Denim Pants,Straight
M1081184186,Flare,Flare,Ticari Malzemeler,Denim All,Denim All,Denim Pantolon,,,,
M1010152-91127,Wide Leg,Wide Leg,Ticari Malzemeler,Denim All,Denim All,Denim Pantolon,Denim All,Denim All,Denim Pants,Wide Leg
M1010235-83462,Straight,Straight,Ticari Malzemeler,Denim All,Denim All,Denim Pantolon,Denim All,Denim All,Denim Pants,Straight
M1013004-89356,Wide Leg,Wide Leg,Ticari Malzemeler,Denim All,Denim All,Denim Pantolon,Denim All,Denim All,Denim Pants,Wide Leg
M1010600-87776,Baggy,Baggy,Ticari Malzemeler,Denim All,Denim All,Denim Pantolon,Denim All,Denim All,Denim Pants,Baggy
M100980-83673,Super Skinny,Super Skinny,Ticari Malzemeler,Denim All,Denim All,Denim Pantolon,Denim All,Denim All,Denim Pants,Super Skinny
M1010352-83829,Straight,Straight,Ticari Malzemeler,Denim All,Denim All,Denim Pantolon,Denim All,Denim All,Denim Pants,Straight
M101077-87801,Mom,Mom,Ticari Malzemeler,Denim All,Denim All,Denim Pantolon,Denim All,Denim All,Denim Pants,Mom
M1010530-91119,Straight,Straight,Ticari Malzemeler,Denim All,Denim All,Denim Pantolon,Denim All,Denim All,Denim Pants,Straight
M1010530-88858,Straight,Straight,Ticari Malzemeler,Denim All,Denim All,Denim Pantolon,Denim All,Denim All,Denim Pants,Straight
M1010349-84806,Flare,Flare,Ticari Malzemeler,Denim All,Denim All,Denim Pantolon,,,,
M101047-91447,Straight,Straight,Ticari Malzemeler,Denim All,Denim All,Denim Pantolon,,,,
M1081190758,Flare,Flare,Ticari Malzemeler,Denim All,Denim All,Denim Pantolon,,,,
M1074686460,Slim Straight,Slim Straight,Ticari Malzemeler,Denim All,Denim All,Denim Pantolon,Denim All,Denim All,Denim Pants,Slim Straight
M1010640-88743,Straight,Straight,Ticari Malzemeler,Denim All,Denim All,Denim Pantolon,Denim All,Denim All,Denim Pants,Straight
M1010152-91145,Wide Leg,Wide Leg,Ticari Malzemeler,Denim All,Denim All,Denim Pantolon,Denim All,Denim All,Denim Pants,Wide Leg
M100980-35248,Super Skinny,Super Skinny,Ticari Malzemeler,Denim All,Denim All,Denim Pantolon,Denim All,Denim All,Denim Pants,Super Skinny
M1010593-89691,Wide Leg,Wide Leg,Ticari Malzemeler,Denim All,Denim All,Denim Pantolon,Denim All,Denim All,Denim Pants,Wide Leg
M1010840-91441,Straight,Straight,Ticari Malzemeler,Denim All,Denim All,Denim Pantolon,Denim All,Denim All,Denim Pants,Straight
M101077-88315,Mom,Mom,Ticari Malzemeler,Denim All,Denim All,Denim Pantolon,Denim All,Denim All,Denim Pants,Mom
M1020535596,Boyfriend,Boyfriend,Ticari Malzemeler,Denim All,Denim All,Denim Pantolon,Denim All,Denim All,Denim Pants,Boyfriend
M1010530-89935,Straight,Straight,Ticari Malzemeler,Denim All,Denim All,Denim Pantolon,Denim All,Denim All,Denim Pants,Straight
M101441-88778,Straight,Straight,Ticari Malzemeler,Denim All,Denim All,Denim Pantolon,Denim All,Denim All,Denim Pants,Straight
M1010152-90048,Wide Leg,Wide Leg,Ticari Malzemeler,Denim All,Denim All,Denim Pantolon,Denim All,Denim All,Denim Pants,Wide Leg
M1012592-90444,Skinny,Skinny,Ticari Malzemeler,Denim All,Denim All,Denim Pantolon,Denim All,Denim All,Denim Pants,Skinny
M1072885711,Skinny,Skinny,Ticari Malzemeler,Denim All,Denim All,Denim Pantolon,Denim All,Denim All,Denim Pants,Skinny
M1010353-85614,Wide Leg,Wide Leg,Ticari Malzemeler,Denim All,Denim All,Denim Pantolon,Denim All,Denim All,Denim Pants,Wide Leg
M1012623-90068,Boyfriend,Boyfriend,Ticari Malzemeler,Denim All,Denim All,Denim Pantolon,Denim All,Denim All,Denim Pants,Boyfriend
M1072888302,Skinny,Skinny,Ticari Malzemeler,Denim All,Denim All,Denim Pantolon,Denim All,Denim All,Denim Pants,Skinny
M1010838-88390,Baggy,Baggy,Ticari Malzemeler,Denim All,Denim All,Denim Pantolon,Denim All,Denim All,Denim Pants,Baggy
M101048-87813,Slim Straight,Slim Straight,Ticari Malzemeler,Denim All,Denim All,Denim Pantolon,Denim All,Denim All,Denim Pants,Slim Straight
M100277-85272,Mom,Mom,Ticari Malzemeler,Denim All,Denim All,Denim Pantolon,Denim All,Denim All,Denim Pants,Mom
M101437-83659,Flare,Flare,Ticari Malzemeler,Denim All,Denim All,Denim Pantolon,,,,
M1070488890,Skinny,Skinny,Ticari Malzemeler,Denim All,Denim All,Denim Pantolon,Denim All,Denim All,Denim Pants,Skinny
M1010152-89243,Wide Leg,Wide Leg,Ticari Malzemeler,Denim All,Denim All,Denim Pantolon,Denim All,Denim All,Denim Pants,Wide Leg
M1010200-84995,Flare,Flare,Ticari Malzemeler,Denim All,Denim All,Denim Pantolon,,,,
M101077-84316,Mom,Mom,Ticari Malzemeler,Denim All,Denim All,Denim Pantolon,Denim All,Denim All,Denim Pants,Mom
M1073485736,Super Skinny,Super Skinny,Ticari Malzemeler,Denim All,Denim All,Denim Pantolon,Denim All,Denim All,Denim Pants,Super Skinny
M1010299-91180,Flare,Flare,Ticari Malzemeler,Denim All,Denim All,Denim Pantolon,,,,
M1012639-90760,Flare,Flare,Ticari Malzemeler,Denim All,Denim All,Denim Pantolon,,,,
M1010623-88322,Straight,Straight,Ticari Malzemeler,Denim All,Denim All,Denim Pantolon,Denim All,Denim All,Denim Pants,Straight
M101225-86808,Flare,Flare,Ticari Malzemeler,Denim All,Denim All,Denim Pantolon,,,,
M101072-83639,Wide Leg,Wide Leg,Ticari Malzemeler,Denim All,Denim All,Denim Pantolon,Denim All,Denim All,Denim Pants,Wide Leg
M100277-83603,Mom,Mom,Ticari Malzemeler,Denim All,Denim All,Denim Pantolon,Denim All,Denim All,Denim Pants,Mom
M101441-87473,Straight,Straight,Ticari Malzemeler,Denim All,Denim All,Denim Pantolon,Denim All,Denim All,Denim Pants,Straight
M1072889963,Skinny,Skinny,Ticari Malzemeler,Denim All,Denim All,Denim Pantolon,Denim All,Denim All,Denim Pants,Skinny
M101047-84800,Straight,Straight,Ticari Malzemeler,Denim All,Denim All,Denim Pantolon,Denim All,Denim All,Denim Pants,Straight
M100328-89971,Skinny,Skinny,Ticari Malzemeler,Denim All,Denim All,Denim Pantolon,Denim All,Denim All,Denim Pants,Skinny
M1012472-88789,Wide Leg,Wide Leg,Ticari Malzemeler,Denim All,Denim All,Denim Pantolon,Denim All,Denim All,Denim Pants,Wide Leg
M101072-83693,Wide Leg,Wide Leg,Ticari Malzemeler,Denim All,Denim All,Denim Pantolon,Denim All,Denim All,Denim Pants,Wide Leg
M101072-88305,Wide Leg,Wide Leg,Ticari Malzemeler,Denim All,Denim All,Denim Pantolon,Denim All,Denim All,Denim Pants,Wide Leg
M1020590492,Boyfriend,Boyfriend,Ticari Malzemeler,Denim All,Denim All,Denim Pantolon,Denim All,Denim All,Denim Pants,Boyfriend
M1072883432,Renkli Denim,Colored Denims,Ticari Malzemeler,Denim All,Denim All,Denim Pantolon,Denim All,Denim All,Denim Pants,Colored Denims
M1010464-84784,Flare,Flare,Ticari Malzemeler,Denim All,Denim All,Denim Pantolon,,,,
M101077-84432,Mom,Mom,Ticari Malzemeler,Denim All,Denim All,Denim Pantolon,Denim All,Denim All,Denim Pants,Mom
M100484-88887,Flare,Flare,Ticari Malzemeler,Denim All,Denim All,Denim Pantolon,,,,
M1019784977,Skinny,Skinny,Ticari Malzemeler,Denim All,Denim All,Denim Pantolon,Denim All,Denim All,Denim Pants,Skinny
M101441-89992,Straight,Straight,Ticari Malzemeler,Denim All,Denim All,Denim Pantolon,Denim All,Denim All,Denim Pants,Straight
M1010763-90994,Wide Leg,Wide Leg,Ticari Malzemeler,Denim All,Denim All,Denim Pantolon,Denim All,Denim All,Denim Pants,Wide Leg
M1010763-89724,Wide Leg,Wide Leg,Ticari Malzemeler,Denim All,Denim All,Denim Pantolon,Denim All,Denim All,Denim Pants,Wide Leg
M1010353-86848,Wide Leg,Wide Leg,Ticari Malzemeler,Denim All,Denim All,Denim Pantolon,Denim All,Denim All,Denim Pants,Wide Leg
M1073484988,Super Skinny,Super Skinny,Ticari Malzemeler,Denim All,Denim All,Denim Pantolon,Denim All,Denim All,Denim Pants,Super Skinny
M1010114-84215,Wide Leg,Wide Leg,Ticari Malzemeler,Denim All,Denim All,Denim Pantolon,Denim All,Denim All,Denim Pants,Wide Leg
M100328-81241,Skinny,Skinny,Ticari Malzemeler,Denim All,Denim All,Denim Pantolon,Denim All,Denim All,Denim Pants,Skinny
M1010530-89938,Straight,Straight,Ticari Malzemeler,Denim All,Denim All,Denim Pantolon,Denim All,Denim All,Denim Pants,Straight
M1017088784,Boyfriend,Boyfriend,Ticari Malzemeler,Denim All,Denim All,Denim Pantolon,Denim All,Denim All,Denim Pants,Boyfriend
M101437-86398,Flare,Flare,Ticari Malzemeler,Denim All,Denim All,Denim Pantolon,,,,
M1010727-87191,Wide Leg,Wide Leg,Ticari Malzemeler,Denim All,Denim All,Denim Pantolon,Denim All,Denim All,Denim Pants,Wide Leg
M101441-86391,Straight,Straight,Ticari Malzemeler,Denim All,Denim All,Denim Pantolon,Denim All,Denim All,Denim Pants,Straight
M100328-90536,Skinny,Skinny,Ticari Malzemeler,Denim All,Denim All,Denim Pantolon,Denim All,Denim All,Denim Pants,Skinny
M1073488855,Super Skinny,Super Skinny,Ticari Malzemeler,Denim All,Denim All,Denim Pantolon,Denim All,Denim All,Denim Pants,Super Skinny
M100484-88304,Flare,Flare,Ticari Malzemeler,Denim All,Denim All,Denim Pantolon,,,,
M101560-84062,Flare,Flare,Ticari Malzemeler,Denim All,Denim All,Denim Pantolon,,,,
M100484-88313,Flare,Flare,Ticari Malzemeler,Denim All,Denim All,Denim Pantolon,,,,
M1010200-88361,Flare,Flare,Ticari Malzemeler,Denim All,Denim All,Denim Pantolon,,,,
M101077-86286,Mom,Mom,Ticari Malzemeler,Denim All,Denim All,Denim Pantolon,Denim All,Denim All,Denim Pants,Mom
M1010200-88973,Flare,Flare,Ticari Malzemeler,Denim All,Denim All,Denim Pantolon,,,,
M1074681860,Slim Straight,Slim Straight,Ticari Malzemeler,Denim All,Denim All,Denim Pantolon,Denim All,Denim All,Denim Pants,Slim Straight
M100277-87057,Mom,Mom,Ticari Malzemeler,Denim All,Denim All,Denim Pantolon,Denim All,Denim All,Denim Pants,Mom
M1070486876,Skinny,Skinny,Ticari Malzemeler,Denim All,Denim All,Denim Pantolon,Denim All,Denim All,Denim Pants,Skinny
M1010152-85602,Wide Leg,Wide Leg,Ticari Malzemeler,Denim All,Denim All,Denim Pantolon,Denim All,Denim All,Denim Pants,Wide Leg
M1012563-89482,Flare,Flare,Ticari Malzemeler,Denim All,Denim All,Denim Pantolon,,,,
M1013690520,Flare,Flare,Ticari Malzemeler,Denim All,Denim All,Denim Pantolon,,,,
M100277-83598,Mom,Mom,Ticari Malzemeler,Denim All,Denim All,Denim Pantolon,Denim All,Denim All,Denim Pants,Mom
M1010491-87546,Wide Leg,Wide Leg,Ticari Malzemeler,Denim All,Denim All,Denim Pantolon,Denim All,Denim All,Denim Pants,Wide Leg
M1010778-88189,Baggy,Baggy,Ticari Malzemeler,Denim All,Denim All,Denim Pantolon,Denim All,Denim All,Denim Pants,Baggy
M1072883450,Super Skinny,Super Skinny,Ticari Malzemeler,Denim All,Denim All,Denim Pantolon,Denim All,Denim All,Denim Pants,Super Skinny
M1010530-88319,Straight,Straight,Ticari Malzemeler,Denim All,Denim All,Denim Pantolon,Denim All,Denim All,Denim Pants,Straight
M100488-86252,Flare,Flare,Ticari Malzemeler,Denim All,Denim All,Denim Pantolon,,,,
M1072887608,Skinny,Skinny,Ticari Malzemeler,Denim All,Denim All,Denim Pantolon,Denim All,Denim All,Denim Pants,Skinny
M101048-84417,Slim Straight,Slim Straight,Ticari Malzemeler,Denim All,Denim All,Denim Pantolon,Denim All,Denim All,Denim Pants,Slim Straight
M1010763-89040,Wide Leg,Wide Leg,Ticari Malzemeler,Denim All,Denim All,Denim Pantolon,Denim All,Denim All,Denim Pants,Wide Leg
M1073485699,Super Skinny,Super Skinny,Ticari Malzemeler,Denim All,Denim All,Denim Pantolon,Denim All,Denim All,Denim Pants,Super Skinny
M100328-86200,Skinny,Skinny,Ticari Malzemeler,Denim All,Denim All,Denim Pantolon,Denim All,Denim All,Denim Pants,Skinny
M1010152-89687,Wide Leg,Wide Leg,Ticari Malzemeler,Denim All,Denim All,Denim Pantolon,Denim All,Denim All,Denim Pants,Wide Leg
M100484-89670,Flare,Flare,Ticari Malzemeler,Denim All,Denim All,Denim Pantolon,,,,
M1081184767,Flare,Flare,Ticari Malzemeler,Denim All,Denim All,Denim Pantolon,,,,
M1011044-91359,Baggy,Baggy,Ticari Malzemeler,Denim All,Denim All,Denim Pantolon,Denim All,Denim All,Denim Pants,Baggy
M1010756-88344,Baggy,Baggy,Ticari Malzemeler,Denim All,Denim All,Denim Pantolon,Denim All,Denim All,Denim Pants,Baggy
M1010986-89809,Flare,Flare,Ticari Malzemeler,Denim All,Denim All,Denim Pantolon,,,,
M1010763-90575,Wide Leg,Wide Leg,Ticari Malzemeler,Denim All,Denim All,Denim Pantolon,Denim All,Denim All,Denim Pants,Wide Leg
M100277-81362,Mom,Mom,Ticari Malzemeler,Denim All,Denim All,Denim Pantolon,Denim All,Denim All,Denim Pants,Mom
M1020583676,Boyfriend,Boyfriend,Ticari Malzemeler,Denim All,Denim All,Denim Pantolon,Denim All,Denim All,Denim Pants,Boyfriend
M1043232046,Other,Hamile,Ticari Malzemeler,Denim All,Denim All,Denim Pantolon,Denim All,Denim All,Denim Pants,Maternity
M101114-89964,Boyfriend,Boyfriend,Ticari Malzemeler,Denim All,Denim All,Denim Pantolon,Denim All,Denim All,Denim Pants,Boyfriend
M101153-88981,Baggy,Baggy,Ticari Malzemeler,Denim All,Denim All,Denim Pantolon,Denim All,Denim All,Denim Pants,Baggy
M1010152-86890,Wide Leg,Wide Leg,Ticari Malzemeler,Denim All,Denim All,Denim Pantolon,Denim All,Denim All,Denim Pants,Wide Leg
M101453-85604,Mom,Mom,Ticari Malzemeler,Denim All,Denim All,Denim Pantolon,Denim All,Denim All,Denim Pants,Mom
M101225-86467,Flare,Flare,Ticari Malzemeler,Denim All,Denim All,Denim Pantolon,,,,
M1070488312,Skinny,Skinny,Ticari Malzemeler,Denim All,Denim All,Denim Pantolon,Denim All,Denim All,Denim Pants,Skinny
M101489-84069,Flare,Flare,Ticari Malzemeler,Denim All,Denim All,Denim Pantolon,,,,
M1012621-91059,Wide Leg,Wide Leg,Ticari Malzemeler,Denim All,Denim All,Denim Pantolon,Denim All,Denim All,Denim Pants,Wide Leg
M1010178-33320,Mom,Mom,Ticari Malzemeler,Denim All,Denim All,Denim Pantolon,Denim All,Denim All,Denim Pants,Mom
M1019785715,Skinny,Skinny,Ticari Malzemeler,Denim All,Denim All,Denim Pantolon,Denim All,Denim All,Denim Pants,Skinny
M451646-84214,Skinny,Skinny,Ticari Malzemeler,Denim All,Denim All,Denim Pantolon,Denim All,Denim All,Denim Pants,Skinny
M100484-84229,Flare,Flare,Ticari Malzemeler,Denim All,Denim All,Denim Pantolon,,,,
M1012638-90364,Wide Leg,Wide Leg,Ticari Malzemeler,Denim All,Denim All,Denim Pantolon,Denim All,Denim All,Denim Pants,Wide Leg
M1010640-86608,Straight,Straight,Ticari Malzemeler,Denim All,Denim All,Denim Pantolon,Denim All,Denim All,Denim Pants,Straight
M1020587437,Boyfriend,Boyfriend,Ticari Malzemeler,Denim All,Denim All,Denim Pantolon,Denim All,Denim All,Denim Pants,Boyfriend
M100484-84758,Flare,Flare,Ticari Malzemeler,Denim All,Denim All,Denim Pantolon,,,,
M1010578-89124,Flare,Flare,Ticari Malzemeler,Denim All,Denim All,Denim Pantolon,,,,
M101225-88971,Flare,Flare,Ticari Malzemeler,Denim All,Denim All,Denim Pantolon,,,,
M101225-89680,Flare,Flare,Ticari Malzemeler,Denim All,Denim All,Denim Pantolon,,,,
M1070486295,Skinny,Skinny,Ticari Malzemeler,Denim All,Denim All,Denim Pantolon,Denim All,Denim All,Denim Pants,Skinny
M101049-83503,Super Skinny,Super Skinny,Ticari Malzemeler,Denim All,Denim All,Denim Pantolon,Denim All,Denim All,Denim Pants,Super Skinny
M1010609-88341,Boyfriend,Boyfriend,Ticari Malzemeler,Denim All,Denim All,Denim Pantolon,Denim All,Denim All,Denim Pants,Boyfriend
M1072883449,Super Skinny,Super Skinny,Ticari Malzemeler,Denim All,Denim All,Denim Pantolon,Denim All,Denim All,Denim Pants,Super Skinny
M1010530-88320,Straight,Straight,Ticari Malzemeler,Denim All,Denim All,Denim Pantolon,Denim All,Denim All,Denim Pants,Straight
M1010114-90856,Wide Leg,Wide Leg,Ticari Malzemeler,Denim All,Denim All,Denim Pantolon,Denim All,Denim All,Denim Pants,Wide Leg
M100277-84791,Mom,Mom,Ticari Malzemeler,Denim All,Denim All,Denim Pantolon,Denim All,Denim All,Denim Pants,Mom
M1072890143,Skinny,Skinny,Ticari Malzemeler,Denim All,Denim All,Denim Pantolon,Denim All,Denim All,Denim Pants,Skinny
M100277-84191,Mom,Mom,Ticari Malzemeler,Denim All,Denim All,Denim Pantolon,Denim All,Denim All,Denim Pants,Mom
M101077-88306,Mom,Mom,Ticari Malzemeler,Denim All,Denim All,Denim Pantolon,Denim All,Denim All,Denim Pants,Mom
M101048-84086,Slim Straight,Slim Straight,Ticari Malzemeler,Denim All,Denim All,Denim Pantolon,Denim All,Denim All,Denim Pants,Slim Straight
M1067288779,Skinny,Skinny,Ticari Malzemeler,Denim All,Denim All,Denim Pantolon,Denim All,Denim All,Denim Pants,Skinny
M1010200-86127,Flare,Flare,Ticari Malzemeler,Denim All,Denim All,Denim Pantolon,,,,
M101077-83576,Mom,Mom,Ticari Malzemeler,Denim All,Denim All,Denim Pantolon,Denim All,Denim All,Denim Pants,Mom
M101077-87580,Mom,Mom,Ticari Malzemeler,Denim All,Denim All,Denim Pantolon,Denim All,Denim All,Denim Pants,Mom
M1074689169,Straight,Straight,Ticari Malzemeler,Denim All,Denim All,Denim Pantolon,Denim All,Denim All,Denim Pants,Straight
M101077-83504,Mom,Mom,Ticari Malzemeler,Denim All,Denim All,Denim Pantolon,Denim All,Denim All,Denim Pants,Mom
M1012634-90005,Wide Leg,Wide Leg,Ticari Malzemeler,Denim All,Denim All,Denim Pantolon,Denim All,Denim All,Denim Pants,Wide Leg
M101441-85600,Straight,Straight,Ticari Malzemeler,Denim All,Denim All,Denim Pantolon,Denim All,Denim All,Denim Pants,Straight
M101077-90533,Mom,Mom,Ticari Malzemeler,Denim All,Denim All,Denim Pantolon,Denim All,Denim All,Denim Pants,Mom
M1010623-88321,Straight,Straight,Ticari Malzemeler,Denim All,Denim All,Denim Pantolon,Denim All,Denim All,Denim Pants,Straight
M1010338-83466,Wide Leg,Wide Leg,Ticari Malzemeler,Denim All,Denim All,Denim Pantolon,Denim All,Denim All,Denim Pants,Wide Leg
M1010091-83777,Wide Leg,Wide Leg,Ticari Malzemeler,Denim All,Denim All,Denim Pantolon,Denim All,Denim All,Denim Pants,Wide Leg
M101441-89172,Straight,Straight,Ticari Malzemeler,Denim All,Denim All,Denim Pantolon,Denim All,Denim All,Denim Pants,Straight
M101048-83668,Slim Straight,Slim Straight,Ticari Malzemeler,Denim All,Denim All,Denim Pantolon,Denim All,Denim All,Denim Pants,Slim Straight
M101437-86450,Flare,Flare,Ticari Malzemeler,Denim All,Denim All,Denim Pantolon,,,,
M1010530-90060,Straight,Straight,Ticari Malzemeler,Denim All,Denim All,Denim Pantolon,Denim All,Denim All,Denim Pants,Straight
M1020590499,Boyfriend,Boyfriend,Ticari Malzemeler,Denim All,Denim All,Denim Pantolon,Denim All,Denim All,Denim Pants,Boyfriend
M1010600-86461,Baggy,Baggy,Ticari Malzemeler,Denim All,Denim All,Denim Pantolon,Denim All,Denim All,Denim Pants,Baggy
M101048-86273,Slim Straight,Slim Straight,Ticari Malzemeler,Denim All,Denim All,Denim Pantolon,Denim All,Denim All,Denim Pants,Slim Straight
M1072886312,Skinny,Skinny,Ticari Malzemeler,Denim All,Denim All,Denim Pantolon,Denim All,Denim All,Denim Pants,Skinny
M1010600-87703,Baggy,Baggy,Ticari Malzemeler,Denim All,Denim All,Denim Pantolon,Denim All,Denim All,Denim Pants,Baggy
M1012636-90637,Straight,Straight,Ticari Malzemeler,Denim All,Denim All,Denim Pantolon,Denim All,Denim All,Denim Pants,Straight
M100484-86845,Flare,Flare,Ticari Malzemeler,Denim All,Denim All,Denim Pantolon,,,,
M101072-83510,Wide Leg,Wide Leg,Ticari Malzemeler,Denim All,Denim All,Denim Pantolon,Denim All,Denim All,Denim Pants,Wide Leg
M101225-84780,Flare,Flare,Ticari Malzemeler,Denim All,Denim All,Denim Pantolon,,,,
M1087287595,Skinny,Skinny,Ticari Malzemeler,Denim All,Denim All,Denim Pantolon,Denim All,Denim All,Denim Pants,Skinny
M101048-82669,Slim Straight,Slim Straight,Ticari Malzemeler,Denim All,Denim All,Denim Pantolon,Denim All,Denim All,Denim Pants,Slim Straight
M100893-83385,Boyfriend,Boyfriend,Ticari Malzemeler,Denim All,Denim All,Denim Pantolon,Denim All,Denim All,Denim Pants,Boyfriend
M1010339-83523,Skinny,Skinny,Ticari Malzemeler,Denim All,Denim All,Denim Pantolon,Denim All,Denim All,Denim Pants,Skinny
M101225-80710,Flare,Flare,Ticari Malzemeler,Denim All,Denim All,Denim Pantolon,,,,
M101114-88729,Boyfriend,Boyfriend,Ticari Malzemeler,Denim All,Denim All,Denim Pantolon,Denim All,Denim All,Denim Pants,Boyfriend
M1012691-91142,Boyfriend,Boyfriend,Ticari Malzemeler,Denim All,Denim All,Denim Pantolon,Denim All,Denim All,Denim Pants,Boyfriend
M1019787611,Skinny,Skinny,Ticari Malzemeler,Denim All,Denim All,Denim Pantolon,Denim All,Denim All,Denim Pants,Skinny
M101225-83395,Flare,Flare,Ticari Malzemeler,Denim All,Denim All,Denim Pantolon,,,,
M1010485183,Wide Leg,Wide Leg,Ticari Malzemeler,Denim All,Denim All,Denim Pantolon,Denim All,Denim All,Denim Pants,Wide Leg
M101114-87450,Boyfriend,Boyfriend,Ticari Malzemeler,Denim All,Denim All,Denim Pantolon,Denim All,Denim All,Denim Pants,Boyfriend
M100277-83596,Mom,Mom,Ticari Malzemeler,Denim All,Denim All,Denim Pantolon,Denim All,Denim All,Denim Pants,Mom
M1013688733,Flare,Flare,Ticari Malzemeler,Denim All,Denim All,Denim Pantolon,,,,
M1012615-90363,Wide Leg,Wide Leg,Ticari Malzemeler,Denim All,Denim All,Denim Pantolon,Denim All,Denim All,Denim Pants,Wide Leg
M1010762-87747,Straight,Straight,Ticari Malzemeler,Denim All,Denim All,Denim Pantolon,Denim All,Denim All,Denim Pants,Straight
M101047-84980,Straight,Straight,Ticari Malzemeler,Denim All,Denim All,Denim Pantolon,Denim All,Denim All,Denim Pants,Straight
M101047-83464,Straight,Straight,Ticari Malzemeler,Denim All,Denim All,Denim Pantolon,Denim All,Denim All,Denim Pants,Straight
M1010152-87060,Wide Leg,Wide Leg,Ticari Malzemeler,Denim All,Denim All,Denim Pantolon,Denim All,Denim All,Denim Pants,Wide Leg
M1010727-90519,Wide Leg,Wide Leg,Ticari Malzemeler,Denim All,Denim All,Denim Pantolon,Denim All,Denim All,Denim Pants,Wide Leg
M1081190759,Flare,Flare,Ticari Malzemeler,Denim All,Denim All,Denim Pantolon,,,,
M1010381-84435,Wide Leg,Wide Leg,Ticari Malzemeler,Denim All,Denim All,Denim Pantolon,Denim All,Denim All,Denim Pants,Wide Leg
M1010755-88982,Wide Leg,Wide Leg,Ticari Malzemeler,Denim All,Denim All,Denim Pantolon,Denim All,Denim All,Denim Pants,Wide Leg
M1010754-87644,Baggy,Baggy,Ticari Malzemeler,Denim All,Denim All,Denim Pantolon,Denim All,Denim All,Denim Pants,Baggy
M1087287587,Skinny,Skinny,Ticari Malzemeler,Denim All,Denim All,Denim Pantolon,Denim All,Denim All,Denim Pants,Skinny
M100484-87612,Flare,Flare,Ticari Malzemeler,Denim All,Denim All,Denim Pantolon,,,,
M1010600-88308,Baggy,Baggy,Ticari Malzemeler,Denim All,Denim All,Denim Pantolon,Denim All,Denim All,Denim Pants,Baggy
M1010381-89998,Wide Leg,Wide Leg,Ticari Malzemeler,Denim All,Denim All,Denim Pantolon,Denim All,Denim All,Denim Pants,Wide Leg
M1010580-85925,Flare,Flare,Ticari Malzemeler,Denim All,Denim All,Denim Pantolon,,,,
M100277-85271,Mom,Mom,Ticari Malzemeler,Denim All,Denim All,Denim Pantolon,Denim All,Denim All,Denim Pants,Mom
M1010349-90531,Flare,Flare,Ticari Malzemeler,Denim All,Denim All,Denim Pantolon,,,,
M1073486304,Super Skinny,Super Skinny,Ticari Malzemeler,Denim All,Denim All,Denim Pantolon,Denim All,Denim All,Denim Pants,Super Skinny
M1067280521,Skinny,Skinny,Ticari Malzemeler,Denim All,Denim All,Denim Pantolon,Denim All,Denim All,Denim Pants,Skinny
M1072889037,Skinny,Skinny,Ticari Malzemeler,Denim All,Denim All,Denim Pantolon,Denim All,Denim All,Denim Pants,Skinny
M1010530-91133,Straight,Straight,Ticari Malzemeler,Denim All,Denim All,Denim Pantolon,Denim All,Denim All,Denim Pants,Straight
M101072-90392,Wide Leg,Wide Leg,Ticari Malzemeler,Denim All,Denim All,Denim Pantolon,Denim All,Denim All,Denim Pants,Wide Leg
M1010986-88770,Flare,Flare,Ticari Malzemeler,Denim All,Denim All,Denim Pantolon,,,,
M1010530-88895,Straight,Straight,Ticari Malzemeler,Denim All,Denim All,Denim Pantolon,Denim All,Denim All,Denim Pants,Straight
M1074684768,Slim Straight,Slim Straight,Ticari Malzemeler,Denim All,Denim All,Denim Pantolon,Denim All,Denim All,Denim Pants,Slim Straight
M1017089958,Boyfriend,Boyfriend,Ticari Malzemeler,Denim All,Denim All,Denim Pantolon,Denim All,Denim All,Denim Pants,Boyfriend
M1020585428,Boyfriend,Boyfriend,Ticari Malzemeler,Denim All,Denim All,Denim Pantolon,Denim All,Denim All,Denim Pants,Boyfriend
M1010960-91273,Wide Leg,Wide Leg,Ticari Malzemeler,Denim All,Denim All,Denim Pantolon,Denim All,Denim All,Denim Pants,Wide Leg
M101077-80984,Mom,Mom,Ticari Malzemeler,Denim All,Denim All,Denim Pantolon,Denim All,Denim All,Denim Pants,Mom
M101225-85142,Flare,Flare,Ticari Malzemeler,Denim All,Denim All,Denim Pantolon,,,,
M101441-81364,Straight,Straight,Ticari Malzemeler,Denim All,Denim All,Denim Pantolon,Denim All,Denim All,Denim Pants,Straight
M1074690069,Slim Straight,Slim Straight,Ticari Malzemeler,Denim All,Denim All,Denim Pantolon,Denim All,Denim All,Denim Pants,Slim Straight
M100488-88729,Flare,Flare,Ticari Malzemeler,Denim All,Denim All,Denim Pantolon,,,,
M1070490055,Skinny,Skinny,Ticari Malzemeler,Denim All,Denim All,Denim Pantolon,Denim All,Denim All,Denim Pants,Skinny
M1072886881,Skinny,Skinny,Ticari Malzemeler,Denim All,Denim All,Denim Pantolon,Denim All,Denim All,Denim Pants,Skinny
M1074689669,Slim Straight,Slim Straight,Ticari Malzemeler,Denim All,Denim All,Denim Pantolon,Denim All,Denim All,Denim Pants,Slim Straight
M1010114-83078,Wide Leg,Wide Leg,Ticari Malzemeler,Denim All,Denim All,Denim Pantolon,Denim All,Denim All,Denim Pants,Wide Leg
M100277-83647,Mom,Mom,Ticari Malzemeler,Denim All,Denim All,Denim Pantolon,Denim All,Denim All,Denim Pants,Mom
M101225-89985,Flare,Flare,Ticari Malzemeler,Denim All,Denim All,Denim Pantolon,,,,
M1067835246,Skinny,Skinny,Ticari Malzemeler,Denim All,Denim All,Denim Pantolon,Denim All,Denim All,Denim Pants,Skinny
M100488-84786,Flare,Flare,Ticari Malzemeler,Denim All,Denim All,Denim Pantolon,,,,
M1070486133,Skinny,Skinny,Ticari Malzemeler,Denim All,Denim All,Denim Pantolon,Denim All,Denim All,Denim Pants,Skinny
M1012592-90445,Skinny,Skinny,Ticari Malzemeler,Denim All,Denim All,Denim Pantolon,Denim All,Denim All,Denim Pants,Skinny
M101047-32260,Straight,Straight,Ticari Malzemeler,Denim All,Denim All,Denim Pantolon,Denim All,Denim All,Denim Pants,Straight
M101225-83677,Flare,Flare,Ticari Malzemeler,Denim All,Denim All,Denim Pantolon,,,,
M101077-86789,Mom,Mom,Ticari Malzemeler,Denim All,Denim All,Denim Pantolon,Denim All,Denim All,Denim Pants,Mom
M100484-89654,Flare,Flare,Ticari Malzemeler,Denim All,Denim All,Denim Pantolon,,,,
M1074684769,Slim Straight,Slim Straight,Ticari Malzemeler,Denim All,Denim All,Denim Pantolon,Denim All,Denim All,Denim Pants,Slim Straight
M1049783652,Slim Straight,Slim Straight,Ticari Malzemeler,Denim All,Denim All,Denim Pantolon,Denim All,Denim All,Denim Pants,Slim Straight
M1070488332,Skinny,Skinny,Ticari Malzemeler,Denim All,Denim All,Denim Pantolon,Denim All,Denim All,Denim Pants,Skinny
M1010152-86283,Wide Leg,Wide Leg,Ticari Malzemeler,Denim All,Denim All,Denim Pantolon,Denim All,Denim All,Denim Pants,Wide Leg
M101047-91305,Straight,Straight,Ticari Malzemeler,Denim All,Denim All,Denim Pantolon,Denim All,Denim All,Denim Pants,Straight
M1010627-91211,Straight,Straight,Ticari Malzemeler,Denim All,Denim All,Denim Pantolon,Denim All,Denim All,Denim Pants,Straight
M1072883433,Renkli Denim,Renkli Denim,Ticari Malzemeler,Denim All,Denim All,Denim Pantolon,Denim All,Denim All,Denim Pants,Colored Denims
M100328-25682,Skinny,Skinny,Ticari Malzemeler,Denim All,Denim All,Denim Pantolon,Denim All,Denim All,Denim Pants,Skinny
M1010840-89999,Straight,Straight,Ticari Malzemeler,Denim All,Denim All,Denim Pantolon,Denim All,Denim All,Denim Pants,Straight
M100328-80142,Skinny,Skinny,Ticari Malzemeler,Denim All,Denim All,Denim Pantolon,Denim All,Denim All,Denim Pants,Skinny
M1010845-88378,Mom,Mom,Ticari Malzemeler,Denim All,Denim All,Denim Pantolon,Denim All,Denim All,Denim Pants,Mom
M101225-91137,Flare,Flare,Ticari Malzemeler,Denim All,Denim All,Denim Pantolon,,,,
M1010763-89246,Wide Leg,Wide Leg,Ticari Malzemeler,Denim All,Denim All,Denim Pantolon,Denim All,Denim All,Denim Pants,Wide Leg
M1010593-88365,Wide Leg,Wide Leg,Ticari Malzemeler,Denim All,Denim All,Denim Pantolon,Denim All,Denim All,Denim Pants,Wide Leg
M1013688148,Flare,Flare,Ticari Malzemeler,Denim All,Denim All,Denim Pantolon,,,,
M100484-85696,Flare,Flare,Ticari Malzemeler,Denim All,Denim All,Denim Pantolon,,,,
M1067882217,Skinny,Skinny,Ticari Malzemeler,Denim All,Denim All,Denim Pantolon,Denim All,Denim All,Denim Pants,Skinny
M1010039-81285,Skinny,Skinny,Ticari Malzemeler,Denim All,Denim All,Denim Pantolon,Denim All,Denim All,Denim Pants,Skinny
M101441-89991,Straight,Straight,Ticari Malzemeler,Denim All,Denim All,Denim Pantolon,Denim All,Denim All,Denim Pants,Straight
M1010754-87804,Baggy,Baggy,Ticari Malzemeler,Denim All,Denim All,Denim Pantolon,Denim All,Denim All,Denim Pants,Baggy
M1010349-86425,Flare,Flare,Ticari Malzemeler,Denim All,Denim All,Denim Pantolon,,,,
M100328-82196,Skinny,Skinny,Ticari Malzemeler,Denim All,Denim All,Denim Pantolon,Denim All,Denim All,Denim Pants,Skinny
M1010120-83656,Boyfriend,Boyfriend,Ticari Malzemeler,Denim All,Denim All,Denim Pantolon,Denim All,Denim All,Denim Pants,Boyfriend
M1010152-91128,Wide Leg,Wide Leg,Ticari Malzemeler,Denim All,Denim All,Denim Pantolon,Denim All,Denim All,Denim Pants,Wide Leg
M101077-89182,Mom,Mom,Ticari Malzemeler,Denim All,Denim All,Denim Pantolon,Denim All,Denim All,Denim Pants,Mom
M1010353-84779,Wide Leg,Wide Leg,Ticari Malzemeler,Denim All,Denim All,Denim Pantolon,Denim All,Denim All,Denim Pants,Wide Leg
M101108-83380,Skinny,Skinny,Ticari Malzemeler,Denim All,Denim All,Denim Pantolon,Denim All,Denim All,Denim Pants,Skinny
M1010152-87552,Wide Leg,Wide Leg,Ticari Malzemeler,Denim All,Denim All,Denim Pantolon,Denim All,Denim All,Denim Pants,Wide Leg
M1010914-88716,Wide Leg,Wide Leg,Ticari Malzemeler,Denim All,Denim All,Denim Pantolon,Denim All,Denim All,Denim Pants,Wide Leg
M1010114-83632,Wide Leg,Wide Leg,Ticari Malzemeler,Denim All,Denim All,Denim Pantolon,Denim All,Denim All,Denim Pants,Wide Leg
M1073484987,Super Skinny,Super Skinny,Ticari Malzemeler,Denim All,Denim All,Denim Pantolon,Denim All,Denim All,Denim Pants,Super Skinny
M1081190512,Flare,Flare,Ticari Malzemeler,Denim All,Denim All,Denim Pantolon,,,,
M101048-91000,Slim Straight,Slim Straight,Ticari Malzemeler,Denim All,Denim All,Denim Pantolon,Denim All,Denim All,Denim Pants,Slim Straight
M1012624-90085,Straight,Straight,Ticari Malzemeler,Denim All,Denim All,Denim Pantolon,Denim All,Denim All,Denim Pants,Straight
M100484-86143,Flare,Flare,Ticari Malzemeler,Denim All,Denim All,Denim Pantolon,,,,
M1010530-85815,Straight,Straight,Ticari Malzemeler,Denim All,Denim All,Denim Pantolon,Denim All,Denim All,Denim Pants,Straight
M101047-82297,Straight,Straight,Ticari Malzemeler,Denim All,Denim All,Denim Pantolon,Denim All,Denim All,Denim Pants,Straight
M101114-89965,Boyfriend,Boyfriend,Ticari Malzemeler,Denim All,Denim All,Denim Pantolon,Denim All,Denim All,Denim Pants,Boyfriend
M1010353-84217,Wide Leg,Wide Leg,Ticari Malzemeler,Denim All,Denim All,Denim Pantolon,Denim All,Denim All,Denim Pants,Wide Leg
M100328-86448,Skinny,Skinny,Ticari Malzemeler,Denim All,Denim All,Denim Pantolon,Denim All,Denim All,Denim Pants,Skinny
M101225-85012,Flare,Flare,Ticari Malzemeler,Denim All,Denim All,Denim Pantolon,,,,
M1010938-89237,Baggy,Baggy,Ticari Malzemeler,Denim All,Denim All,Denim Pantolon,Denim All,Denim All,Denim Pants,Baggy
M1073487610,Super Skinny,Super Skinny,Ticari Malzemeler,Denim All,Denim All,Denim Pantolon,Denim All,Denim All,Denim Pants,Super Skinny
M1019788311,Skinny,Skinny,Ticari Malzemeler,Denim All,Denim All,Denim Pantolon,Denim All,Denim All,Denim Pants,Skinny
M1010840-88172,Straight,Straight,Ticari Malzemeler,Denim All,Denim All,Denim Pantolon,Denim All,Denim All,Denim Pants,Straight
M101049-83501,Super Skinny,Super Skinny,Ticari Malzemeler,Denim All,Denim All,Denim Pantolon,Denim All,Denim All,Denim Pants,Super Skinny
M1010339-87574,Skinny,Skinny,Ticari Malzemeler,Denim All,Denim All,Denim Pantolon,Denim All,Denim All,Denim Pants,Skinny
M1010616-88774,Wide Leg,Wide Leg,Ticari Malzemeler,Denim All,Denim All,Denim Pantolon,Denim All,Denim All,Denim Pants,Wide Leg
M1010840-90761,Straight,Straight,Ticari Malzemeler,Denim All,Denim All,Denim Pantolon,Denim All,Denim All,Denim Pants,Straight
M1010490-84803,Slim Straight,Slim Straight,Ticari Malzemeler,Denim All,Denim All,Denim Pantolon,Denim All,Denim All,Denim Pants,Slim Straight
M1010353-85705,Wide Leg,Wide Leg,Ticari Malzemeler,Denim All,Denim All,Denim Pantolon,Denim All,Denim All,Denim Pants,Wide Leg
M1010491-85858,Wide Leg,Wide Leg,Ticari Malzemeler,Denim All,Denim All,Denim Pantolon,Denim All,Denim All,Denim Pants,Wide Leg
M1010677-88898,Boyfriend,Boyfriend,Ticari Malzemeler,Denim All,Denim All,Denim Pantolon,Denim All,Denim All,Denim Pants,Boyfriend
M1010578-89775,Flare,Flare,Ticari Malzemeler,Denim All,Denim All,Denim Pantolon,,,,
M101047-85382,Straight,Straight,Ticari Malzemeler,Denim All,Denim All,Denim Pantolon,Denim All,Denim All,Denim Pants,Straight
M100484-87591,Flare,Flare,Ticari Malzemeler,Denim All,Denim All,Denim Pantolon,,,,
M1073484235,Super Skinny,Super Skinny,Ticari Malzemeler,Denim All,Denim All,Denim Pantolon,Denim All,Denim All,Denim Pants,Super Skinny
M1074684984,Slim Straight,Slim Straight,Ticari Malzemeler,Denim All,Denim All,Denim Pantolon,Denim All,Denim All,Denim Pants,Slim Straight
M101072-83577,Wide Leg,Wide Leg,Ticari Malzemeler,Denim All,Denim All,Denim Pantolon,Denim All,Denim All,Denim Pants,Wide Leg
M101065-31103,Super Skinny,Super Skinny,Ticari Malzemeler,Denim All,Denim All,Denim Pantolon,Denim All,Denim All,Denim Pants,Super Skinny
B1010149-84347,Wide Leg,Wide Leg,Ticari Malzemeler,Denim All,Denim All,Denim Pantolon,Denim All,Denim All,Denim Pants,Wide Leg
M1010857-88391,Baggy,Baggy,Ticari Malzemeler,Denim All,Denim All,Denim Pantolon,Denim All,Denim All,Denim Pants,Baggy
M1010125-90496,Wide Leg,Wide Leg,Ticari Malzemeler,Denim All,Denim All,Denim Pantolon,Denim All,Denim All,Denim Pants,Wide Leg
M1010338-87476,Wide Leg,Wide Leg,Ticari Malzemeler,Denim All,Denim All,Denim Pantolon,Denim All,Denim All,Denim Pants,Wide Leg
M100484-88343,Flare,Flare,Ticari Malzemeler,Denim All,Denim All,Denim Pantolon,,,,
M101225-90073,Flare,Flare,Ticari Malzemeler,Denim All,Denim All,Denim Pantolon,,,,
M100277-21870,Mom,Mom,Ticari Malzemeler,Denim All,Denim All,Denim Pantolon,Denim All,Denim All,Denim Pants,Mom
M1010926-89497,Wide Leg,Wide Leg,Ticari Malzemeler,Denim All,Denim All,Denim Pantolon,Denim All,Denim All,Denim Pants,Wide Leg
M101114-86013,Boyfriend,Boyfriend,Ticari Malzemeler,Denim All,Denim All,Denim Pantolon,Denim All,Denim All,Denim Pants,Boyfriend
M101441-83435,Straight,Straight,Ticari Malzemeler,Denim All,Denim All,Denim Pantolon,Denim All,Denim All,Denim Pants,Straight
M1010762-90528,Straight,Straight,Ticari Malzemeler,Denim All,Denim All,Denim Pantolon,Denim All,Denim All,Denim Pants,Straight
M101077-82194,Mom,Mom,Ticari Malzemeler,Denim All,Denim All,Denim Pantolon,Denim All,Denim All,Denim Pants,Mom
M1010349-91222,Flare,Flare,Ticari Malzemeler,Denim All,Denim All,Denim Pantolon,,,,
M1010152-87588,Wide Leg,Wide Leg,Ticari Malzemeler,Denim All,Denim All,Denim Pantolon,Denim All,Denim All,Denim Pants,Wide Leg
M1074687447,Slim Straight,Slim Straight,Ticari Malzemeler,Denim All,Denim All,Denim Pantolon,Denim All,Denim All,Denim Pants,Slim Straight
M1010791-87927,Other,Denim All,Ticari Malzemeler,Denim All,Denim All,Denim Pantolon,Denim All,Denim Pants,,
M100277-83674,Mom,Mom,Ticari Malzemeler,Denim All,Denim All,Denim Pantolon,Denim All,Denim All,Denim Pants,Mom
M1010599-87360,Wide Leg,Wide Leg,Ticari Malzemeler,Denim All,Denim All,Denim Pantolon,Denim All,Denim All,Denim Pants,Wide Leg
M1010593-87062,Wide Leg,Wide Leg,Ticari Malzemeler,Denim All,Denim All,Denim Pantolon,Denim All,Denim All,Denim Pants,Wide Leg
M1074688922,Slim Straight,Slim Straight,Ticari Malzemeler,Denim All,Denim All,Denim Pantolon,Denim All,Denim All,Denim Pants,Slim Straight
M1073485714,Super Skinny,Super Skinny,Ticari Malzemeler,Denim All,Denim All,Denim Pantolon,Denim All,Denim All,Denim Pants,Super Skinny
M100484-84798,Flare,Flare,Ticari Malzemeler,Denim All,Denim All,Denim Pantolon,,,,
M1010200-89681,Flare,Flare,Ticari Malzemeler,Denim All,Denim All,Denim Pantolon,,,,
M1010349-86236,Flare,Flare,Ticari Malzemeler,Denim All,Denim All,Denim Pantolon,,,,
M1010640-90375,Straight,Straight,Ticari Malzemeler,Denim All,Denim All,Denim Pantolon,Denim All,Denim All,Denim Pants,Straight
M1010677-88323,Boyfriend,Boyfriend,Ticari Malzemeler,Denim All,Denim All,Denim Pantolon,Denim All,Denim All,Denim Pants,Boyfriend
M1074683011,Slim Straight,Slim Straight,Ticari Malzemeler,Denim All,Denim All,Denim Pantolon,Denim All,Denim All,Denim Pants,Slim Straight
M1010727-89942,Wide Leg,Wide Leg,Ticari Malzemeler,Denim All,Denim All,Denim Pantolon,Denim All,Denim All,Denim Pants,Wide Leg
M1011043-89423,Wide Leg,Wide Leg,Ticari Malzemeler,Denim All,Denim All,Denim Pantolon,Denim All,Denim All,Denim Pants,Wide Leg
M1017087463,Boyfriend,Boyfriend,Ticari Malzemeler,Denim All,Denim All,Denim Pantolon,Denim All,Denim All,Denim Pants,Boyfriend
M101441-90524,Straight,Straight,Ticari Malzemeler,Denim All,Denim All,Denim Pantolon,Denim All,Denim All,Denim Pants,Straight
M1010339-84998,Skinny,Skinny,Ticari Malzemeler,Denim All,Denim All,Denim Pantolon,Denim All,Denim All,Denim Pants,Skinny
M100484-91124,Flare,Flare,Ticari Malzemeler,Denim All,Denim All,Denim Pantolon,,,,
M1012690-91121,Baggy,Baggy,Ticari Malzemeler,Denim All,Denim All,Denim Pantolon,Denim All,Denim All,Denim Pants,Baggy
M1010584-86163,Wide Leg,Wide Leg,Ticari Malzemeler,Denim All,Denim All,Denim Pantolon,Denim All,Denim All,Denim Pants,Wide Leg
M101072-84197,Wide Leg,Wide Leg,Ticari Malzemeler,Denim All,Denim All,Denim Pantolon,Denim All,Denim All,Denim Pants,Wide Leg
M101441-83457,Straight,Straight,Ticari Malzemeler,Denim All,Denim All,Denim Pantolon,Denim All,Denim All,Denim Pants,Straight
M101047-85269,Straight,Straight,Ticari Malzemeler,Denim All,Denim All,Denim Pantolon,Denim All,Denim All,Denim Pants,Straight
M101072-85704,Wide Leg,Wide Leg,Ticari Malzemeler,Denim All,Denim All,Denim Pantolon,Denim All,Denim All,Denim Pants,Wide Leg
M1010299-86435,Flare,Flare,Ticari Malzemeler,Denim All,Denim All,Denim Pantolon,,,,
M1073488892,Super Skinny,Super Skinny,Ticari Malzemeler,Denim All,Denim All,Denim Pantolon,Denim All,Denim All,Denim Pants,Super Skinny
M1087289317,Skinny,Skinny,Ticari Malzemeler,Denim All,Denim All,Denim Pantolon,Denim All,Denim All,Denim Pants,Skinny
M101225-80998,Flare,Flare,Ticari Malzemeler,Denim All,Denim All,Denim Pantolon,,,,
M101077-84314,Mom,Mom,Ticari Malzemeler,Denim All,Denim All,Denim Pantolon,Denim All,Denim All,Denim Pants,Mom
M100328-85258,Skinny,Skinny,Ticari Malzemeler,Denim All,Denim All,Denim Pantolon,Denim All,Denim All,Denim Pants,Skinny
M101225-82995,Flare,Flare,Ticari Malzemeler,Denim All,Denim All,Denim Pantolon,,,,
M100328-32092,Skinny,Skinny,Ticari Malzemeler,Denim All,Denim All,Denim Pantolon,Denim All,Denim All,Denim Pants,Skinny
M1049785608,Slim Straight,Slim Straight,Ticari Malzemeler,Denim All,Denim All,Denim Pantolon,Denim All,Denim All,Denim Pants,Slim Straight
M101441-84415,Straight,Straight,Ticari Malzemeler,Denim All,Denim All,Denim Pantolon,Denim All,Denim All,Denim Pants,Straight
M101225-87745,Flare,Flare,Ticari Malzemeler,Denim All,Denim All,Denim Pantolon,,,,
M100484-84987,Flare,Flare,Ticari Malzemeler,Denim All,Denim All,Denim Pantolon,,,,
M100488-86203,Flare,Flare,Ticari Malzemeler,Denim All,Denim All,Denim Pantolon,,,,
M1010338-83399,Wide Leg,Wide Leg,Ticari Malzemeler,Denim All,Denim All,Denim Pantolon,Denim All,Denim All,Denim Pants,Wide Leg
M101077-83748,Mom,Mom,Ticari Malzemeler,Denim All,Denim All,Denim Pantolon,Denim All,Denim All,Denim Pants,Mom
M101441-83924,Straight,Straight,Ticari Malzemeler,Denim All,Denim All,Denim Pantolon,Denim All,Denim All,Denim Pants,Straight
M101072-86476,Wide Leg,Wide Leg,Ticari Malzemeler,Denim All,Denim All,Denim Pantolon,Denim All,Denim All,Denim Pants,Wide Leg
M1010677-86886,Boyfriend,Boyfriend,Ticari Malzemeler,Denim All,Denim All,Denim Pantolon,Denim All,Denim All,Denim Pants,Boyfriend
M1010626-87773,Wide Leg,Wide Leg,Ticari Malzemeler,Denim All,Denim All,Denim Pantolon,Denim All,Denim All,Denim Pants,Wide Leg
M101225-86294,Flare,Flare,Ticari Malzemeler,Denim All,Denim All,Denim Pantolon,,,,
M100277-82292,Mom,Mom,Ticari Malzemeler,Denim All,Denim All,Denim Pantolon,Denim All,Denim All,Denim Pants,Mom
M101114-87461,Boyfriend,Boyfriend,Ticari Malzemeler,Denim All,Denim All,Denim Pantolon,Denim All,Denim All,Denim Pants,Boyfriend
M1072890041,Skinny,Skinny,Ticari Malzemeler,Denim All,Denim All,Denim Pantolon,Denim All,Denim All,Denim Pants,Skinny
M101441-85807,Straight,Straight,Ticari Malzemeler,Denim All,Denim All,Denim Pantolon,Denim All,Denim All,Denim Pants,Straight
M101225-83396,Flare,Flare,Ticari Malzemeler,Denim All,Denim All,Denim Pantolon,,,,
M1010914-88781,Wide Leg,Wide Leg,Ticari Malzemeler,Denim All,Denim All,Denim Pantolon,Denim All,Denim All,Denim Pants,Wide Leg
M100328-84124,Skinny,Skinny,Ticari Malzemeler,Denim All,Denim All,Denim Pantolon,Denim All,Denim All,Denim Pants,Skinny
M1010200-87600,Flare,Flare,Ticari Malzemeler,Denim All,Denim All,Denim Pantolon,,,,
M1010353-86199,Wide Leg,Wide Leg,Ticari Malzemeler,Denim All,Denim All,Denim Pantolon,Denim All,Denim All,Denim Pants,Wide Leg
M1072891117,Skinny,Skinny,Ticari Malzemeler,Denim All,Denim All,Denim Pantolon,Denim All,Denim All,Denim Pants,Skinny
M1081189970,Flare,Flare,Ticari Malzemeler,Denim All,Denim All,Denim Pantolon,,,,
M1070490072,Skinny,Skinny,Ticari Malzemeler,Denim All,Denim All,Denim Pantolon,Denim All,Denim All,Denim Pants,Skinny
M101077-87065,Mom,Mom,Ticari Malzemeler,Denim All,Denim All,Denim Pantolon,Denim All,Denim All,Denim Pants,Mom
M1010349-83696,Flare,Flare,Ticari Malzemeler,Denim All,Denim All,Denim Pantolon,,,,
M1072890054,Skinny,Skinny,Ticari Malzemeler,Denim All,Denim All,Denim Pantolon,Denim All,Denim All,Denim Pants,Skinny
M100277-83662,Mom,Mom,Ticari Malzemeler,Denim All,Denim All,Denim Pantolon,Denim All,Denim All,Denim Pants,Mom
M101441-87371,Straight,Straight,Ticari Malzemeler,Denim All,Denim All,Denim Pantolon,Denim All,Denim All,Denim Pants,Straight
M1010600-90997,Baggy,Baggy,Ticari Malzemeler,Denim All,Denim All,Denim Pantolon,Denim All,Denim All,Denim Pants,Baggy
M1074691328,Slim Straight,Slim Straight,Ticari Malzemeler,Denim All,Denim All,Denim Pantolon,Denim All,Denim All,Denim Pants,Slim Straight
M1072885710,Skinny,Skinny,Ticari Malzemeler,Denim All,Denim All,Denim Pantolon,Denim All,Denim All,Denim Pants,Skinny
M1010593-86897,Wide Leg,Wide Leg,Ticari Malzemeler,Denim All,Denim All,Denim Pantolon,Denim All,Denim All,Denim Pants,Wide Leg
M1010986-89624,Flare,Flare,Ticari Malzemeler,Denim All,Denim All,Denim Pantolon,,,,
M1010532-86457,Flare,Flare,Ticari Malzemeler,Denim All,Denim All,Denim Pantolon,,,,
M101065-82485,Super Skinny,Super Skinny,Ticari Malzemeler,Denim All,Denim All,Denim Pantolon,Denim All,Denim All,Denim Pants,Super Skinny
M1010986-88775,Flare,Flare,Ticari Malzemeler,Denim All,Denim All,Denim Pantolon,,,,
M1018462-91370,Straight,Straight,Ticari Malzemeler,Denim All,Denim All,Denim Pantolon,Denim All,Denim All,Denim Pants,Straight
M1070483573,Skinny,Skinny,Ticari Malzemeler,Denim All,Denim All,Denim Pantolon,Denim All,Denim All,Denim Pants,Skinny
M1010733-88459,Straight,Straight,Ticari Malzemeler,Denim All,Denim All,Denim Pantolon,Denim All,Denim All,Denim Pants,Straight
M1012691-91141,Boyfriend,Boyfriend,Ticari Malzemeler,Denim All,Denim All,Denim Pantolon,Denim All,Denim All,Denim Pants,Boyfriend
M101048-89175,Slim Straight,Slim Straight,Ticari Malzemeler,Denim All,Denim All,Denim Pantolon,Denim All,Denim All,Denim Pants,Slim Straight
M101114-88393,Boyfriend,Boyfriend,Ticari Malzemeler,Denim All,Denim All,Denim Pantolon,Denim All,Denim All,Denim Pants,Boyfriend
M100488-89822,Flare,Flare,Ticari Malzemeler,Denim All,Denim All,Denim Pantolon,,,,
M1010483050,Wide Leg,Wide Leg,Ticari Malzemeler,Denim All,Denim All,Denim Pantolon,Denim All,Denim All,Denim Pants,Wide Leg
M1072883514,Super Skinny,Super Skinny,Ticari Malzemeler,Denim All,Denim All,Denim Pantolon,Denim All,Denim All,Denim Pants,Super Skinny
M1010623-88744,Slim Straight,Slim Straight,Ticari Malzemeler,Denim All,Denim All,Denim Pantolon,Denim All,Denim All,Denim Pants,Slim Straight
M100328-35252,Skinny,Skinny,Ticari Malzemeler,Denim All,Denim All,Denim Pantolon,Denim All,Denim All,Denim Pants,Skinny
M1012617-89997,Wide Leg,Wide Leg,Ticari Malzemeler,Denim All,Denim All,Denim Pantolon,Denim All,Denim All,Denim Pants,Wide Leg
M1012647-90852,Baggy,Baggy,Ticari Malzemeler,Denim All,Denim All,Denim Pantolon,Denim All,Denim All,Denim Pants,Baggy
M1010381-86236,Wide Leg,Wide Leg,Ticari Malzemeler,Denim All,Denim All,Denim Pantolon,Denim All,Denim All,Denim Pants,Wide Leg
M101441-85781,Straight,Straight,Ticari Malzemeler,Denim All,Denim All,Denim Pantolon,Denim All,Denim All,Denim Pants,Straight
M100277-86455,Mom,Mom,Ticari Malzemeler,Denim All,Denim All,Denim Pantolon,Denim All,Denim All,Denim Pants,Mom
M1073483782,Super Skinny,Super Skinny,Ticari Malzemeler,Denim All,Denim All,Denim Pantolon,Denim All,Denim All,Denim Pants,Super Skinny
M1010763-89104,Wide Leg,Wide Leg,Ticari Malzemeler,Denim All,Denim All,Denim Pantolon,Denim All,Denim All,Denim Pants,Wide Leg
M101077-87649,Mom,Mom,Ticari Malzemeler,Denim All,Denim All,Denim Pantolon,Denim All,Denim All,Denim Pants,Mom
M1010914-88717,Wide Leg,Wide Leg,Ticari Malzemeler,Denim All,Denim All,Denim Pantolon,Denim All,Denim All,Denim Pants,Wide Leg
M1010600-90441,Baggy,Baggy,Ticari Malzemeler,Denim All,Denim All,Denim Pantolon,Denim All,Denim All,Denim Pants,Baggy
M101114-90010,Boyfriend,Boyfriend,Ticari Malzemeler,Denim All,Denim All,Denim Pantolon,Denim All,Denim All,Denim Pants,Boyfriend
M1010840-90762,Straight,Straight,Ticari Malzemeler,Denim All,Denim All,Denim Pantolon,Denim All,Denim All,Denim Pants,Straight
M1081184185,Flare,Flare,Ticari Malzemeler,Denim All,Denim All,Denim Pantolon,,,,
M101047-83611,Straight,Straight,Ticari Malzemeler,Denim All,Denim All,Denim Pantolon,Denim All,Denim All,Denim Pants,Straight
M427561-35248,Super Skinny,Super Skinny,Ticari Malzemeler,Denim All,Denim All,Denim Pantolon,Denim All,Denim All,Denim Pants,Super Skinny
M101048-87642,Slim Straight,Slim Straight,Ticari Malzemeler,Denim All,Denim All,Denim Pantolon,Denim All,Denim All,Denim Pants,Slim Straight
M1073490146,Super Skinny,Super Skinny,Ticari Malzemeler,Denim All,Denim All,Denim Pantolon,Denim All,Denim All,Denim Pants,Super Skinny
M100277-90498,Mom,Mom,Ticari Malzemeler,Denim All,Denim All,Denim Pantolon,Denim All,Denim All,Denim Pants,Mom
M1010623-90044,Slim Straight,Slim Straight,Ticari Malzemeler,Denim All,Denim All,Denim Pantolon,Denim All,Denim All,Denim Pants,Slim Straight
M1072887586,Skinny,Skinny,Ticari Malzemeler,Denim All,Denim All,Denim Pantolon,Denim All,Denim All,Denim Pants,Skinny
M1012588-89597,Flare,Flare,Ticari Malzemeler,Denim All,Denim All,Denim Pantolon,,,,
M1010339-86878,Skinny,Skinny,Ticari Malzemeler,Denim All,Denim All,Denim Pantolon,Denim All,Denim All,Denim Pants,Skinny
M1013689955,Flare,Flare,Ticari Malzemeler,Denim All,Denim All,Denim Pantolon,,,,
M1010152-83461,Wide Leg,Wide Leg,Ticari Malzemeler,Denim All,Denim All,Denim Pantolon,Denim All,Denim All,Denim Pants,Wide Leg
M1010530-88460,Straight,Straight,Ticari Malzemeler,Denim All,Denim All,Denim Pantolon,Denim All,Denim All,Denim Pants,Straight
M101072-89235,Wide Leg,Wide Leg,Ticari Malzemeler,Denim All,Denim All,Denim Pantolon,Denim All,Denim All,Denim Pants,Wide Leg
M1081187456,Flare,Flare,Ticari Malzemeler,Denim All,Denim All,Denim Pantolon,,,,
M1010251-85884,Wide Leg,Wide Leg,Ticari Malzemeler,Denim All,Denim All,Denim Pantolon,Denim All,Denim All,Denim Pants,Wide Leg
M100980-82211,Super Skinny,Super Skinny,Ticari Malzemeler,Denim All,Denim All,Denim Pantolon,Denim All,Denim All,Denim Pants,Super Skinny
M1010152-89035,Wide Leg,Wide Leg,Ticari Malzemeler,Denim All,Denim All,Denim Pantolon,Denim All,Denim All,Denim Pants,Wide Leg
M100980-86434,Super Skinny,Super Skinny,Ticari Malzemeler,Denim All,Denim All,Denim Pantolon,Denim All,Denim All,Denim Pants,Super Skinny
M1010152-89688,Wide Leg,Wide Leg,Ticari Malzemeler,Denim All,Denim All,Denim Pantolon,Denim All,Denim All,Denim Pants,Wide Leg
M1072890149,Skinny,Skinny,Ticari Malzemeler,Denim All,Denim All,Denim Pantolon,Denim All,Denim All,Denim Pants,Skinny
M1073490152,Super Skinny,Super Skinny,Ticari Malzemeler,Denim All,Denim All,Denim Pantolon,Denim All,Denim All,Denim Pants,Super Skinny
M1011044-89726,Baggy,Baggy,Ticari Malzemeler,Denim All,Denim All,Denim Pantolon,Denim All,Denim All,Denim Pants,Baggy
M1010578-89774,Flare,Flare,Ticari Malzemeler,Denim All,Denim All,Denim Pantolon,,,,
M100277-88608,Mom,Mom,Ticari Malzemeler,Denim All,Denim All,Denim Pantolon,Denim All,Denim All,Denim Pants,Mom
M100277-87840,Mom,Mom,Ticari Malzemeler,Denim All,Denim All,Denim Pantolon,Denim All,Denim All,Denim Pants,Mom
M1010616-86807,Wide Leg,Wide Leg,Ticari Malzemeler,Denim All,Denim All,Denim Pantolon,Denim All,Denim All,Denim Pants,Wide Leg
M100277-89183,Mom,Mom,Ticari Malzemeler,Denim All,Denim All,Denim Pantolon,Denim All,Denim All,Denim Pants,Mom
M1010200-87615,Flare,Flare,Ticari Malzemeler,Denim All,Denim All,Denim Pantolon,,,,
M1010114-86290,Wide Leg,Wide Leg,Ticari Malzemeler,Denim All,Denim All,Denim Pantolon,Denim All,Denim All,Denim Pants,Wide Leg
M101077-85002,Mom,Mom,Ticari Malzemeler,Denim All,Denim All,Denim Pantolon,Denim All,Denim All,Denim Pants,Mom
M101072-85288,Wide Leg,Wide Leg,Ticari Malzemeler,Denim All,Denim All,Denim Pantolon,Denim All,Denim All,Denim Pants,Wide Leg
M1073483491,Super Skinny,Super Skinny,Ticari Malzemeler,Denim All,Denim All,Denim Pantolon,Denim All,Denim All,Denim Pants,Super Skinny
M1012651-90806,Baggy,Baggy,Ticari Malzemeler,Denim All,Denim All,Denim Pantolon,Denim All,Denim All,Denim Pants,Baggy
M1073486871,Super Skinny,Super Skinny,Ticari Malzemeler,Denim All,Denim All,Denim Pantolon,Denim All,Denim All,Denim Pants,Super Skinny
M1074688339,Slim Straight,Slim Straight,Ticari Malzemeler,Denim All,Denim All,Denim Pantolon,Denim All,Denim All,Denim Pants,Slim Straight
B1010146-84350,Skinny,Skinny,Ticari Malzemeler,Denim All,Denim All,Denim Pantolon,Denim All,Denim All,Denim Pants,Skinny
M1012564-89482,Boyfriend,Boyfriend,Ticari Malzemeler,Denim All,Denim All,Denim Pantolon,Denim All,Denim All,Denim Pants,Boyfriend
M1010553-87470,Straight,Straight,Ticari Malzemeler,Denim All,Denim All,Denim Pantolon,Denim All,Denim All,Denim Pants,Straight
M101441-84801,Straight,Straight,Ticari Malzemeler,Denim All,Denim All,Denim Pantolon,Denim All,Denim All,Denim Pants,Straight
M1067880530,Skinny,Skinny,Ticari Malzemeler,Denim All,Denim All,Denim Pantolon,Denim All,Denim All,Denim Pants,Skinny
M1010593-86722,Wide Leg,Wide Leg,Ticari Malzemeler,Denim All,Denim All,Denim Pantolon,Denim All,Denim All,Denim Pants,Wide Leg
M1074632536,Slim Straight,Slim Straight,Ticari Malzemeler,Denim All,Denim All,Denim Pantolon,Denim All,Denim All,Denim Pants,Slim Straight
M1010120-81220,Boyfriend,Boyfriend,Ticari Malzemeler,Denim All,Denim All,Denim Pantolon,Denim All,Denim All,Denim Pants,Boyfriend
M101077-87109,Mom,Mom,Ticari Malzemeler,Denim All,Denim All,Denim Pantolon,Denim All,Denim All,Denim Pants,Mom
M1010039-84204,Skinny,Skinny,Ticari Malzemeler,Denim All,Denim All,Denim Pantolon,Denim All,Denim All,Denim Pants,Skinny
M1010200-86117,Flare,Flare,Ticari Malzemeler,Denim All,Denim All,Denim Pantolon,,,,
M1010381-86120,Wide Leg,Wide Leg,Ticari Malzemeler,Denim All,Denim All,Denim Pantolon,Denim All,Denim All,Denim Pants,Wide Leg
M101072-83604,Wide Leg,Wide Leg,Ticari Malzemeler,Denim All,Denim All,Denim Pantolon,Denim All,Denim All,Denim Pants,Wide Leg
M100328-84205,Skinny,Skinny,Ticari Malzemeler,Denim All,Denim All,Denim Pantolon,Denim All,Denim All,Denim Pants,Skinny
M1049783049,Slim Straight,Slim Straight,Ticari Malzemeler,Denim All,Denim All,Denim Pantolon,Denim All,Denim All,Denim Pants,Slim Straight
M1072884982,Super Skinny,Super Skinny,Ticari Malzemeler,Denim All,Denim All,Denim Pantolon,Denim All,Denim All,Denim Pants,Super Skinny
M101077-86470,Mom,Mom,Ticari Malzemeler,Denim All,Denim All,Denim Pantolon,Denim All,Denim All,Denim Pants,Mom
M1012567-89482,Skinny,Skinny,Ticari Malzemeler,Denim All,Denim All,Denim Pantolon,Denim All,Denim All,Denim Pants,Skinny
M101441-87636,Straight,Straight,Ticari Malzemeler,Denim All,Denim All,Denim Pantolon,Denim All,Denim All,Denim Pants,Straight
M100277-84087,Mom,Mom,Ticari Malzemeler,Denim All,Denim All,Denim Pantolon,Denim All,Denim All,Denim Pants,Mom
M1012560-89473,Boyfriend,Boyfriend,Ticari Malzemeler,Denim All,Denim All,Denim Pantolon,Denim All,Denim All,Denim Pants,Boyfriend
B1012696-90121,Straight,Straight,Ticari Malzemeler,Denim All,Denim All,Denim Pantolon,Denim All,Denim All,Denim Pants,Straight
M100328-80979,Skinny,Skinny,Ticari Malzemeler,Denim All,Denim All,Denim Pantolon,Denim All,Denim All,Denim Pants,Skinny
M101225-86811,Flare,Flare,Ticari Malzemeler,Denim All,Denim All,Denim Pantolon,,,,
M101072-86870,Wide Leg,Wide Leg,Ticari Malzemeler,Denim All,Denim All,Denim Pantolon,Denim All,Denim All,Denim Pants,Wide Leg
M1010071-85132,Flare,Flare,Ticari Malzemeler,Denim All,Denim All,Denim Pantolon,,,,
M1010338-84788,Wide Leg,Wide Leg,Ticari Malzemeler,Denim All,Denim All,Denim Pantolon,Denim All,Denim All,Denim Pants,Wide Leg
M101114-88724,Boyfriend,Boyfriend,Ticari Malzemeler,Denim All,Denim All,Denim Pantolon,Denim All,Denim All,Denim Pants,Boyfriend
M1072883437,Super Skinny,Super Skinny,Ticari Malzemeler,Denim All,Denim All,Denim Pantolon,Denim All,Denim All,Denim Pants,Super Skinny
M101072-90488,Wide Leg,Wide Leg,Ticari Malzemeler,Denim All,Denim All,Denim Pantolon,Denim All,Denim All,Denim Pants,Wide Leg
M1010530-90504,Straight,Straight,Ticari Malzemeler,Denim All,Denim All,Denim Pantolon,Denim All,Denim All,Denim Pants,Straight
M1010936-89258,Straight,Straight,Ticari Malzemeler,Denim All,Denim All,Denim Pantolon,Denim All,Denim All,Denim Pants,Straight
M101077-32048,Mom,Mom,Ticari Malzemeler,Denim All,Denim All,Denim Pantolon,Denim All,Denim All,Denim Pants,Mom
M1019783489,Skinny,Skinny,Ticari Malzemeler,Denim All,Denim All,Denim Pantolon,Denim All,Denim All,Denim Pants,Skinny
M101047-83511,Straight,Straight,Ticari Malzemeler,Denim All,Denim All,Denim Pantolon,Denim All,Denim All,Denim Pants,Straight
M1070485737,Skinny,Skinny,Ticari Malzemeler,Denim All,Denim All,Denim Pantolon,Denim All,Denim All,Denim Pants,Skinny
M1012634-90598,Wide Leg,Wide Leg,Ticari Malzemeler,Denim All,Denim All,Denim Pantolon,Denim All,Denim All,Denim Pants,Wide Leg
M101225-89568,Flare,Flare,Ticari Malzemeler,Denim All,Denim All,Denim Pantolon,,,,
M1011044-89424,Baggy,Baggy,Ticari Malzemeler,Denim All,Denim All,Denim Pantolon,Denim All,Denim All,Denim Pants,Baggy
M101441-88989,Straight,Straight,Ticari Malzemeler,Denim All,Denim All,Denim Pantolon,Denim All,Denim All,Denim Pants,Straight
M100980-89167,Super Skinny,Super Skinny,Ticari Malzemeler,Denim All,Denim All,Denim Pantolon,Denim All,Denim All,Denim Pants,Super Skinny
M1081188726,Flare,Flare,Ticari Malzemeler,Denim All,Denim All,Denim Pantolon,,,,
M1074683386,Slim Straight,Slim Straight,Ticari Malzemeler,Denim All,Denim All,Denim Pantolon,Denim All,Denim All,Denim Pants,Slim Straight
M101437-87761,Flare,Flare,Ticari Malzemeler,Denim All,Denim All,Denim Pantolon,,,,
M1012634-90120,Wide Leg,Wide Leg,Ticari Malzemeler,Denim All,Denim All,Denim Pantolon,Denim All,Denim All,Denim Pants,Wide Leg
M1010152-85138,Wide Leg,Wide Leg,Ticari Malzemeler,Denim All,Denim All,Denim Pantolon,Denim All,Denim All,Denim Pants,Wide Leg
M101048-83409,Slim Straight,Slim Straight,Ticari Malzemeler,Denim All,Denim All,Denim Pantolon,Denim All,Denim All,Denim Pants,Slim Straight
M1072890145,Skinny,Skinny,Ticari Malzemeler,Denim All,Denim All,Denim Pantolon,Denim All,Denim All,Denim Pants,Skinny
M1010600-87058,Baggy,Baggy,Ticari Malzemeler,Denim All,Denim All,Denim Pantolon,Denim All,Denim All,Denim Pants,Baggy
M1012578-86459,Slim Straight,Slim Straight,Ticari Malzemeler,Denim All,Denim All,Denim Pantolon,Denim All,Denim All,Denim Pants,Slim Straight
M100277-89185,Mom,Mom,Ticari Malzemeler,Denim All,Denim All,Denim Pantolon,Denim All,Denim All,Denim Pants,Mom
M1074680996,Slim Straight,Slim Straight,Ticari Malzemeler,Denim All,Denim All,Denim Pantolon,Denim All,Denim All,Denim Pants,Slim Straight
M1010627-90531,Straight,Straight,Ticari Malzemeler,Denim All,Denim All,Denim Pantolon,Denim All,Denim All,Denim Pants,Straight
M1081183390,Flare,Flare,Ticari Malzemeler,Denim All,Denim All,Denim Pantolon,,,,
M1010530-86123,Straight,Straight,Ticari Malzemeler,Denim All,Denim All,Denim Pantolon,Denim All,Denim All,Denim Pants,Straight
M1074689974,Slim Straight,Slim Straight,Ticari Malzemeler,Denim All,Denim All,Denim Pantolon,Denim All,Denim All,Denim Pants,Slim Straight
B1010394-84345,Straight,Straight,Ticari Malzemeler,Denim All,Denim All,Denim Pantolon,Denim All,Denim All,Denim Pants,Straight
M1010600-91207,Baggy,Baggy,Ticari Malzemeler,Denim All,Denim All,Denim Pantolon,Denim All,Denim All,Denim Pants,Baggy
M1072887627,Skinny,Skinny,Ticari Malzemeler,Denim All,Denim All,Denim Pantolon,Denim All,Denim All,Denim Pants,Skinny
M101048-85290,Slim Straight,Slim Straight,Ticari Malzemeler,Denim All,Denim All,Denim Pantolon,Denim All,Denim All,Denim Pants,Slim Straight
M1070489676,Skinny,Skinny,Ticari Malzemeler,Denim All,Denim All,Denim Pantolon,Denim All,Denim All,Denim Pants,Skinny
M1010623-89667,Slim Straight,Slim Straight,Ticari Malzemeler,Denim All,Denim All,Denim Pantolon,Denim All,Denim All,Denim Pants,Slim Straight
M1010152-86465,Wide Leg,Wide Leg,Ticari Malzemeler,Denim All,Denim All,Denim Pantolon,Denim All,Denim All,Denim Pants,Wide Leg
M1010960-89248,Wide Leg,Wide Leg,Ticari Malzemeler,Denim All,Denim All,Denim Pantolon,Denim All,Denim All,Denim Pants,Wide Leg
M1010600-88244,Baggy,Baggy,Ticari Malzemeler,Denim All,Denim All,Denim Pantolon,Denim All,Denim All,Denim Pants,Baggy
M101225-89221,Flare,Flare,Ticari Malzemeler,Denim All,Denim All,Denim Pantolon,,,,
M1010125-85270,Wide Leg,Wide Leg,Ticari Malzemeler,Denim All,Denim All,Denim Pantolon,Denim All,Denim All,Denim Pants,Wide Leg
M100484-90046,Flare,Flare,Ticari Malzemeler,Denim All,Denim All,Denim Pantolon,,,,
M1073484798,Super Skinny,Super Skinny,Ticari Malzemeler,Denim All,Denim All,Denim Pantolon,Denim All,Denim All,Denim Pants,Super Skinny
M1010600-91132,Baggy,Baggy,Ticari Malzemeler,Denim All,Denim All,Denim Pantolon,Denim All,Denim All,Denim Pants,Baggy
M1073488303,Super Skinny,Super Skinny,Ticari Malzemeler,Denim All,Denim All,Denim Pantolon,Denim All,Denim All,Denim Pants,Super Skinny
M1012625-90557,Wide Leg,Wide Leg,Ticari Malzemeler,Denim All,Denim All,Denim Pantolon,Denim All,Denim All,Denim Pants,Wide Leg
M101560-84323,Flare,Flare,Ticari Malzemeler,Denim All,Denim All,Denim Pantolon,,,,
M1010530-87584,Straight,Straight,Ticari Malzemeler,Denim All,Denim All,Denim Pantolon,Denim All,Denim All,Denim Pants,Straight
M101077-83505,Mom,Mom,Ticari Malzemeler,Denim All,Denim All,Denim Pantolon,Denim All,Denim All,Denim Pants,Mom
M101077-85284,Mom,Mom,Ticari Malzemeler,Denim All,Denim All,Denim Pantolon,Denim All,Denim All,Denim Pants,Mom
M1010857-91051,Baggy,Baggy,Ticari Malzemeler,Denim All,Denim All,Denim Pantolon,Denim All,Denim All,Denim Pants,Baggy
M101077-83669,Mom,Mom,Ticari Malzemeler,Denim All,Denim All,Denim Pantolon,Denim All,Denim All,Denim Pants,Mom
M101225-88389,Flare,Flare,Ticari Malzemeler,Denim All,Denim All,Denim Pantolon,,,,
M1010456-80668,Wide Leg,Wide Leg,Ticari Malzemeler,Denim All,Denim All,Denim Pantolon,Denim All,Denim All,Denim Pants,Wide Leg
M1072887607,Skinny,Skinny,Ticari Malzemeler,Denim All,Denim All,Denim Pantolon,Denim All,Denim All,Denim Pants,Skinny
M101441-84337,Straight,Straight,Ticari Malzemeler,Denim All,Denim All,Denim Pantolon,Denim All,Denim All,Denim Pants,Straight
M100277-86393,Mom,Mom,Ticari Malzemeler,Denim All,Denim All,Denim Pantolon,Denim All,Denim All,Denim Pants,Mom
M101077-31868,Mom,Mom,Ticari Malzemeler,Denim All,Denim All,Denim Pantolon,Denim All,Denim All,Denim Pants,Mom
M1010840-91327,Straight,Straight,Ticari Malzemeler,Denim All,Denim All,Denim Pantolon,Denim All,Denim All,Denim Pants,Straight
M1010849-88257,Baggy,Baggy,Ticari Malzemeler,Denim All,Denim All,Denim Pantolon,Denim All,Denim All,Denim Pants,Baggy
M101225-84781,Flare,Flare,Ticari Malzemeler,Denim All,Denim All,Denim Pantolon,,,,
M101077-90534,Mom,Mom,Ticari Malzemeler,Denim All,Denim All,Denim Pantolon,Denim All,Denim All,Denim Pants,Mom
M1010640-87927,Straight,Straight,Ticari Malzemeler,Denim All,Denim All,Denim Pantolon,Denim All,Denim All,Denim Pants,Straight
M1010616-87476,Wide Leg,Wide Leg,Ticari Malzemeler,Denim All,Denim All,Denim Pantolon,Denim All,Denim All,Denim Pants,Wide Leg
M1074687451,Slim Straight,Slim Straight,Ticari Malzemeler,Denim All,Denim All,Denim Pantolon,Denim All,Denim All,Denim Pants,Slim Straight
M1013689989,Flare,Flare,Ticari Malzemeler,Denim All,Denim All,Denim Pantolon,,,,
M101441-88988,Straight,Straight,Ticari Malzemeler,Denim All,Denim All,Denim Pantolon,Denim All,Denim All,Denim Pants,Straight
M1073486891,Super Skinny,Super Skinny,Ticari Malzemeler,Denim All,Denim All,Denim Pantolon,Denim All,Denim All,Denim Pants,Super Skinny
M1010600-86334,Baggy,Baggy,Ticari Malzemeler,Denim All,Denim All,Denim Pantolon,Denim All,Denim All,Denim Pants,Baggy
M101114-83385,Boyfriend,Boyfriend,Ticari Malzemeler,Denim All,Denim All,Denim Pantolon,Denim All,Denim All,Denim Pants,Boyfriend
M1018268-91370,Straight,Straight,Ticari Malzemeler,Denim All,Denim All,Denim Pantolon,Denim All,Denim All,Denim Pants,Straight
M1070483496,Skinny,Skinny,Ticari Malzemeler,Denim All,Denim All,Denim Pantolon,Denim All,Denim All,Denim Pants,Skinny
M1012570-88736,Wide Leg,Wide Leg,Ticari Malzemeler,Denim All,Denim All,Denim Pantolon,Denim All,Denim All,Denim Pants,Wide Leg
M1010200-87599,Flare,Flare,Ticari Malzemeler,Denim All,Denim All,Denim Pantolon,,,,
M1010616-87480,Wide Leg,Wide Leg,Ticari Malzemeler,Denim All,Denim All,Denim Pantolon,Denim All,Denim All,Denim Pants,Wide Leg
M1010749-88243,Straight,Straight,Ticari Malzemeler,Denim All,Denim All,Denim Pantolon,Denim All,Denim All,Denim Pants,Straight
M1010299-86403,Flare,Flare,Ticari Malzemeler,Denim All,Denim All,Denim Pantolon,,,,
M101441-87791,Straight,Straight,Ticari Malzemeler,Denim All,Denim All,Denim Pantolon,Denim All,Denim All,Denim Pants,Straight
M1010640-86607,Straight,Straight,Ticari Malzemeler,Denim All,Denim All,Denim Pantolon,Denim All,Denim All,Denim Pants,Straight
M1010986-91052,Flare,Flare,Ticari Malzemeler,Denim All,Denim All,Denim Pantolon,,,,
M101441-86296,Straight,Straight,Ticari Malzemeler,Denim All,Denim All,Denim Pantolon,Denim All,Denim All,Denim Pants,Straight
M1010200-84306,Flare,Flare,Ticari Malzemeler,Denim All,Denim All,Denim Pantolon,,,,
M101180-85013,Straight,Straight,Ticari Malzemeler,Denim All,Denim All,Denim Pantolon,Denim All,Denim All,Denim Pants,Straight
M101489-80543,Flare,Flare,Ticari Malzemeler,Denim All,Denim All,Denim Pantolon,,,,
M1074689679,Slim Straight,Slim Straight,Ticari Malzemeler,Denim All,Denim All,Denim Pantolon,Denim All,Denim All,Denim Pants,Slim Straight
M1010486785,Wide Leg,Wide Leg,Ticari Malzemeler,Denim All,Denim All,Denim Pantolon,Denim All,Denim All,Denim Pants,Wide Leg
M1010152-91221,Wide Leg,Wide Leg,Ticari Malzemeler,Denim All,Denim All,Denim Pantolon,Denim All,Denim All,Denim Pants,Wide Leg
M1010530-91129,Straight,Straight,Ticari Malzemeler,Denim All,Denim All,Denim Pantolon,Denim All,Denim All,Denim Pants,Straight
M1010616-86230,Wide Leg,Wide Leg,Ticari Malzemeler,Denim All,Denim All,Denim Pantolon,Denim All,Denim All,Denim Pants,Wide Leg
M101047-90494,Straight,Straight,Ticari Malzemeler,Denim All,Denim All,Denim Pantolon,Denim All,Denim All,Denim Pants,Straight
M100980-82996,Super Skinny,Super Skinny,Ticari Malzemeler,Denim All,Denim All,Denim Pantolon,Denim All,Denim All,Denim Pants,Super Skinny
M1074691134,Straight,Straight,Ticari Malzemeler,Denim All,Denim All,Denim Pantolon,Denim All,Denim All,Denim Pants,Straight
M101114-83389,Boyfriend,Boyfriend,Ticari Malzemeler,Denim All,Denim All,Denim Pantolon,Denim All,Denim All,Denim Pants,Boyfriend
M101441-88641,Renkli Denim,Colored Denims,Ticari Malzemeler,Denim All,Denim All,Denim Pantolon,Denim All,Denim All,Denim Pants,Colored Denims
M1010840-89107,Straight,Straight,Ticari Malzemeler,Denim All,Denim All,Denim Pantolon,Denim All,Denim All,Denim Pants,Straight
M1011044-89571,Baggy,Baggy,Ticari Malzemeler,Denim All,Denim All,Denim Pantolon,Denim All,Denim All,Denim Pants,Baggy
M100328-82212,Skinny,Skinny,Ticari Malzemeler,Denim All,Denim All,Denim Pantolon,Denim All,Denim All,Denim Pants,Skinny
M101453-86458,Mom,Mom,Ticari Malzemeler,Denim All,Denim All,Denim Pantolon,Denim All,Denim All,Denim Pants,Mom
M101065-34716,Super Skinny,Super Skinny,Ticari Malzemeler,Denim All,Denim All,Denim Pantolon,Denim All,Denim All,Denim Pants,Super Skinny
M100980-87797,Super Skinny,Super Skinny,Ticari Malzemeler,Denim All,Denim All,Denim Pantolon,Denim All,Denim All,Denim Pants,Super Skinny
M1010858-91143,Wide Leg,Wide Leg,Ticari Malzemeler,Denim All,Denim All,Denim Pantolon,Denim All,Denim All,Denim Pants,Wide Leg
M101225-86889,Flare,Flare,Ticari Malzemeler,Denim All,Denim All,Denim Pantolon,,,,
M1072887590,Skinny,Skinny,Ticari Malzemeler,Denim All,Denim All,Denim Pantolon,Denim All,Denim All,Denim Pants,Skinny
M1010593-88337,Wide Leg,Wide Leg,Ticari Malzemeler,Denim All,Denim All,Denim Pantolon,Denim All,Denim All,Denim Pants,Wide Leg
M101114-86011,Boyfriend,Boyfriend,Ticari Malzemeler,Denim All,Denim All,Denim Pantolon,Denim All,Denim All,Denim Pants,Boyfriend
M1018987612,Straight,Straight,Ticari Malzemeler,Denim All,Denim All,Denim Pantolon,Denim All,Denim All,Denim Pants,Straight
M1010938-89230,Baggy,Baggy,Ticari Malzemeler,Denim All,Denim All,Denim Pantolon,Denim All,Denim All,Denim Pants,Baggy
M101441-86787,Straight,Straight,Ticari Malzemeler,Denim All,Denim All,Denim Pantolon,Denim All,Denim All,Denim Pants,Straight
M1017088782,Boyfriend,Boyfriend,Ticari Malzemeler,Denim All,Denim All,Denim Pantolon,Denim All,Denim All,Denim Pants,Boyfriend
M1074687783,Slim Straight,Slim Straight,Ticari Malzemeler,Denim All,Denim All,Denim Pantolon,Denim All,Denim All,Denim Pants,Slim Straight
M1010733-88457,Straight,Straight,Ticari Malzemeler,Denim All,Denim All,Denim Pantolon,Denim All,Denim All,Denim Pants,Straight
M100328-81360,Skinny,Skinny,Ticari Malzemeler,Denim All,Denim All,Denim Pantolon,Denim All,Denim All,Denim Pants,Skinny
M1010763-88582,Wide Leg,Wide Leg,Ticari Malzemeler,Denim All,Denim All,Denim Pantolon,Denim All,Denim All,Denim Pants,Wide Leg
M101437-89192,Flare,Flare,Ticari Malzemeler,Denim All,Denim All,Denim Pantolon,,,,
M1070483512,Skinny,Skinny,Ticari Malzemeler,Denim All,Denim All,Denim Pantolon,Denim All,Denim All,Denim Pants,Skinny
M101077-30503,Mom,Mom,Ticari Malzemeler,Denim All,Denim All,Denim Pantolon,Denim All,Denim All,Denim Pants,Mom
M1010595-86719,Baggy,Baggy,Ticari Malzemeler,Denim All,Denim All,Denim Pantolon,Denim All,Denim All,Denim Pants,Baggy
M1010458-80668,Wide Leg,Wide Leg,Ticari Malzemeler,Denim All,Denim All,Denim Pantolon,Denim All,Denim All,Denim Pants,Wide Leg
M1010353-87461,Wide Leg,Wide Leg,Ticari Malzemeler,Denim All,Denim All,Denim Pantolon,Denim All,Denim All,Denim Pants,Wide Leg
M1012566-89482,Mom,Mom,Ticari Malzemeler,Denim All,Denim All,Denim Pantolon,Denim All,Denim All,Denim Pants,Mom
M101153-88980,Baggy,Baggy,Ticari Malzemeler,Denim All,Denim All,Denim Pantolon,Denim All,Denim All,Denim Pants,Baggy
M101437-85292,Flare,Flare,Ticari Malzemeler,Denim All,Denim All,Denim Pantolon,,,,
M1010623-88896,Slim Straight,Slim Straight,Ticari Malzemeler,Denim All,Denim All,Denim Pantolon,Denim All,Denim All,Denim Pants,Slim Straight
M1074689953,Slim Straight,Slim Straight,Ticari Malzemeler,Denim All,Denim All,Denim Pantolon,Denim All,Denim All,Denim Pants,Slim Straight
M101072-84808,Wide Leg,Wide Leg,Ticari Malzemeler,Denim All,Denim All,Denim Pantolon,Denim All,Denim All,Denim Pants,Wide Leg
M101077-86883,Mom,Mom,Ticari Malzemeler,Denim All,Denim All,Denim Pantolon,Denim All,Denim All,Denim Pants,Mom
M1010615-86396,Wide Leg,Wide Leg,Ticari Malzemeler,Denim All,Denim All,Denim Pantolon,Denim All,Denim All,Denim Pants,Wide Leg
M1074690508,Slim Straight,Slim Straight,Ticari Malzemeler,Denim All,Denim All,Denim Pantolon,Denim All,Denim All,Denim Pants,Slim Straight
M101298-83471,Slim Straight,Slim Straight,Ticari Malzemeler,Denim All,Denim All,Denim Pantolon,Denim All,Denim All,Denim Pants,Slim Straight
M1010755-90064,Wide Leg,Wide Leg,Ticari Malzemeler,Denim All,Denim All,Denim Pantolon,Denim All,Denim All,Denim Pants,Wide Leg
M1013688115,Flare,Flare,Ticari Malzemeler,Denim All,Denim All,Denim Pantolon,,,,
M101441-90523,Straight,Straight,Ticari Malzemeler,Denim All,Denim All,Denim Pantolon,Denim All,Denim All,Denim Pants,Straight
M100328-84072,Skinny,Skinny,Ticari Malzemeler,Denim All,Denim All,Denim Pantolon,Denim All,Denim All,Denim Pants,Skinny
M1070484214,Skinny,Skinny,Ticari Malzemeler,Denim All,Denim All,Denim Pantolon,Denim All,Denim All,Denim Pants,Skinny
M1010754-88187,Baggy,Baggy,Ticari Malzemeler,Denim All,Denim All,Denim Pantolon,Denim All,Denim All,Denim Pants,Baggy
M101225-85718,Flare,Flare,Ticari Malzemeler,Denim All,Denim All,Denim Pantolon,,,,
M1074690056,Slim Straight,Slim Straight,Ticari Malzemeler,Denim All,Denim All,Denim Pantolon,Denim All,Denim All,Denim Pants,Slim Straight
M1010809-88162,Wide Leg,Wide Leg,Ticari Malzemeler,Denim All,Denim All,Denim Pantolon,Denim All,Denim All,Denim Pants,Wide Leg
M1010857-88744,Baggy,Baggy,Ticari Malzemeler,Denim All,Denim All,Denim Pantolon,Denim All,Denim All,Denim Pants,Baggy
M1072885017,Super Skinny,Super Skinny,Ticari Malzemeler,Denim All,Denim All,Denim Pantolon,Denim All,Denim All,Denim Pants,Super Skinny
M101225-88485,Flare,Flare,Ticari Malzemeler,Denim All,Denim All,Denim Pantolon,,,,
M1070488996,Skinny,Skinny,Ticari Malzemeler,Denim All,Denim All,Denim Pantolon,Denim All,Denim All,Denim Pants,Skinny
M1012570-88270,Wide Leg,Wide Leg,Ticari Malzemeler,Denim All,Denim All,Denim Pantolon,Denim All,Denim All,Denim Pants,Wide Leg
M1010381-84401,Wide Leg,Wide Leg,Ticari Malzemeler,Denim All,Denim All,Denim Pantolon,Denim All,Denim All,Denim Pants,Wide Leg
M101153-90052,Baggy,Baggy,Ticari Malzemeler,Denim All,Denim All,Denim Pantolon,Denim All,Denim All,Denim Pants,Baggy
M101072-89263,Wide Leg,Wide Leg,Ticari Malzemeler,Denim All,Denim All,Denim Pantolon,Denim All,Denim All,Denim Pants,Wide Leg
M101441-84804,Straight,Straight,Ticari Malzemeler,Denim All,Denim All,Denim Pantolon,Denim All,Denim All,Denim Pants,Straight
M101225-86715,Flare,Flare,Ticari Malzemeler,Denim All,Denim All,Denim Pantolon,,,,
M101213-83825,Mom,Mom,Ticari Malzemeler,Denim All,Denim All,Denim Pantolon,Denim All,Denim All,Denim Pants,Mom
M1012690-91138,Baggy,Baggy,Ticari Malzemeler,Denim All,Denim All,Denim Pantolon,Denim All,Denim All,Denim Pants,Baggy
M1010152-89686,Wide Leg,Wide Leg,Ticari Malzemeler,Denim All,Denim All,Denim Pantolon,Denim All,Denim All,Denim Pants,Wide Leg
M1073489701,Super Skinny,Super Skinny,Ticari Malzemeler,Denim All,Denim All,Denim Pantolon,Denim All,Denim All,Denim Pants,Super Skinny
M101560-83397,Flare,Flare,Ticari Malzemeler,Denim All,Denim All,Denim Pantolon,,,,
M1010763-89244,Wide Leg,Wide Leg,Ticari Malzemeler,Denim All,Denim All,Denim Pantolon,Denim All,Denim All,Denim Pants,Wide Leg
M101432-83831,Straight,Straight,Ticari Malzemeler,Denim All,Denim All,Denim Pantolon,Denim All,Denim All,Denim Pants,Straight
M101441-89978,Straight,Straight,Ticari Malzemeler,Denim All,Denim All,Denim Pantolon,Denim All,Denim All,Denim Pants,Straight
M1010235-85863,Straight,Straight,Ticari Malzemeler,Denim All,Denim All,Denim Pantolon,Denim All,Denim All,Denim Pants,Straight
M1074688338,Slim Straight,Slim Straight,Ticari Malzemeler,Denim All,Denim All,Denim Pantolon,Denim All,Denim All,Denim Pants,Slim Straight
M1081188723,Flare,Flare,Ticari Malzemeler,Denim All,Denim All,Denim Pantolon,,,,
B1010394-88489,Straight,Straight,Ticari Malzemeler,Denim All,Denim All,Denim Pantolon,Denim All,Denim All,Denim Pants,Straight
M1067883648,Skinny,Skinny,Ticari Malzemeler,Denim All,Denim All,Denim Pantolon,Denim All,Denim All,Denim Pants,Skinny
M1072884210,Super Skinny,Super Skinny,Ticari Malzemeler,Denim All,Denim All,Denim Pantolon,Denim All,Denim All,Denim Pants,Super Skinny
M101453-84409,Mom,Mom,Ticari Malzemeler,Denim All,Denim All,Denim Pantolon,Denim All,Denim All,Denim Pants,Mom
M101225-83679,Flare,Flare,Ticari Malzemeler,Denim All,Denim All,Denim Pantolon,,,,
M100277-86454,Mom,Mom,Ticari Malzemeler,Denim All,Denim All,Denim Pantolon,Denim All,Denim All,Denim Pants,Mom
M1072884976,Super Skinny,Super Skinny,Ticari Malzemeler,Denim All,Denim All,Denim Pantolon,Denim All,Denim All,Denim Pants,Super Skinny
M1070491123,Skinny,Skinny,Ticari Malzemeler,Denim All,Denim All,Denim Pantolon,Denim All,Denim All,Denim Pants,Skinny
M1010125-83757,Wide Leg,Wide Leg,Ticari Malzemeler,Denim All,Denim All,Denim Pantolon,Denim All,Denim All,Denim Pants,Wide Leg
M1010200-86888,Flare,Flare,Ticari Malzemeler,Denim All,Denim All,Denim Pantolon,,,,
M1020585267,Boyfriend,Boyfriend,Ticari Malzemeler,Denim All,Denim All,Denim Pantolon,Denim All,Denim All,Denim Pants,Boyfriend
M101441-88776,Straight,Straight,Ticari Malzemeler,Denim All,Denim All,Denim Pantolon,Denim All,Denim All,Denim Pants,Straight
M101354-85535,Mom,Mom,Ticari Malzemeler,Denim All,Denim All,Denim Pantolon,Denim All,Denim All,Denim Pants,Mom
M101225-88779,Flare,Flare,Ticari Malzemeler,Denim All,Denim All,Denim Pantolon,,,,
M101441-84775,Straight,Straight,Ticari Malzemeler,Denim All,Denim All,Denim Pantolon,Denim All,Denim All,Denim Pants,Straight
M1081183386,Flare,Flare,Ticari Malzemeler,Denim All,Denim All,Denim Pantolon,,,,
M100980-33430,Super Skinny,Super Skinny,Ticari Malzemeler,Denim All,Denim All,Denim Pantolon,Denim All,Denim All,Denim Pants,Super Skinny
M101072-84308,Wide Leg,Wide Leg,Ticari Malzemeler,Denim All,Denim All,Denim Pantolon,Denim All,Denim All,Denim Pants,Wide Leg
M100484-90077,Flare,Flare,Ticari Malzemeler,Denim All,Denim All,Denim Pantolon,,,,
M101225-84783,Flare,Flare,Ticari Malzemeler,Denim All,Denim All,Denim Pantolon,,,,
M101225-84341,Flare,Flare,Ticari Malzemeler,Denim All,Denim All,Denim Pantolon,,,,
M1072884236,Super Skinny,Super Skinny,Ticari Malzemeler,Denim All,Denim All,Denim Pantolon,Denim All,Denim All,Denim Pants,Super Skinny
M101225-88481,Other,Fashion Woven Pants,Ticari Malzemeler,Denim All,Denim All,Denim Pantolon,Denim All,Denim All,Denim Pants,Fashion Woven Pants
M100328-84498,Skinny,Skinny,Ticari Malzemeler,Denim All,Denim All,Denim Pantolon,Denim All,Denim All,Denim Pants,Skinny
M1070487594,Skinny,Skinny,Ticari Malzemeler,Denim All,Denim All,Denim Pantolon,Denim All,Denim All,Denim Pants,Skinny
M101225-86720,Flare,Flare,Ticari Malzemeler,Denim All,Denim All,Denim Pantolon,,,,
M1070491136,Skinny,Skinny,Ticari Malzemeler,Denim All,Denim All,Denim Pantolon,Denim All,Denim All,Denim Pants,Skinny
M101225-91212,Flare,Flare,Ticari Malzemeler,Denim All,Denim All,Denim Pantolon,,,,
M101077-84412,Mom,Mom,Ticari Malzemeler,Denim All,Denim All,Denim Pantolon,Denim All,Denim All,Denim Pants,Mom
M1013686812,Flare,Flare,Ticari Malzemeler,Denim All,Denim All,Denim Pantolon,,,,
M1010251-86852,Wide Leg,Wide Leg,Ticari Malzemeler,Denim All,Denim All,Denim Pantolon,Denim All,Denim All,Denim Pants,Wide Leg
M101114-84766,Boyfriend,Boyfriend,Ticari Malzemeler,Denim All,Denim All,Denim Pantolon,Denim All,Denim All,Denim Pants,Boyfriend
M1010763-91067,Wide Leg,Wide Leg,Ticari Malzemeler,Denim All,Denim All,Denim Pantolon,Denim All,Denim All,Denim Pants,Wide Leg
M1010754-87502,Baggy,Baggy,Ticari Malzemeler,Denim All,Denim All,Denim Pantolon,Denim All,Denim All,Denim Pants,Baggy
M1012568-89482,Straight,Straight,Ticari Malzemeler,Denim All,Denim All,Denim Pantolon,Denim All,Denim All,Denim Pants,Straight
M1010600-87482,Baggy,Baggy,Ticari Malzemeler,Denim All,Denim All,Denim Pantolon,Denim All,Denim All,Denim Pants,Baggy
M1012599-89821,Wide Leg,Wide Leg,Ticari Malzemeler,Denim All,Denim All,Denim Pantolon,Denim All,Denim All,Denim Pants,Wide Leg
M101298-85129,Slim Straight,Slim Straight,Ticari Malzemeler,Denim All,Denim All,Denim Pantolon,Denim All,Denim All,Denim Pants,Slim Straight
M1010435597,Wide Leg,Wide Leg,Ticari Malzemeler,Denim All,Denim All,Denim Pantolon,Denim All,Denim All,Denim Pants,Wide Leg
M1010349-89225,Flare,Flare,Ticari Malzemeler,Denim All,Denim All,Denim Pantolon,,,,
M1010627-87795,Straight,Straight,Ticari Malzemeler,Denim All,Denim All,Denim Pantolon,Denim All,Denim All,Denim Pants,Straight
M1020524752,Boyfriend,Boyfriend,Ticari Malzemeler,Denim All,Denim All,Denim Pantolon,Denim All,Denim All,Denim Pants,Boyfriend
M101441-84803,Straight,Straight,Ticari Malzemeler,Denim All,Denim All,Denim Pantolon,Denim All,Denim All,Denim Pants,Straight
M1010857-89996,Baggy,Baggy,Ticari Malzemeler,Denim All,Denim All,Denim Pantolon,Denim All,Denim All,Denim Pants,Baggy
M101047-83756,Straight,Straight,Ticari Malzemeler,Denim All,Denim All,Denim Pantolon,Denim All,Denim All,Denim Pants,Straight
M101072-83750,Wide Leg,Wide Leg,Ticari Malzemeler,Denim All,Denim All,Denim Pantolon,Denim All,Denim All,Denim Pants,Wide Leg
M1010600-87474,Baggy,Baggy,Ticari Malzemeler,Denim All,Denim All,Denim Pantolon,Denim All,Denim All,Denim Pants,Baggy
M1074686322,Slim Straight,Slim Straight,Ticari Malzemeler,Denim All,Denim All,Denim Pantolon,Denim All,Denim All,Denim Pants,Slim Straight
M1010720-87992,Wide Leg,Wide Leg,Ticari Malzemeler,Denim All,Denim All,Denim Pantolon,Denim All,Denim All,Denim Pants,Wide Leg
M1070487593,Skinny,Skinny,Ticari Malzemeler,Denim All,Denim All,Denim Pantolon,Denim All,Denim All,Denim Pants,Skinny
M1067085701,Skinny,Skinny,Ticari Malzemeler,Denim All,Denim All,Denim Pantolon,Denim All,Denim All,Denim Pants,Skinny
M101077-85157,Mom,Mom,Ticari Malzemeler,Denim All,Denim All,Denim Pantolon,Denim All,Denim All,Denim Pants,Mom
M101441-89980,Straight,Straight,Ticari Malzemeler,Denim All,Denim All,Denim Pantolon,Denim All,Denim All,Denim Pants,Straight
M1020586013,Boyfriend,Boyfriend,Ticari Malzemeler,Denim All,Denim All,Denim Pantolon,Denim All,Denim All,Denim Pants,Boyfriend
M101048-87808,Slim Straight,Slim Straight,Ticari Malzemeler,Denim All,Denim All,Denim Pantolon,Denim All,Denim All,Denim Pants,Slim Straight
M100277-83772,Mom,Mom,Ticari Malzemeler,Denim All,Denim All,Denim Pantolon,Denim All,Denim All,Denim Pants,Mom
M1010152-89937,Wide Leg,Wide Leg,Ticari Malzemeler,Denim All,Denim All,Denim Pantolon,Denim All,Denim All,Denim Pants,Wide Leg
M101077-90535,Mom,Mom,Ticari Malzemeler,Denim All,Denim All,Denim Pantolon,Denim All,Denim All,Denim Pants,Mom
M1081183003,Flare,Flare,Ticari Malzemeler,Denim All,Denim All,Denim Pantolon,,,,
M1010627-87925,Straight,Straight,Ticari Malzemeler,Denim All,Denim All,Denim Pantolon,Denim All,Denim All,Denim Pants,Straight
M1087286143,Skinny,Skinny,Ticari Malzemeler,Denim All,Denim All,Denim Pantolon,Denim All,Denim All,Denim Pants,Skinny
M1010600-87702,Baggy,Baggy,Ticari Malzemeler,Denim All,Denim All,Denim Pantolon,Denim All,Denim All,Denim Pants,Baggy
M101225-85004,Flare,Flare,Ticari Malzemeler,Denim All,Denim All,Denim Pantolon,,,,
M1010600-89936,Baggy,Baggy,Ticari Malzemeler,Denim All,Denim All,Denim Pantolon,Denim All,Denim All,Denim Pants,Baggy
M100328-83382,Skinny,Skinny,Ticari Malzemeler,Denim All,Denim All,Denim Pantolon,Denim All,Denim All,Denim Pants,Skinny
M1010349-84805,Flare,Flare,Ticari Malzemeler,Denim All,Denim All,Denim Pantolon,,,,
M1070486293,Skinny,Skinny,Ticari Malzemeler,Denim All,Denim All,Denim Pantolon,Denim All,Denim All,Denim Pants,Skinny
M1010381-88744,Wide Leg,Wide Leg,Ticari Malzemeler,Denim All,Denim All,Denim Pantolon,Denim All,Denim All,Denim Pants,Wide Leg
M101048-85610,Slim Straight,Slim Straight,Ticari Malzemeler,Denim All,Denim All,Denim Pantolon,Denim All,Denim All,Denim Pants,Slim Straight
M1067886448,Skinny,Skinny,Ticari Malzemeler,Denim All,Denim All,Denim Pantolon,Denim All,Denim All,Denim Pants,Skinny
M1072883435,Super Skinny,Super Skinny,Ticari Malzemeler,Denim All,Denim All,Denim Pantolon,Denim All,Denim All,Denim Pants,Super Skinny
M1067284766,Skinny,Skinny,Ticari Malzemeler,Denim All,Denim All,Denim Pantolon,Denim All,Denim All,Denim Pants,Skinny
M1010339-85722,Skinny,Skinny,Ticari Malzemeler,Denim All,Denim All,Denim Pantolon,Denim All,Denim All,Denim Pants,Skinny
M1020580534,Boyfriend,Boyfriend,Ticari Malzemeler,Denim All,Denim All,Denim Pantolon,Denim All,Denim All,Denim Pants,Boyfriend
M1020586397,Boyfriend,Boyfriend,Ticari Malzemeler,Denim All,Denim All,Denim Pantolon,Denim All,Denim All,Denim Pants,Boyfriend
M1010339-88340,Skinny,Skinny,Ticari Malzemeler,Denim All,Denim All,Denim Pantolon,Denim All,Denim All,Denim Pants,Skinny
M101048-84207,Slim Straight,Slim Straight,Ticari Malzemeler,Denim All,Denim All,Denim Pantolon,Denim All,Denim All,Denim Pants,Slim Straight
M101114-89967,Boyfriend,Boyfriend,Ticari Malzemeler,Denim All,Denim All,Denim Pantolon,Denim All,Denim All,Denim Pants,Boyfriend
M101225-84434,Flare,Flare,Ticari Malzemeler,Denim All,Denim All,Denim Pantolon,,,,
M1010616-90003,Wide Leg,Wide Leg,Ticari Malzemeler,Denim All,Denim All,Denim Pantolon,Denim All,Denim All,Denim Pants,Wide Leg
M1073485695,Super Skinny,Super Skinny,Ticari Malzemeler,Denim All,Denim All,Denim Pantolon,Denim All,Denim All,Denim Pants,Super Skinny
M1012577-90538,Flare,Flare,Ticari Malzemeler,Denim All,Denim All,Denim Pantolon,,,,
M100277-88209,Mom,Mom,Ticari Malzemeler,Denim All,Denim All,Denim Pantolon,Denim All,Denim All,Denim Pants,Mom
M1010152-86884,Wide Leg,Wide Leg,Ticari Malzemeler,Denim All,Denim All,Denim Pantolon,Denim All,Denim All,Denim Pants,Wide Leg
M1010152-88362,Wide Leg,Wide Leg,Ticari Malzemeler,Denim All,Denim All,Denim Pantolon,Denim All,Denim All,Denim Pants,Wide Leg
M1010763-91357,Wide Leg,Wide Leg,Ticari Malzemeler,Denim All,Denim All,Denim Pantolon,Denim All,Denim All,Denim Pants,Wide Leg
M1010573-87643,Wide Leg,Wide Leg,Ticari Malzemeler,Denim All,Denim All,Denim Pantolon,Denim All,Denim All,Denim Pants,Wide Leg
M101225-85606,Flare,Flare,Ticari Malzemeler,Denim All,Denim All,Denim Pantolon,,,,
M100980-30860,Super Skinny,Super Skinny,Ticari Malzemeler,Denim All,Denim All,Denim Pantolon,Denim All,Denim All,Denim Pants,Super Skinny
M1010736-88599,Baggy,Baggy,Ticari Malzemeler,Denim All,Denim All,Denim Pantolon,Denim All,Denim All,Denim Pants,Baggy
M101077-83659,Mom,Mom,Ticari Malzemeler,Denim All,Denim All,Denim Pantolon,Denim All,Denim All,Denim Pants,Mom
M1013689985,Flare,Flare,Ticari Malzemeler,Denim All,Denim All,Denim Pantolon,,,,
M1072886880,Skinny,Skinny,Ticari Malzemeler,Denim All,Denim All,Denim Pantolon,Denim All,Denim All,Denim Pants,Skinny
M1010200-85720,Flare,Flare,Ticari Malzemeler,Denim All,Denim All,Denim Pantolon,,,,
M100277-87640,Mom,Mom,Ticari Malzemeler,Denim All,Denim All,Denim Pantolon,Denim All,Denim All,Denim Pants,Mom
M1010762-90529,Straight,Straight,Ticari Malzemeler,Denim All,Denim All,Denim Pantolon,Denim All,Denim All,Denim Pants,Straight
M101225-87598,Flare,Flare,Ticari Malzemeler,Denim All,Denim All,Denim Pantolon,,,,
M1013687403,Flare,Flare,Ticari Malzemeler,Denim All,Denim All,Denim Pantolon,,,,
M1073484309,Super Skinny,Super Skinny,Ticari Malzemeler,Denim All,Denim All,Denim Pantolon,Denim All,Denim All,Denim Pants,Super Skinny
B1010396-84348,Flare,Flare,Ticari Malzemeler,Denim All,Denim All,Denim Pantolon,,,,
M1010914-89356,Wide Leg,Wide Leg,Ticari Malzemeler,Denim All,Denim All,Denim Pantolon,Denim All,Denim All,Denim Pants,Wide Leg
M1010349-90534,Flare,Flare,Ticari Malzemeler,Denim All,Denim All,Denim Pantolon,,,,
M1010627-88689,Straight,Straight,Ticari Malzemeler,Denim All,Denim All,Denim Pantolon,Denim All,Denim All,Denim Pants,Straight
M101114-89983,Boyfriend,Boyfriend,Ticari Malzemeler,Denim All,Denim All,Denim Pantolon,Denim All,Denim All,Denim Pants,Boyfriend
M101048-89975,Slim Straight,Slim Straight,Ticari Malzemeler,Denim All,Denim All,Denim Pantolon,Denim All,Denim All,Denim Pants,Slim Straight
M100328-88779,Skinny,Skinny,Ticari Malzemeler,Denim All,Denim All,Denim Pantolon,Denim All,Denim All,Denim Pants,Skinny
M101108-29154,Skinny,Skinny,Ticari Malzemeler,Denim All,Denim All,Denim Pantolon,Denim All,Denim All,Denim Pants,Skinny
M101114-83390,Boyfriend,Boyfriend,Ticari Malzemeler,Denim All,Denim All,Denim Pantolon,Denim All,Denim All,Denim Pants,Boyfriend
M101441-86813,Straight,Straight,Ticari Malzemeler,Denim All,Denim All,Denim Pantolon,Denim All,Denim All,Denim Pants,Straight
M1073490042,Super Skinny,Super Skinny,Ticari Malzemeler,Denim All,Denim All,Denim Pantolon,Denim All,Denim All,Denim Pants,Super Skinny
M101225-80680,Flare,Flare,Ticari Malzemeler,Denim All,Denim All,Denim Pantolon,,,,
M1010152-89673,Wide Leg,Wide Leg,Ticari Malzemeler,Denim All,Denim All,Denim Pantolon,Denim All,Denim All,Denim Pants,Wide Leg
M101114-88720,Boyfriend,Boyfriend,Ticari Malzemeler,Denim All,Denim All,Denim Pantolon,Denim All,Denim All,Denim Pants,Boyfriend
M1010609-87604,Boyfriend,Boyfriend,Ticari Malzemeler,Denim All,Denim All,Denim Pantolon,Denim All,Denim All,Denim Pants,Boyfriend
M1012651-91218,Baggy,Baggy,Ticari Malzemeler,Denim All,Denim All,Denim Pantolon,Denim All,Denim All,Denim Pants,Baggy
M101047-87056,Straight,Straight,Ticari Malzemeler,Denim All,Denim All,Denim Pantolon,Denim All,Denim All,Denim Pants,Straight
M1010616-88745,Wide Leg,Wide Leg,Ticari Malzemeler,Denim All,Denim All,Denim Pantolon,Denim All,Denim All,Denim Pants,Wide Leg
M101225-89220,Flare,Flare,Ticari Malzemeler,Denim All,Denim All,Denim Pantolon,,,,
M1010600-88335,Baggy,Baggy,Ticari Malzemeler,Denim All,Denim All,Denim Pantolon,Denim All,Denim All,Denim Pants,Baggy
M101077-88206,Mom,Mom,Ticari Malzemeler,Denim All,Denim All,Denim Pantolon,Denim All,Denim All,Denim Pants,Mom
M1012644-90503,Wide Leg,Wide Leg,Ticari Malzemeler,Denim All,Denim All,Denim Pantolon,Denim All,Denim All,Denim Pants,Wide Leg
M101441-88771,Straight,Straight,Ticari Malzemeler,Denim All,Denim All,Denim Pantolon,Denim All,Denim All,Denim Pants,Straight
M1013689954,Flare,Flare,Ticari Malzemeler,Denim All,Denim All,Denim Pantolon,,,,
M1087288891,Skinny,Skinny,Ticari Malzemeler,Denim All,Denim All,Denim Pantolon,Denim All,Denim All,Denim Pants,Skinny
M1010623-88786,Slim Straight,Slim Straight,Ticari Malzemeler,Denim All,Denim All,Denim Pantolon,Denim All,Denim All,Denim Pants,Slim Straight
M101225-87459,Flare,Flare,Ticari Malzemeler,Denim All,Denim All,Denim Pantolon,,,,
M100328-30085,Skinny,Skinny,Ticari Malzemeler,Denim All,Denim All,Denim Pantolon,Denim All,Denim All,Denim Pants,Skinny
M101339-35246,Other,Büyük Beden,Ticari Malzemeler,Denim All,Denim All,Denim Pantolon,Denim All,Denim All,Denim Pants,Curvy
M1010349-87465,Flare,Flare,Ticari Malzemeler,Denim All,Denim All,Denim Pantolon,,,,
M101441-86207,Straight,Straight,Ticari Malzemeler,Denim All,Denim All,Denim Pantolon,Denim All,Denim All,Denim Pants,Straight
M1010349-87778,Flare,Flare,Ticari Malzemeler,Denim All,Denim All,Denim Pantolon,,,,
M1010338-86276,Wide Leg,Wide Leg,Ticari Malzemeler,Denim All,Denim All,Denim Pantolon,Denim All,Denim All,Denim Pants,Wide Leg
M101072-83605,Wide Leg,Wide Leg,Ticari Malzemeler,Denim All,Denim All,Denim Pantolon,Denim All,Denim All,Denim Pants,Wide Leg
M1010339-84997,Skinny,Skinny,Ticari Malzemeler,Denim All,Denim All,Denim Pantolon,Denim All,Denim All,Denim Pants,Skinny
M100980-84433,Super Skinny,Super Skinny,Ticari Malzemeler,Denim All,Denim All,Denim Pantolon,Denim All,Denim All,Denim Pants,Super Skinny
M1067289956,Skinny,Skinny,Ticari Malzemeler,Denim All,Denim All,Denim Pantolon,Denim All,Denim All,Denim Pants,Skinny
M1010807-88161,Baggy,Baggy,Ticari Malzemeler,Denim All,Denim All,Denim Pantolon,Denim All,Denim All,Denim Pants,Baggy
M1010200-86306,Flare,Flare,Ticari Malzemeler,Denim All,Denim All,Denim Pantolon,,,,
M1010640-88000,Straight,Straight,Ticari Malzemeler,Denim All,Denim All,Denim Pantolon,Denim All,Denim All,Denim Pants,Straight
M101437-80890,Flare,Flare,Ticari Malzemeler,Denim All,Denim All,Denim Pantolon,,,,
M1072885700,Skinny,Skinny,Ticari Malzemeler,Denim All,Denim All,Denim Pantolon,Denim All,Denim All,Denim Pants,Skinny
M1010600-89036,Baggy,Baggy,Ticari Malzemeler,Denim All,Denim All,Denim Pantolon,Denim All,Denim All,Denim Pants,Baggy
M1010200-84994,Flare,Flare,Ticari Malzemeler,Denim All,Denim All,Denim Pantolon,,,,
M1012646-90805,Baggy,Baggy,Ticari Malzemeler,Denim All,Denim All,Denim Pantolon,Denim All,Denim All,Denim Pants,Baggy
M101180-85709,Straight,Straight,Ticari Malzemeler,Denim All,Denim All,Denim Pantolon,Denim All,Denim All,Denim Pants,Straight
M1010339-86874,Skinny,Skinny,Ticari Malzemeler,Denim All,Denim All,Denim Pantolon,Denim All,Denim All,Denim Pants,Skinny
M1010778-88190,Baggy,Baggy,Ticari Malzemeler,Denim All,Denim All,Denim Pantolon,Denim All,Denim All,Denim Pants,Baggy
M1010616-87641,Wide Leg,Wide Leg,Ticari Malzemeler,Denim All,Denim All,Denim Pantolon,Denim All,Denim All,Denim Pants,Wide Leg
M101441-86468,Straight,Straight,Ticari Malzemeler,Denim All,Denim All,Denim Pantolon,Denim All,Denim All,Denim Pants,Straight
M1010152-90488,Wide Leg,Wide Leg,Ticari Malzemeler,Denim All,Denim All,Denim Pantolon,Denim All,Denim All,Denim Pants,Wide Leg
M1073484973,Super Skinny,Super Skinny,Ticari Malzemeler,Denim All,Denim All,Denim Pantolon,Denim All,Denim All,Denim Pants,Super Skinny
M100488-83404,Flare,Flare,Ticari Malzemeler,Denim All,Denim All,Denim Pantolon,,,,
M1010840-88607,Straight,Straight,Ticari Malzemeler,Denim All,Denim All,Denim Pantolon,Denim All,Denim All,Denim Pants,Straight
M101441-91356,Straight,Straight,Ticari Malzemeler,Denim All,Denim All,Denim Pantolon,Denim All,Denim All,Denim Pants,Straight
M101048-85805,Slim Straight,Slim Straight,Ticari Malzemeler,Denim All,Denim All,Denim Pantolon,Denim All,Denim All,Denim Pants,Slim Straight
M1010152-88986,Wide Leg,Wide Leg,Ticari Malzemeler,Denim All,Denim All,Denim Pantolon,Denim All,Denim All,Denim Pants,Wide Leg
M1010986-91219,Flare,Flare,Ticari Malzemeler,Denim All,Denim All,Denim Pantolon,,,,
M1020586446,Boyfriend,Boyfriend,Ticari Malzemeler,Denim All,Denim All,Denim Pantolon,Denim All,Denim All,Denim Pants,Boyfriend
M1081187454,Flare,Flare,Ticari Malzemeler,Denim All,Denim All,Denim Pantolon,,,,
M100277-85273,Mom,Mom,Ticari Malzemeler,Denim All,Denim All,Denim Pantolon,Denim All,Denim All,Denim Pants,Mom
M1074682912,Slim Straight,Slim Straight,Ticari Malzemeler,Denim All,Denim All,Denim Pantolon,Denim All,Denim All,Denim Pants,Slim Straight
M101441-82297,Straight,Straight,Ticari Malzemeler,Denim All,Denim All,Denim Pantolon,Denim All,Denim All,Denim Pants,Straight
M100488-89976,Flare,Flare,Ticari Malzemeler,Denim All,Denim All,Denim Pantolon,,,,
M101048-84792,Slim Straight,Slim Straight,Ticari Malzemeler,Denim All,Denim All,Denim Pantolon,Denim All,Denim All,Denim Pants,Slim Straight
M1010527-85670,Wide Leg,Wide Leg,Ticari Malzemeler,Denim All,Denim All,Denim Pantolon,Denim All,Denim All,Denim Pants,Wide Leg
M1010349-87109,Flare,Flare,Ticari Malzemeler,Denim All,Denim All,Denim Pantolon,,,,
M101072-82298,Wide Leg,Wide Leg,Ticari Malzemeler,Denim All,Denim All,Denim Pantolon,Denim All,Denim All,Denim Pants,Wide Leg
M100484-89700,Flare,Flare,Ticari Malzemeler,Denim All,Denim All,Denim Pantolon,,,,
M101453-85599,Mom,Mom,Ticari Malzemeler,Denim All,Denim All,Denim Pantolon,Denim All,Denim All,Denim Pants,Mom
M101225-84323,Flare,Flare,Ticari Malzemeler,Denim All,Denim All,Denim Pantolon,,,,
M100328-87460,Skinny,Skinny,Ticari Malzemeler,Denim All,Denim All,Denim Pantolon,Denim All,Denim All,Denim Pants,Skinny
M101077-87581,Mom,Mom,Ticari Malzemeler,Denim All,Denim All,Denim Pantolon,Denim All,Denim All,Denim Pants,Mom
M1010458-83777,Wide Leg,Wide Leg,Ticari Malzemeler,Denim All,Denim All,Denim Pantolon,Denim All,Denim All,Denim Pants,Wide Leg
M1010845-88251,Mom,Mom,Ticari Malzemeler,Denim All,Denim All,Denim Pantolon,Denim All,Denim All,Denim Pants,Mom
M1072887626,Skinny,Skinny,Ticari Malzemeler,Denim All,Denim All,Denim Pantolon,Denim All,Denim All,Denim Pants,Skinny
M1012644-91214,Wide Leg,Wide Leg,Ticari Malzemeler,Denim All,Denim All,Denim Pantolon,Denim All,Denim All,Denim Pants,Wide Leg
M1070483494,Skinny,Skinny,Ticari Malzemeler,Denim All,Denim All,Denim Pantolon,Denim All,Denim All,Denim Pants,Skinny
M101453-88191,Mom,Mom,Ticari Malzemeler,Denim All,Denim All,Denim Pantolon,Denim All,Denim All,Denim Pants,Mom
M1013683048,Flare,Flare,Ticari Malzemeler,Denim All,Denim All,Denim Pantolon,,,,
M1072890144,Skinny,Skinny,Ticari Malzemeler,Denim All,Denim All,Denim Pantolon,Denim All,Denim All,Denim Pants,Skinny
M1010152-90086,Wide Leg,Wide Leg,Ticari Malzemeler,Denim All,Denim All,Denim Pantolon,Denim All,Denim All,Denim Pants,Wide Leg
M1072885011,Super Skinny,Super Skinny,Ticari Malzemeler,Denim All,Denim All,Denim Pantolon,Denim All,Denim All,Denim Pants,Super Skinny
M100484-88891,Flare,Flare,Ticari Malzemeler,Denim All,Denim All,Denim Pantolon,,,,
M1074683518,Slim Straight,Slim Straight,Ticari Malzemeler,Denim All,Denim All,Denim Pantolon,Denim All,Denim All,Denim Pants,Slim Straight
M101077-85612,Mom,Mom,Ticari Malzemeler,Denim All,Denim All,Denim Pantolon,Denim All,Denim All,Denim Pants,Mom
M1072884759,Super Skinny,Super Skinny,Ticari Malzemeler,Denim All,Denim All,Denim Pantolon,Denim All,Denim All,Denim Pants,Super Skinny
M1070484225,Skinny,Skinny,Ticari Malzemeler,Denim All,Denim All,Denim Pantolon,Denim All,Denim All,Denim Pants,Skinny
M1020583658,Boyfriend,Boyfriend,Ticari Malzemeler,Denim All,Denim All,Denim Pantolon,Denim All,Denim All,Denim Pants,Boyfriend
M1049788205,Slim Straight,Slim Straight,Ticari Malzemeler,Denim All,Denim All,Denim Pantolon,Denim All,Denim All,Denim Pants,Slim Straight
M1074684230,Slim Straight,Slim Straight,Ticari Malzemeler,Denim All,Denim All,Denim Pantolon,Denim All,Denim All,Denim Pants,Slim Straight
M1012571-89502,Flare,Flare,Ticari Malzemeler,Denim All,Denim All,Denim Pantolon,,,,
M101560-83405,Flare,Flare,Ticari Malzemeler,Denim All,Denim All,Denim Pantolon,,,,
M101047-84085,Straight,Straight,Ticari Malzemeler,Denim All,Denim All,Denim Pantolon,Denim All,Denim All,Denim Pants,Straight
M1010152-90951,Wide Leg,Wide Leg,Ticari Malzemeler,Denim All,Denim All,Denim Pantolon,Denim All,Denim All,Denim Pants,Wide Leg
M1067283378,Skinny,Skinny,Ticari Malzemeler,Denim All,Denim All,Denim Pantolon,Denim All,Denim All,Denim Pants,Skinny
M101225-86327,Flare,Flare,Ticari Malzemeler,Denim All,Denim All,Denim Pantolon,,,,
M101476-83777,Wide Leg,Wide Leg,Ticari Malzemeler,Denim All,Denim All,Denim Pantolon,Denim All,Denim All,Denim Pants,Wide Leg
M101072-84807,Wide Leg,Wide Leg,Ticari Malzemeler,Denim All,Denim All,Denim Pantolon,Denim All,Denim All,Denim Pants,Wide Leg
M101072-87553,Wide Leg,Wide Leg,Ticari Malzemeler,Denim All,Denim All,Denim Pantolon,Denim All,Denim All,Denim Pants,Wide Leg
M1010353-85044,Wide Leg,Wide Leg,Ticari Malzemeler,Denim All,Denim All,Denim Pantolon,Denim All,Denim All,Denim Pants,Wide Leg
M100328-87449,Skinny,Skinny,Ticari Malzemeler,Denim All,Denim All,Denim Pantolon,Denim All,Denim All,Denim Pants,Skinny
M101047-84305,Straight,Straight,Ticari Malzemeler,Denim All,Denim All,Denim Pantolon,Denim All,Denim All,Denim Pants,Straight
M1010640-88585,Straight,Straight,Ticari Malzemeler,Denim All,Denim All,Denim Pantolon,Denim All,Denim All,Denim Pants,Straight
M1070483495,Skinny,Skinny,Ticari Malzemeler,Denim All,Denim All,Denim Pantolon,Denim All,Denim All,Denim Pants,Skinny
M1012720-91380,Baggy,Baggy,Ticari Malzemeler,Denim All,Denim All,Denim Pantolon,Denim All,Denim All,Denim Pants,Baggy
M1072883434,Renkli Denim,Colored Denims,Ticari Malzemeler,Denim All,Denim All,Denim Pantolon,Denim All,Denim All,Denim Pants,Colored Denims
M1010381-85380,Wide Leg,Wide Leg,Ticari Malzemeler,Denim All,Denim All,Denim Pantolon,Denim All,Denim All,Denim Pants,Wide Leg
M1010840-89582,Straight,Straight,Ticari Malzemeler,Denim All,Denim All,Denim Pantolon,Denim All,Denim All,Denim Pants,Straight
M1010917-89059,Straight,Straight,Ticari Malzemeler,Denim All,Denim All,Denim Pantolon,Denim All,Denim All,Denim Pants,Straight
M101077-84196,Mom,Mom,Ticari Malzemeler,Denim All,Denim All,Denim Pantolon,Denim All,Denim All,Denim Pants,Mom
M1010906-89228,Flare,Flare,Ticari Malzemeler,Denim All,Denim All,Denim Pantolon,,,,
M1010530-90047,Straight,Straight,Ticari Malzemeler,Denim All,Denim All,Denim Pantolon,Denim All,Denim All,Denim Pants,Straight
M1010627-88579,Straight,Straight,Ticari Malzemeler,Denim All,Denim All,Denim Pantolon,Denim All,Denim All,Denim Pants,Straight
M1010627-90998,Straight,Straight,Ticari Malzemeler,Denim All,Denim All,Denim Pantolon,Denim All,Denim All,Denim Pants,Straight
M100328-83378,Skinny,Skinny,Ticari Malzemeler,Denim All,Denim All,Denim Pantolon,Denim All,Denim All,Denim Pants,Skinny
M101072-90539,Wide Leg,Wide Leg,Ticari Malzemeler,Denim All,Denim All,Denim Pantolon,Denim All,Denim All,Denim Pants,Wide Leg
M1010938-89229,Baggy,Baggy,Ticari Malzemeler,Denim All,Denim All,Denim Pantolon,Denim All,Denim All,Denim Pants,Baggy
M1010600-87179,Baggy,Baggy,Ticari Malzemeler,Denim All,Denim All,Denim Pantolon,Denim All,Denim All,Denim Pants,Baggy
M101072-89232,Wide Leg,Wide Leg,Ticari Malzemeler,Denim All,Denim All,Denim Pantolon,Denim All,Denim All,Denim Pants,Wide Leg
M101441-88581,Straight,Straight,Ticari Malzemeler,Denim All,Denim All,Denim Pantolon,Denim All,Denim All,Denim Pants,Straight
M1081189961,Flare,Flare,Ticari Malzemeler,Denim All,Denim All,Denim Pantolon,,,,
M100980-82194,Super Skinny,Super Skinny,Ticari Malzemeler,Denim All,Denim All,Denim Pantolon,Denim All,Denim All,Denim Pants,Super Skinny
M1010623-87585,Straight,Straight,Ticari Malzemeler,Denim All,Denim All,Denim Pantolon,Denim All,Denim All,Denim Pants,Straight
M1020582249,Boyfriend,Boyfriend,Ticari Malzemeler,Denim All,Denim All,Denim Pantolon,Denim All,Denim All,Denim Pants,Boyfriend
M1073483452,Super Skinny,Super Skinny,Ticari Malzemeler,Denim All,Denim All,Denim Pantolon,Denim All,Denim All,Denim Pants,Super Skinny
M1010609-86317,Boyfriend,Boyfriend,Ticari Malzemeler,Denim All,Denim All,Denim Pantolon,Denim All,Denim All,Denim Pants,Boyfriend
M1067884075,Skinny,Skinny,Ticari Malzemeler,Denim All,Denim All,Denim Pantolon,Denim All,Denim All,Denim Pants,Skinny
M1070488325,Skinny,Skinny,Ticari Malzemeler,Denim All,Denim All,Denim Pantolon,Denim All,Denim All,Denim Pants,Skinny
M101225-86217,Flare,Flare,Ticari Malzemeler,Denim All,Denim All,Denim Pantolon,,,,
M101048-89176,Slim Straight,Slim Straight,Ticari Malzemeler,Denim All,Denim All,Denim Pantolon,Denim All,Denim All,Denim Pants,Slim Straight
M1070488992,Skinny,Skinny,Ticari Malzemeler,Denim All,Denim All,Denim Pantolon,Denim All,Denim All,Denim Pants,Skinny
M101047-83682,Straight,Straight,Ticari Malzemeler,Denim All,Denim All,Denim Pantolon,Denim All,Denim All,Denim Pants,Straight
M1010125-84418,Wide Leg,Wide Leg,Ticari Malzemeler,Denim All,Denim All,Denim Pantolon,Denim All,Denim All,Denim Pants,Wide Leg
M1070483574,Skinny,Skinny,Ticari Malzemeler,Denim All,Denim All,Denim Pantolon,Denim All,Denim All,Denim Pants,Skinny
M100277-82223,Mom,Mom,Ticari Malzemeler,Denim All,Denim All,Denim Pantolon,Denim All,Denim All,Denim Pants,Mom
M1017089439,Boyfriend,Boyfriend,Ticari Malzemeler,Denim All,Denim All,Denim Pantolon,Denim All,Denim All,Denim Pants,Boyfriend
M1010626-90566,Wide Leg,Wide Leg,Ticari Malzemeler,Denim All,Denim All,Denim Pantolon,Denim All,Denim All,Denim Pants,Wide Leg
M1043284482,Other,Maternity,Ticari Malzemeler,Denim All,Denim All,Denim Pantolon,Denim All,Denim All,Denim Pants,Maternity
M101441-88741,Straight,Straight,Ticari Malzemeler,Denim All,Denim All,Denim Pantolon,Denim All,Denim All,Denim Pants,Straight
M1073485016,Super Skinny,Super Skinny,Ticari Malzemeler,Denim All,Denim All,Denim Pantolon,Denim All,Denim All,Denim Pants,Super Skinny
M1010152-87583,Wide Leg,Wide Leg,Ticari Malzemeler,Denim All,Denim All,Denim Pantolon,Denim All,Denim All,Denim Pants,Wide Leg
M1010986-91225,Flare,Flare,Ticari Malzemeler,Denim All,Denim All,Denim Pantolon,,,,
M1049734745,Slim Straight,Slim Straight,Ticari Malzemeler,Denim All,Denim All,Denim Pantolon,Denim All,Denim All,Denim Pants,Slim Straight
M1010840-88626,Straight,Straight,Ticari Malzemeler,Denim All,Denim All,Denim Pantolon,Denim All,Denim All,Denim Pants,Straight
M101048-88769,Slim Straight,Slim Straight,Ticari Malzemeler,Denim All,Denim All,Denim Pantolon,Denim All,Denim All,Denim Pants,Slim Straight
M1070489535,Skinny,Skinny,Ticari Malzemeler,Denim All,Denim All,Denim Pantolon,Denim All,Denim All,Denim Pants,Skinny
M1010039-84074,Skinny,Skinny,Ticari Malzemeler,Denim All,Denim All,Denim Pantolon,Denim All,Denim All,Denim Pants,Skinny
M100484-86779,Flare,Flare,Ticari Malzemeler,Denim All,Denim All,Denim Pantolon,,,,
M1010152-90597,Wide Leg,Wide Leg,Ticari Malzemeler,Denim All,Denim All,Denim Pantolon,Denim All,Denim All,Denim Pants,Wide Leg
M1012625-90558,Wide Leg,Wide Leg,Ticari Malzemeler,Denim All,Denim All,Denim Pantolon,Denim All,Denim All,Denim Pants,Wide Leg
M1049787784,Slim Straight,Slim Straight,Ticari Malzemeler,Denim All,Denim All,Denim Pantolon,Denim All,Denim All,Denim Pants,Slim Straight
M101077-87582,Mom,Mom,Ticari Malzemeler,Denim All,Denim All,Denim Pantolon,Denim All,Denim All,Denim Pants,Mom
M1010200-90074,Flare,Flare,Ticari Malzemeler,Denim All,Denim All,Denim Pantolon,,,,
M100484-86308,Flare,Flare,Ticari Malzemeler,Denim All,Denim All,Denim Pantolon,,,,
M1010616-86272,Wide Leg,Wide Leg,Ticari Malzemeler,Denim All,Denim All,Denim Pantolon,Denim All,Denim All,Denim Pants,Wide Leg
M1070485000,Skinny,Skinny,Ticari Malzemeler,Denim All,Denim All,Denim Pantolon,Denim All,Denim All,Denim Pants,Skinny
M101077-87554,Mom,Mom,Ticari Malzemeler,Denim All,Denim All,Denim Pantolon,Denim All,Denim All,Denim Pants,Mom
M1067084995,Skinny,Skinny,Ticari Malzemeler,Denim All,Denim All,Denim Pantolon,Denim All,Denim All,Denim Pants,Skinny
M1049790521,Slim Straight,Slim Straight,Ticari Malzemeler,Denim All,Denim All,Denim Pantolon,Denim All,Denim All,Denim Pants,Slim Straight
M1020587055,Boyfriend,Boyfriend,Ticari Malzemeler,Denim All,Denim All,Denim Pantolon,Denim All,Denim All,Denim Pants,Boyfriend
M1013683047,Flare,Flare,Ticari Malzemeler,Denim All,Denim All,Denim Pantolon,,,,
M1010483675,Wide Leg,Wide Leg,Ticari Malzemeler,Denim All,Denim All,Denim Pantolon,Denim All,Denim All,Denim Pants,Wide Leg
M1074689170,Slim Straight,Slim Straight,Ticari Malzemeler,Denim All,Denim All,Denim Pantolon,Denim All,Denim All,Denim Pants,Slim Straight
M101048-88214,Slim Straight,Slim Straight,Ticari Malzemeler,Denim All,Denim All,Denim Pantolon,Denim All,Denim All,Denim Pants,Slim Straight
M1087287607,Skinny,Skinny,Ticari Malzemeler,Denim All,Denim All,Denim Pantolon,Denim All,Denim All,Denim Pants,Skinny
M101180-83465,Straight,Straight,Ticari Malzemeler,Denim All,Denim All,Denim Pantolon,Denim All,Denim All,Denim Pants,Straight
M101441-83888,Straight,Straight,Ticari Malzemeler,Denim All,Denim All,Denim Pantolon,Denim All,Denim All,Denim Pants,Straight
M100980-85261,Super Skinny,Super Skinny,Ticari Malzemeler,Denim All,Denim All,Denim Pantolon,Denim All,Denim All,Denim Pants,Super Skinny
M1010756-88346,Baggy,Baggy,Ticari Malzemeler,Denim All,Denim All,Denim Pantolon,Denim All,Denim All,Denim Pants,Baggy
M101225-86809,Flare,Flare,Ticari Malzemeler,Denim All,Denim All,Denim Pantolon,,,,
M414767-85131,Wide Leg,Wide Leg,Ticari Malzemeler,Denim All,Denim All,Denim Pantolon,Denim All,Denim All,Denim Pants,Wide Leg
M1010600-87550,Baggy,Baggy,Ticari Malzemeler,Denim All,Denim All,Denim Pantolon,Denim All,Denim All,Denim Pants,Baggy
M1013687455,Flare,Flare,Ticari Malzemeler,Denim All,Denim All,Denim Pantolon,,,,
M101072-84394,Wide Leg,Wide Leg,Ticari Malzemeler,Denim All,Denim All,Denim Pantolon,Denim All,Denim All,Denim Pants,Wide Leg
M1010491-85387,Wide Leg,Wide Leg,Ticari Malzemeler,Denim All,Denim All,Denim Pantolon,Denim All,Denim All,Denim Pants,Wide Leg
M1010152-86290,Wide Leg,Wide Leg,Ticari Malzemeler,Denim All,Denim All,Denim Pantolon,Denim All,Denim All,Denim Pants,Wide Leg
M1010742-90507,Wide Leg,Wide Leg,Ticari Malzemeler,Denim All,Denim All,Denim Pantolon,Denim All,Denim All,Denim Pants,Wide Leg
M100484-86869,Flare,Flare,Ticari Malzemeler,Denim All,Denim All,Denim Pantolon,,,,
M1012642-90119,Wide Leg,Wide Leg,Ticari Malzemeler,Denim All,Denim All,Denim Pantolon,Denim All,Denim All,Denim Pants,Wide Leg
M1010152-88977,Wide Leg,Wide Leg,Ticari Malzemeler,Denim All,Denim All,Denim Pantolon,Denim All,Denim All,Denim Pants,Wide Leg
B1010147-84346,Slim Straight,Slim Straight,Ticari Malzemeler,Denim All,Denim All,Denim Pantolon,Denim All,Denim All,Denim Pants,Slim Straight
M1010532-85605,Flare,Flare,Ticari Malzemeler,Denim All,Denim All,Denim Pantolon,,,,
M1070484228,Skinny,Skinny,Ticari Malzemeler,Denim All,Denim All,Denim Pantolon,Denim All,Denim All,Denim Pants,Skinny
M1010763-89045,Wide Leg,Wide Leg,Ticari Malzemeler,Denim All,Denim All,Denim Pantolon,Denim All,Denim All,Denim Pants,Wide Leg
M1010857-91380,Baggy,Baggy,Ticari Malzemeler,Denim All,Denim All,Denim Pantolon,Denim All,Denim All,Denim Pants,Baggy
M1067822002,Skinny,Skinny,Ticari Malzemeler,Denim All,Denim All,Denim Pantolon,Denim All,Denim All,Denim Pants,Skinny
M1012621-90117,Wide Leg,Wide Leg,Ticari Malzemeler,Denim All,Denim All,Denim Pantolon,Denim All,Denim All,Denim Pants,Wide Leg
M1010114-85125,Wide Leg,Wide Leg,Ticari Malzemeler,Denim All,Denim All,Denim Pantolon,Denim All,Denim All,Denim Pants,Wide Leg
M100462-80835,Super Skinny,Super Skinny,Ticari Malzemeler,Denim All,Denim All,Denim Pantolon,Denim All,Denim All,Denim Pants,Super Skinny
M100980-85262,Super Skinny,Super Skinny,Ticari Malzemeler,Denim All,Denim All,Denim Pantolon,Denim All,Denim All,Denim Pants,Super Skinny
M1010623-87482,Straight,Straight,Ticari Malzemeler,Denim All,Denim All,Denim Pantolon,Denim All,Denim All,Denim Pants,Straight
M1010600-88262,Baggy,Baggy,Ticari Malzemeler,Denim All,Denim All,Denim Pantolon,Denim All,Denim All,Denim Pants,Baggy
M1010469-87927,Straight,Straight,Ticari Malzemeler,Denim All,Denim All,Denim Pantolon,Denim All,Denim All,Denim Pants,Straight
M1013688785,Flare,Flare,Ticari Malzemeler,Denim All,Denim All,Denim Pantolon,,,,
M1067882468,Skinny,Skinny,Ticari Malzemeler,Denim All,Denim All,Denim Pantolon,Denim All,Denim All,Denim Pants,Skinny
M1010640-89993,Straight,Straight,Ticari Malzemeler,Denim All,Denim All,Denim Pantolon,Denim All,Denim All,Denim Pants,Straight
M1010762-87746,Straight,Straight,Ticari Malzemeler,Denim All,Denim All,Denim Pantolon,Denim All,Denim All,Denim Pants,Straight
M1010125-84397,Wide Leg,Wide Leg,Ticari Malzemeler,Denim All,Denim All,Denim Pantolon,Denim All,Denim All,Denim Pants,Wide Leg
M1072885003,Super Skinny,Super Skinny,Ticari Malzemeler,Denim All,Denim All,Denim Pantolon,Denim All,Denim All,Denim Pants,Super Skinny
M1074685739,Slim Straight,Slim Straight,Ticari Malzemeler,Denim All,Denim All,Denim Pantolon,Denim All,Denim All,Denim Pants,Slim Straight
M1010600-90063,Baggy,Baggy,Ticari Malzemeler,Denim All,Denim All,Denim Pantolon,Denim All,Denim All,Denim Pants,Baggy
M100277-33687,Mom,Mom,Ticari Malzemeler,Denim All,Denim All,Denim Pantolon,Denim All,Denim All,Denim Pants,Mom
M101077-88316,Mom,Mom,Ticari Malzemeler,Denim All,Denim All,Denim Pantolon,Denim All,Denim All,Denim Pants,Mom
M101077-86825,Mom,Mom,Ticari Malzemeler,Denim All,Denim All,Denim Pantolon,Denim All,Denim All,Denim Pants,Mom
M1010530-87551,Straight,Straight,Ticari Malzemeler,Denim All,Denim All,Denim Pantolon,Denim All,Denim All,Denim Pants,Straight
M101077-89181,Mom,Mom,Ticari Malzemeler,Denim All,Denim All,Denim Pantolon,Denim All,Denim All,Denim Pants,Mom
M101441-84774,Straight,Straight,Ticari Malzemeler,Denim All,Denim All,Denim Pantolon,Denim All,Denim All,Denim Pants,Straight
M101114-88721,Boyfriend,Boyfriend,Ticari Malzemeler,Denim All,Denim All,Denim Pantolon,Denim All,Denim All,Denim Pants,Boyfriend
M101441-84307,Straight,Straight,Ticari Malzemeler,Denim All,Denim All,Denim Pantolon,Denim All,Denim All,Denim Pants,Straight
M101072-34111,Wide Leg,Wide Leg,Ticari Malzemeler,Denim All,Denim All,Denim Pantolon,Denim All,Denim All,Denim Pants,Wide Leg
M1010599-86189,Wide Leg,Wide Leg,Ticari Malzemeler,Denim All,Denim All,Denim Pantolon,Denim All,Denim All,Denim Pants,Wide Leg
M1010338-83368,Wide Leg,Wide Leg,Ticari Malzemeler,Denim All,Denim All,Denim Pantolon,Denim All,Denim All,Denim Pants,Wide Leg
M1013683671,Flare,Flare,Ticari Malzemeler,Denim All,Denim All,Denim Pantolon,,,,
M101225-83394,Flare,Flare,Ticari Malzemeler,Denim All,Denim All,Denim Pantolon,,,,
M100488-83410,Flare,Flare,Ticari Malzemeler,Denim All,Denim All,Denim Pantolon,,,,
M101077-86858,Mom,Mom,Ticari Malzemeler,Denim All,Denim All,Denim Pantolon,Denim All,Denim All,Denim Pants,Mom
M1010339-87601,Skinny,Skinny,Ticari Malzemeler,Denim All,Denim All,Denim Pantolon,Denim All,Denim All,Denim Pants,Skinny
M100462-80834,Super Skinny,Super Skinny,Ticari Malzemeler,Denim All,Denim All,Denim Pantolon,Denim All,Denim All,Denim Pants,Super Skinny
M101437-91261,Flare,Flare,Ticari Malzemeler,Denim All,Denim All,Denim Pantolon,,,,
M1010677-88333,Boyfriend,Boyfriend,Ticari Malzemeler,Denim All,Denim All,Denim Pantolon,Denim All,Denim All,Denim Pants,Boyfriend
M1010763-88745,Wide Leg,Wide Leg,Ticari Malzemeler,Denim All,Denim All,Denim Pantolon,Denim All,Denim All,Denim Pants,Wide Leg
M1010777-88241,Baggy,Baggy,Ticari Malzemeler,Denim All,Denim All,Denim Pantolon,Denim All,Denim All,Denim Pants,Baggy
M1018986289,Straight,Straight,Ticari Malzemeler,Denim All,Denim All,Denim Pantolon,Denim All,Denim All,Denim Pants,Straight
M1017089984,Boyfriend,Boyfriend,Ticari Malzemeler,Denim All,Denim All,Denim Pantolon,Denim All,Denim All,Denim Pants,Boyfriend
M100488-85630,Flare,Flare,Ticari Malzemeler,Denim All,Denim All,Denim Pantolon,,,,
M1081188720,Flare,Flare,Ticari Malzemeler,Denim All,Denim All,Denim Pantolon,,,,
M1072884758,Super Skinny,Super Skinny,Ticari Malzemeler,Denim All,Denim All,Denim Pantolon,Denim All,Denim All,Denim Pants,Super Skinny
M1013683391,Flare,Flare,Ticari Malzemeler,Denim All,Denim All,Denim Pantolon,,,,
M1020584780,Boyfriend,Boyfriend,Ticari Malzemeler,Denim All,Denim All,Denim Pantolon,Denim All,Denim All,Denim Pants,Boyfriend
M1010200-85719,Flare,Flare,Ticari Malzemeler,Denim All,Denim All,Denim Pantolon,,,,
M1010914-89962,Wide Leg,Wide Leg,Ticari Malzemeler,Denim All,Denim All,Denim Pantolon,Denim All,Denim All,Denim Pants,Wide Leg
M100328-88152,Skinny,Skinny,Ticari Malzemeler,Denim All,Denim All,Denim Pantolon,Denim All,Denim All,Denim Pants,Skinny
M101077-87796,Mom,Mom,Ticari Malzemeler,Denim All,Denim All,Denim Pantolon,Denim All,Denim All,Denim Pants,Mom
M1017087453,Boyfriend,Boyfriend,Ticari Malzemeler,Denim All,Denim All,Denim Pantolon,Denim All,Denim All,Denim Pants,Boyfriend
M101153-88334,Baggy,Baggy,Ticari Malzemeler,Denim All,Denim All,Denim Pantolon,Denim All,Denim All,Denim Pants,Baggy
M1074688149,Slim Straight,Slim Straight,Ticari Malzemeler,Denim All,Denim All,Denim Pantolon,Denim All,Denim All,Denim Pants,Slim Straight
M1012641-90118,Wide Leg,Wide Leg,Ticari Malzemeler,Denim All,Denim All,Denim Pantolon,Denim All,Denim All,Denim Pants,Wide Leg
M1010152-90516,Wide Leg,Wide Leg,Ticari Malzemeler,Denim All,Denim All,Denim Pantolon,Denim All,Denim All,Denim Pants,Wide Leg
M101072-89189,Wide Leg,Wide Leg,Ticari Malzemeler,Denim All,Denim All,Denim Pantolon,Denim All,Denim All,Denim Pants,Wide Leg
M1074686314,Slim Straight,Slim Straight,Ticari Malzemeler,Denim All,Denim All,Denim Pantolon,Denim All,Denim All,Denim Pants,Slim Straight
M1070486887,Skinny,Skinny,Ticari Malzemeler,Denim All,Denim All,Denim Pantolon,Denim All,Denim All,Denim Pants,Skinny
M101077-83460,Mom,Mom,Ticari Malzemeler,Denim All,Denim All,Denim Pantolon,Denim All,Denim All,Denim Pants,Mom
M1010339-84213,Skinny,Skinny,Ticari Malzemeler,Denim All,Denim All,Denim Pantolon,Denim All,Denim All,Denim Pants,Skinny
M101048-86478,Slim Straight,Slim Straight,Ticari Malzemeler,Denim All,Denim All,Denim Pantolon,Denim All,Denim All,Denim Pants,Slim Straight
M1010349-84192,Flare,Flare,Ticari Malzemeler,Denim All,Denim All,Denim Pantolon,,,,
M1010530-89672,Straight,Straight,Ticari Malzemeler,Denim All,Denim All,Denim Pantolon,Denim All,Denim All,Denim Pants,Straight
M101048-83412,Slim Straight,Slim Straight,Ticari Malzemeler,Denim All,Denim All,Denim Pantolon,Denim All,Denim All,Denim Pants,Slim Straight
M101077-85803,Mom,Mom,Ticari Malzemeler,Denim All,Denim All,Denim Pantolon,Denim All,Denim All,Denim Pants,Mom
M1010727-88210,Wide Leg,Wide Leg,Ticari Malzemeler,Denim All,Denim All,Denim Pantolon,Denim All,Denim All,Denim Pants,Wide Leg
M1010840-88195,Straight,Straight,Ticari Malzemeler,Denim All,Denim All,Denim Pantolon,Denim All,Denim All,Denim Pants,Straight
M101077-83596,Mom,Mom,Ticari Malzemeler,Denim All,Denim All,Denim Pantolon,Denim All,Denim All,Denim Pants,Mom
M1010593-88093,Wide Leg,Wide Leg,Ticari Malzemeler,Denim All,Denim All,Denim Pantolon,Denim All,Denim All,Denim Pants,Wide Leg
M1067289955,Skinny,Skinny,Ticari Malzemeler,Denim All,Denim All,Denim Pantolon,Denim All,Denim All,Denim Pants,Skinny
M1070490071,Skinny,Skinny,Ticari Malzemeler,Denim All,Denim All,Denim Pantolon,Denim All,Denim All,Denim Pants,Skinny
M101441-84374,Straight,Straight,Ticari Malzemeler,Denim All,Denim All,Denim Pantolon,Denim All,Denim All,Denim Pants,Straight
M1072883431,Renkli Denim,Colored Denims,Ticari Malzemeler,Denim All,Denim All,Denim Pantolon,Denim All,Denim All,Denim Pants,Colored Denims
M1010339-87602,Skinny,Skinny,Ticari Malzemeler,Denim All,Denim All,Denim Pantolon,Denim All,Denim All,Denim Pants,Skinny
M100328-89972,Skinny,Skinny,Ticari Malzemeler,Denim All,Denim All,Denim Pantolon,Denim All,Denim All,Denim Pants,Skinny
M1010071-82258,Flare,Flare,Ticari Malzemeler,Denim All,Denim All,Denim Pantolon,,,,
M1010125-85596,Wide Leg,Wide Leg,Ticari Malzemeler,Denim All,Denim All,Denim Pantolon,Denim All,Denim All,Denim Pants,Wide Leg
M1070488924,Skinny,Skinny,Ticari Malzemeler,Denim All,Denim All,Denim Pantolon,Denim All,Denim All,Denim Pants,Skinny
M1010676-86854,Boyfriend,Boyfriend,Ticari Malzemeler,Denim All,Denim All,Denim Pantolon,Denim All,Denim All,Denim Pants,Boyfriend
M101077-83666,Mom,Mom,Ticari Malzemeler,Denim All,Denim All,Denim Pantolon,Denim All,Denim All,Denim Pants,Mom
M1010640-89994,Straight,Straight,Ticari Malzemeler,Denim All,Denim All,Denim Pantolon,Denim All,Denim All,Denim Pants,Straight
M1070484992,Skinny,Skinny,Ticari Malzemeler,Denim All,Denim All,Denim Pantolon,Denim All,Denim All,Denim Pants,Skinny
M100484-90078,Flare,Flare,Ticari Malzemeler,Denim All,Denim All,Denim Pantolon,,,,
M1010616-90002,Wide Leg,Wide Leg,Ticari Malzemeler,Denim All,Denim All,Denim Pantolon,Denim All,Denim All,Denim Pants,Wide Leg
M1010152-85279,Wide Leg,Wide Leg,Ticari Malzemeler,Denim All,Denim All,Denim Pantolon,Denim All,Denim All,Denim Pants,Wide Leg
M101077-87114,Mom,Mom,Ticari Malzemeler,Denim All,Denim All,Denim Pantolon,Denim All,Denim All,Denim Pants,Mom
M1072884991,Super Skinny,Super Skinny,Ticari Malzemeler,Denim All,Denim All,Denim Pantolon,Denim All,Denim All,Denim Pants,Super Skinny
M1010152-89045,Wide Leg,Wide Leg,Ticari Malzemeler,Denim All,Denim All,Denim Pantolon,Denim All,Denim All,Denim Pants,Wide Leg
M1010742-89118,Wide Leg,Wide Leg,Ticari Malzemeler,Denim All,Denim All,Denim Pantolon,Denim All,Denim All,Denim Pants,Wide Leg
M101560-85743,Flare,Flare,Ticari Malzemeler,Denim All,Denim All,Denim Pantolon,,,,
M101225-88115,Flare,Flare,Ticari Malzemeler,Denim All,Denim All,Denim Pantolon,,,,
M1010349-90442,Flare,Flare,Ticari Malzemeler,Denim All,Denim All,Denim Pantolon,,,,
M1070484986,Skinny,Skinny,Ticari Malzemeler,Denim All,Denim All,Denim Pantolon,Denim All,Denim All,Denim Pants,Skinny
M1010338-86213,Wide Leg,Wide Leg,Ticari Malzemeler,Denim All,Denim All,Denim Pantolon,Denim All,Denim All,Denim Pants,Wide Leg
M1012569-89482,Wide Leg,Wide Leg,Ticari Malzemeler,Denim All,Denim All,Denim Pantolon,Denim All,Denim All,Denim Pants,Wide Leg
M100277-82132,Mom,Mom,Ticari Malzemeler,Denim All,Denim All,Denim Pantolon,Denim All,Denim All,Denim Pants,Mom
M1074686328,Slim Straight,Slim Straight,Ticari Malzemeler,Denim All,Denim All,Denim Pantolon,Denim All,Denim All,Denim Pants,Slim Straight
M1017089961,Boyfriend,Boyfriend,Ticari Malzemeler,Denim All,Denim All,Denim Pantolon,Denim All,Denim All,Denim Pants,Boyfriend
M1020588192,Boyfriend,Boyfriend,Ticari Malzemeler,Denim All,Denim All,Denim Pantolon,Denim All,Denim All,Denim Pants,Boyfriend
M1074683391,Slim Straight,Slim Straight,Ticari Malzemeler,Denim All,Denim All,Denim Pantolon,Denim All,Denim All,Denim Pants,Slim Straight
M101077-86285,Mom,Mom,Ticari Malzemeler,Denim All,Denim All,Denim Pantolon,Denim All,Denim All,Denim Pants,Mom
M101225-83411,Flare,Flare,Ticari Malzemeler,Denim All,Denim All,Denim Pantolon,,,,
M1010840-89247,Straight,Straight,Ticari Malzemeler,Denim All,Denim All,Denim Pantolon,Denim All,Denim All,Denim Pants,Straight
M1012667-90953,Straight,Straight,Ticari Malzemeler,Denim All,Denim All,Denim Pantolon,Denim All,Denim All,Denim Pants,Straight
M101225-90058,Flare,Flare,Ticari Malzemeler,Denim All,Denim All,Denim Pantolon,,,,
M1010530-85670,Straight,Straight,Ticari Malzemeler,Denim All,Denim All,Denim Pantolon,Denim All,Denim All,Denim Pants,Straight
M100328-80978,Skinny,Skinny,Ticari Malzemeler,Denim All,Denim All,Denim Pantolon,Denim All,Denim All,Denim Pants,Skinny
M1081186018,Flare,Flare,Ticari Malzemeler,Denim All,Denim All,Denim Pantolon,,,,
M1074691135,Straight,Straight,Ticari Malzemeler,Denim All,Denim All,Denim Pantolon,Denim All,Denim All,Denim Pants,Straight
M1010885-88624,Wide Leg,Wide Leg,Ticari Malzemeler,Denim All,Denim All,Denim Pantolon,Denim All,Denim All,Denim Pants,Wide Leg
M1073489653,Super Skinny,Super Skinny,Ticari Malzemeler,Denim All,Denim All,Denim Pantolon,Denim All,Denim All,Denim Pants,Super Skinny
M100277-83826,Mom,Mom,Ticari Malzemeler,Denim All,Denim All,Denim Pantolon,Denim All,Denim All,Denim Pants,Mom
M101072-88212,Wide Leg,Wide Leg,Ticari Malzemeler,Denim All,Denim All,Denim Pantolon,Denim All,Denim All,Denim Pants,Wide Leg
M1010623-91140,Slim Straight,Slim Straight,Ticari Malzemeler,Denim All,Denim All,Denim Pantolon,Denim All,Denim All,Denim Pants,Slim Straight
M101047-83691,Straight,Straight,Ticari Malzemeler,Denim All,Denim All,Denim Pantolon,Denim All,Denim All,Denim Pants,Straight
M1010593-88211,Wide Leg,Wide Leg,Ticari Malzemeler,Denim All,Denim All,Denim Pantolon,Denim All,Denim All,Denim Pants,Wide Leg
M100328-83655,Skinny,Skinny,Ticari Malzemeler,Denim All,Denim All,Denim Pantolon,Denim All,Denim All,Denim Pants,Skinny
M1010349-90511,Flare,Flare,Ticari Malzemeler,Denim All,Denim All,Denim Pantolon,,,,
M1010353-86163,Wide Leg,Wide Leg,Ticari Malzemeler,Denim All,Denim All,Denim Pantolon,Denim All,Denim All,Denim Pants,Wide Leg
M1073485713,Super Skinny,Super Skinny,Ticari Malzemeler,Denim All,Denim All,Denim Pantolon,Denim All,Denim All,Denim Pants,Super Skinny
M101048-88735,Slim Straight,Slim Straight,Ticari Malzemeler,Denim All,Denim All,Denim Pantolon,Denim All,Denim All,Denim Pants,Slim Straight
M1049783649,Slim Straight,Slim Straight,Ticari Malzemeler,Denim All,Denim All,Denim Pantolon,Denim All,Denim All,Denim Pants,Slim Straight
M1010114-85377,Wide Leg,Wide Leg,Ticari Malzemeler,Denim All,Denim All,Denim Pantolon,Denim All,Denim All,Denim Pants,Wide Leg
M1010152-91439,Wide Leg,Wide Leg,Ticari Malzemeler,Denim All,Denim All,Denim Pantolon,Denim All,Denim All,Denim Pants,Wide Leg
M1070485727,Skinny,Skinny,Ticari Malzemeler,Denim All,Denim All,Denim Pantolon,Denim All,Denim All,Denim Pants,Skinny
M1072887628,Skinny,Skinny,Ticari Malzemeler,Denim All,Denim All,Denim Pantolon,Denim All,Denim All,Denim Pants,Skinny
M101437-82963,Flare,Flare,Ticari Malzemeler,Denim All,Denim All,Denim Pantolon,,,,
M1010200-88972,Flare,Flare,Ticari Malzemeler,Denim All,Denim All,Denim Pantolon,,,,
M1010938-89254,Baggy,Baggy,Ticari Malzemeler,Denim All,Denim All,Denim Pantolon,Denim All,Denim All,Denim Pants,Baggy
M1010608-86326,Mom,Mom,Ticari Malzemeler,Denim All,Denim All,Denim Pantolon,Denim All,Denim All,Denim Pants,Mom
M1012714-91275,Flare,Flare,Ticari Malzemeler,Denim All,Denim All,Denim Pantolon,,,,
M101441-84773,Straight,Straight,Ticari Malzemeler,Denim All,Denim All,Denim Pantolon,Denim All,Denim All,Denim Pants,Straight
M1067827260,Skinny,Skinny,Ticari Malzemeler,Denim All,Denim All,Denim Pantolon,Denim All,Denim All,Denim Pants,Skinny
M1013689190,Flare,Flare,Ticari Malzemeler,Denim All,Denim All,Denim Pantolon,,,,
M1010450-87639,Straight,Straight,Ticari Malzemeler,Denim All,Denim All,Denim Pantolon,Denim All,Denim All,Denim Pants,Straight
M1072883476,Super Skinny,Super Skinny,Ticari Malzemeler,Denim All,Denim All,Denim Pantolon,Denim All,Denim All,Denim Pants,Super Skinny
M1020584421,Boyfriend,Boyfriend,Ticari Malzemeler,Denim All,Denim All,Denim Pantolon,Denim All,Denim All,Denim Pants,Boyfriend
M101047-83690,Straight,Straight,Ticari Malzemeler,Denim All,Denim All,Denim Pantolon,Denim All,Denim All,Denim Pants,Straight
M1010114-86872,Wide Leg,Wide Leg,Ticari Malzemeler,Denim All,Denim All,Denim Pantolon,Denim All,Denim All,Denim Pants,Wide Leg
M1010353-83830,Wide Leg,Wide Leg,Ticari Malzemeler,Denim All,Denim All,Denim Pantolon,Denim All,Denim All,Denim Pants,Wide Leg
M1074689973,Slim Straight,Slim Straight,Ticari Malzemeler,Denim All,Denim All,Denim Pantolon,Denim All,Denim All,Denim Pants,Slim Straight
M1010381-87481,Wide Leg,Wide Leg,Ticari Malzemeler,Denim All,Denim All,Denim Pantolon,Denim All,Denim All,Denim Pants,Wide Leg
M1010938-89253,Baggy,Baggy,Ticari Malzemeler,Denim All,Denim All,Denim Pantolon,Denim All,Denim All,Denim Pants,Baggy
M101047-85122,Straight,Straight,Ticari Malzemeler,Denim All,Denim All,Denim Pantolon,Denim All,Denim All,Denim Pants,Straight
M1010914-90008,Wide Leg,Wide Leg,Ticari Malzemeler,Denim All,Denim All,Denim Pantolon,Denim All,Denim All,Denim Pants,Wide Leg
M1012645-91213,Straight,Straight,Ticari Malzemeler,Denim All,Denim All,Denim Pantolon,Denim All,Denim All,Denim Pants,Straight
M100484-83478,Flare,Flare,Ticari Malzemeler,Denim All,Denim All,Denim Pantolon,,,,
M1010749-90119,Baggy,Baggy,Ticari Malzemeler,Denim All,Denim All,Denim Pantolon,Denim All,Denim All,Denim Pants,Baggy
M1074688780,Slim Straight,Slim Straight,Ticari Malzemeler,Denim All,Denim All,Denim Pantolon,Denim All,Denim All,Denim Pants,Slim Straight
M101437-89191,Flare,Flare,Ticari Malzemeler,Denim All,Denim All,Denim Pantolon,,,,
M101048-84793,Slim Straight,Slim Straight,Ticari Malzemeler,Denim All,Denim All,Denim Pantolon,Denim All,Denim All,Denim Pants,Slim Straight
M1012570-89574,Wide Leg,Wide Leg,Ticari Malzemeler,Denim All,Denim All,Denim Pantolon,Denim All,Denim All,Denim Pants,Wide Leg
M1010626-88178,Straight,Straight,Ticari Malzemeler,Denim All,Denim All,Denim Pantolon,Denim All,Denim All,Denim Pants,Straight
M1020586447,Boyfriend,Boyfriend,Ticari Malzemeler,Denim All,Denim All,Denim Pantolon,Denim All,Denim All,Denim Pants,Boyfriend
M1010749-88370,Straight,Straight,Ticari Malzemeler,Denim All,Denim All,Denim Pantolon,Denim All,Denim All,Denim Pants,Straight
M1012644-90996,Wide Leg,Wide Leg,Ticari Malzemeler,Denim All,Denim All,Denim Pantolon,Denim All,Denim All,Denim Pants,Wide Leg
M1010623-90065,Slim Straight,Slim Straight,Ticari Malzemeler,Denim All,Denim All,Denim Pantolon,Denim All,Denim All,Denim Pants,Slim Straight
M1010986-88783,Flare,Flare,Ticari Malzemeler,Denim All,Denim All,Denim Pantolon,,,,
M1010338-86833,Other,Cord Pants,Ticari Malzemeler,Denim All,Denim All,Denim Pantolon,Denim All,Denim All,Denim Pants,Cord Pants
M1072888854,Skinny,Skinny,Ticari Malzemeler,Denim All,Denim All,Denim Pantolon,Denim All,Denim All,Denim Pants,Skinny
M1074688727,Slim Straight,Slim Straight,Ticari Malzemeler,Denim All,Denim All,Denim Pantolon,Denim All,Denim All,Denim Pants,Slim Straight
M100484-83515,Flare,Flare,Ticari Malzemeler,Denim All,Denim All,Denim Pantolon,,,,
M1081182193,Flare,Flare,Ticari Malzemeler,Denim All,Denim All,Denim Pantolon,,,,
M100484-90148,Flare,Flare,Ticari Malzemeler,Denim All,Denim All,Denim Pantolon,,,,
M1070485018,Skinny,Skinny,Ticari Malzemeler,Denim All,Denim All,Denim Pantolon,Denim All,Denim All,Denim Pants,Skinny
M1072886292,Skinny,Skinny,Ticari Malzemeler,Denim All,Denim All,Denim Pantolon,Denim All,Denim All,Denim Pants,Skinny
M1010114-89241,Wide Leg,Wide Leg,Ticari Malzemeler,Denim All,Denim All,Denim Pantolon,Denim All,Denim All,Denim Pants,Wide Leg
M101047-89262,Straight,Straight,Ticari Malzemeler,Denim All,Denim All,Denim Pantolon,Denim All,Denim All,Denim Pants,Straight
M1074688324,Slim Straight,Slim Straight,Ticari Malzemeler,Denim All,Denim All,Denim Pantolon,Denim All,Denim All,Denim Pants,Slim Straight
M1010353-86299,Wide Leg,Wide Leg,Ticari Malzemeler,Denim All,Denim All,Denim Pantolon,Denim All,Denim All,Denim Pants,Wide Leg
M101047-84802,Straight,Straight,Ticari Malzemeler,Denim All,Denim All,Denim Pantolon,Denim All,Denim All,Denim Pants,Straight
M1072886864,Skinny,Skinny,Ticari Malzemeler,Denim All,Denim All,Denim Pantolon,Denim All,Denim All,Denim Pants,Skinny
M1012626-90559,Straight,Straight,Ticari Malzemeler,Denim All,Denim All,Denim Pantolon,Denim All,Denim All,Denim Pants,Straight
M1019786293,Skinny,Skinny,Ticari Malzemeler,Denim All,Denim All,Denim Pantolon,Denim All,Denim All,Denim Pants,Skinny
M101047-83638,Straight,Straight,Ticari Malzemeler,Denim All,Denim All,Denim Pantolon,Denim All,Denim All,Denim Pants,Straight
M1043232047,Other,Maternity,Ticari Malzemeler,Denim All,Denim All,Denim Pantolon,Denim All,Denim All,Denim Pants,Maternity
M1018986304,Straight,Straight,Ticari Malzemeler,Denim All,Denim All,Denim Pantolon,Denim All,Denim All,Denim Pants,Straight
M1013690114,Flare,Flare,Ticari Malzemeler,Denim All,Denim All,Denim Pantolon,,,,
M100277-30104,Mom,Mom,Ticari Malzemeler,Denim All,Denim All,Denim Pantolon,Denim All,Denim All,Denim Pants,Mom
M1010339-83571,Skinny,Skinny,Ticari Malzemeler,Denim All,Denim All,Denim Pantolon,Denim All,Denim All,Denim Pants,Skinny
M100488-83411,Flare,Flare,Ticari Malzemeler,Denim All,Denim All,Denim Pantolon,,,,
M1010763-88363,Wide Leg,Wide Leg,Ticari Malzemeler,Denim All,Denim All,Denim Pantolon,Denim All,Denim All,Denim Pants,Wide Leg
M1010623-87470,Straight,Straight,Ticari Malzemeler,Denim All,Denim All,Denim Pantolon,Denim All,Denim All,Denim Pants,Straight
M1081191058,Flare,Flare,Ticari Malzemeler,Denim All,Denim All,Denim Pantolon,,,,
M101072-91206,Wide Leg,Wide Leg,Ticari Malzemeler,Denim All,Denim All,Denim Pantolon,Denim All,Denim All,Denim Pants,Wide Leg
M101153-87548,Mom,Mom,Ticari Malzemeler,Denim All,Denim All,Denim Pantolon,Denim All,Denim All,Denim Pants,Mom
M101225-85284,Flare,Flare,Ticari Malzemeler,Denim All,Denim All,Denim Pantolon,,,,
M101077-85611,Mom,Mom,Ticari Malzemeler,Denim All,Denim All,Denim Pantolon,Denim All,Denim All,Denim Pants,Mom
M1010914-85377,Wide Leg,Wide Leg,Ticari Malzemeler,Denim All,Denim All,Denim Pantolon,Denim All,Denim All,Denim Pants,Wide Leg
M1010152-90393,Wide Leg,Wide Leg,Ticari Malzemeler,Denim All,Denim All,Denim Pantolon,Denim All,Denim All,Denim Pants,Wide Leg
M101077-89180,Mom,Mom,Ticari Malzemeler,Denim All,Denim All,Denim Pantolon,Denim All,Denim All,Denim Pants,Mom
M1010338-84402,Wide Leg,Wide Leg,Ticari Malzemeler,Denim All,Denim All,Denim Pantolon,Denim All,Denim All,Denim Pants,Wide Leg
M1010483670,Wide Leg,Wide Leg,Ticari Malzemeler,Denim All,Denim All,Denim Pantolon,Denim All,Denim All,Denim Pants,Wide Leg
M1010599-87443,Wide Leg,Wide Leg,Ticari Malzemeler,Denim All,Denim All,Denim Pantolon,Denim All,Denim All,Denim Pants,Wide Leg
M1072884310,Super Skinny,Super Skinny,Ticari Malzemeler,Denim All,Denim All,Denim Pantolon,Denim All,Denim All,Denim Pants,Super Skinny
M1072883478,Super Skinny,Super Skinny,Ticari Malzemeler,Denim All,Denim All,Denim Pantolon,Denim All,Denim All,Denim Pants,Super Skinny
M1010733-89470,Wide Leg,Wide Leg,Ticari Malzemeler,Denim All,Denim All,Denim Pantolon,Denim All,Denim All,Denim Pants,Wide Leg
M1074687596,Slim Straight,Slim Straight,Ticari Malzemeler,Denim All,Denim All,Denim Pantolon,Denim All,Denim All,Denim Pants,Slim Straight
M1010986-90011,Flare,Flare,Ticari Malzemeler,Denim All,Denim All,Denim Pantolon,,,,
M1010200-90059,Flare,Flare,Ticari Malzemeler,Denim All,Denim All,Denim Pantolon,,,,
M1010928-88600,Mom,Mom,Ticari Malzemeler,Denim All,Denim All,Denim Pantolon,Denim All,Denim All,Denim Pants,Mom
M101225-85717,Flare,Flare,Ticari Malzemeler,Denim All,Denim All,Denim Pantolon,,,,
M101225-84993,Flare,Flare,Ticari Malzemeler,Denim All,Denim All,Denim Pantolon,,,,
M1010858-88392,Wide Leg,Wide Leg,Ticari Malzemeler,Denim All,Denim All,Denim Pantolon,Denim All,Denim All,Denim Pants,Wide Leg
M100488-88732,Flare,Flare,Ticari Malzemeler,Denim All,Denim All,Denim Pantolon,,,,
M1011044-89572,Baggy,Baggy,Ticari Malzemeler,Denim All,Denim All,Denim Pantolon,Denim All,Denim All,Denim Pants,Baggy
M1010640-87475,Straight,Straight,Ticari Malzemeler,Denim All,Denim All,Denim Pantolon,Denim All,Denim All,Denim Pants,Straight
M1070484996,Skinny,Skinny,Ticari Malzemeler,Denim All,Denim All,Denim Pantolon,Denim All,Denim All,Denim Pants,Skinny
M1073487592,Super Skinny,Super Skinny,Ticari Malzemeler,Denim All,Denim All,Denim Pantolon,Denim All,Denim All,Denim Pants,Super Skinny
M1070487116,Skinny,Skinny,Ticari Malzemeler,Denim All,Denim All,Denim Pantolon,Denim All,Denim All,Denim Pants,Skinny
M100488-84787,Flare,Flare,Ticari Malzemeler,Denim All,Denim All,Denim Pantolon,,,,
M101225-83388,Flare,Flare,Ticari Malzemeler,Denim All,Denim All,Denim Pantolon,,,,
M1010339-84985,Skinny,Skinny,Ticari Malzemeler,Denim All,Denim All,Denim Pantolon,Denim All,Denim All,Denim Pants,Skinny
M101046-31849,Wide Leg,Wide Leg,Ticari Malzemeler,Denim All,Denim All,Denim Pantolon,Denim All,Denim All,Denim Pants,Wide Leg
M1010381-89999,Wide Leg,Wide Leg,Ticari Malzemeler,Denim All,Denim All,Denim Pantolon,Denim All,Denim All,Denim Pants,Wide Leg
M1010763-89723,Wide Leg,Wide Leg,Ticari Malzemeler,Denim All,Denim All,Denim Pantolon,Denim All,Denim All,Denim Pants,Wide Leg
M1010152-87779,Wide Leg,Wide Leg,Ticari Malzemeler,Denim All,Denim All,Denim Pantolon,Denim All,Denim All,Denim Pants,Wide Leg
M1010626-87469,Straight,Straight,Ticari Malzemeler,Denim All,Denim All,Denim Pantolon,Denim All,Denim All,Denim Pants,Straight
M101437-90855,Flare,Flare,Ticari Malzemeler,Denim All,Denim All,Denim Pantolon,,,,
M1010469-89472,Straight,Straight,Ticari Malzemeler,Denim All,Denim All,Denim Pantolon,Denim All,Denim All,Denim Pants,Straight
M1012645-90804,Straight,Straight,Ticari Malzemeler,Denim All,Denim All,Denim Pantolon,Denim All,Denim All,Denim Pants,Straight
M101047-85115,Straight,Straight,Ticari Malzemeler,Denim All,Denim All,Denim Pantolon,Denim All,Denim All,Denim Pants,Straight
M1010616-86588,Wide Leg,Wide Leg,Ticari Malzemeler,Denim All,Denim All,Denim Pantolon,Denim All,Denim All,Denim Pants,Wide Leg
M101065-85255,Super Skinny,Super Skinny,Ticari Malzemeler,Denim All,Denim All,Denim Pantolon,Denim All,Denim All,Denim Pants,Super Skinny
M101225-87613,Flare,Flare,Ticari Malzemeler,Denim All,Denim All,Denim Pantolon,,,,
M1070491122,Skinny,Skinny,Ticari Malzemeler,Denim All,Denim All,Denim Pantolon,Denim All,Denim All,Denim Pants,Skinny
M1010469-89471,Straight,Straight,Ticari Malzemeler,Denim All,Denim All,Denim Pantolon,Denim All,Denim All,Denim Pants,Straight
M100328-88728,Skinny,Skinny,Ticari Malzemeler,Denim All,Denim All,Denim Pantolon,Denim All,Denim All,Denim Pants,Skinny
M100484-91118,Flare,Flare,Ticari Malzemeler,Denim All,Denim All,Denim Pantolon,,,,
M1010152-90514,Wide Leg,Wide Leg,Ticari Malzemeler,Denim All,Denim All,Denim Pantolon,Denim All,Denim All,Denim Pants,Wide Leg
M101072-88389,Wide Leg,Wide Leg,Ticari Malzemeler,Denim All,Denim All,Denim Pantolon,Denim All,Denim All,Denim Pants,Wide Leg
M1074682997,Slim Straight,Slim Straight,Ticari Malzemeler,Denim All,Denim All,Denim Pantolon,Denim All,Denim All,Denim Pants,Slim Straight
M101047-89261,Straight,Straight,Ticari Malzemeler,Denim All,Denim All,Denim Pantolon,Denim All,Denim All,Denim Pants,Straight
M1010600-86335,Baggy,Baggy,Ticari Malzemeler,Denim All,Denim All,Denim Pantolon,Denim All,Denim All,Denim Pants,Baggy
M1019783490,Skinny,Skinny,Ticari Malzemeler,Denim All,Denim All,Denim Pantolon,Denim All,Denim All,Denim Pants,Skinny
M1010339-83572,Skinny,Skinny,Ticari Malzemeler,Denim All,Denim All,Denim Pantolon,Denim All,Denim All,Denim Pants,Skinny
M1010600-88603,Baggy,Baggy,Ticari Malzemeler,Denim All,Denim All,Denim Pantolon,Denim All,Denim All,Denim Pants,Baggy
M101225-88886,Flare,Flare,Ticari Malzemeler,Denim All,Denim All,Denim Pantolon,,,,
M1010593-88788,Wide Leg,Wide Leg,Ticari Malzemeler,Denim All,Denim All,Denim Pantolon,Denim All,Denim All,Denim Pants,Wide Leg
M1010299-83039,Flare,Flare,Ticari Malzemeler,Denim All,Denim All,Denim Pantolon,,,,
M1010152-86804,Wide Leg,Wide Leg,Ticari Malzemeler,Denim All,Denim All,Denim Pantolon,Denim All,Denim All,Denim Pants,Wide Leg
M1010593-87063,Wide Leg,Wide Leg,Ticari Malzemeler,Denim All,Denim All,Denim Pantolon,Denim All,Denim All,Denim Pants,Wide Leg
M100488-87446,Flare,Flare,Ticari Malzemeler,Denim All,Denim All,Denim Pantolon,,,,
M1072886142,Skinny,Skinny,Ticari Malzemeler,Denim All,Denim All,Denim Pantolon,Denim All,Denim All,Denim Pants,Skinny
M1010578-89106,Flare,Flare,Ticari Malzemeler,Denim All,Denim All,Denim Pantolon,,,,
M1012570-89971,Wide Leg,Wide Leg,Ticari Malzemeler,Denim All,Denim All,Denim Pantolon,Denim All,Denim All,Denim Pants,Wide Leg
M1074690070,Slim Straight,Slim Straight,Ticari Malzemeler,Denim All,Denim All,Denim Pantolon,Denim All,Denim All,Denim Pants,Slim Straight
M101072-84809,Wide Leg,Wide Leg,Ticari Malzemeler,Denim All,Denim All,Denim Pantolon,Denim All,Denim All,Denim Pants,Wide Leg
M1010807-89002,Baggy,Baggy,Ticari Malzemeler,Denim All,Denim All,Denim Pantolon,Denim All,Denim All,Denim Pants,Baggy
M101441-83575,Straight,Straight,Ticari Malzemeler,Denim All,Denim All,Denim Pantolon,Denim All,Denim All,Denim Pants,Straight
M1010986-88779,Flare,Flare,Ticari Malzemeler,Denim All,Denim All,Denim Pantolon,,,,
M101077-83598,Mom,Mom,Ticari Malzemeler,Denim All,Denim All,Denim Pantolon,Denim All,Denim All,Denim Pants,Mom
M101077-86330,Mom,Mom,Ticari Malzemeler,Denim All,Denim All,Denim Pantolon,Denim All,Denim All,Denim Pants,Mom
M100277-86452,Mom,Mom,Ticari Malzemeler,Denim All,Denim All,Denim Pantolon,Denim All,Denim All,Denim Pants,Mom
M101048-86202,Slim Straight,Slim Straight,Ticari Malzemeler,Denim All,Denim All,Denim Pantolon,Denim All,Denim All,Denim Pants,Slim Straight
M1070485724,Skinny,Skinny,Ticari Malzemeler,Denim All,Denim All,Denim Pantolon,Denim All,Denim All,Denim Pants,Skinny
M1074683672,Slim Straight,Slim Straight,Ticari Malzemeler,Denim All,Denim All,Denim Pantolon,Denim All,Denim All,Denim Pants,Slim Straight
M100328-82232,Skinny,Skinny,Ticari Malzemeler,Denim All,Denim All,Denim Pantolon,Denim All,Denim All,Denim Pants,Skinny
M1067283390,Skinny,Skinny,Ticari Malzemeler,Denim All,Denim All,Denim Pantolon,Denim All,Denim All,Denim Pants,Skinny
M1073486305,Super Skinny,Super Skinny,Ticari Malzemeler,Denim All,Denim All,Denim Pantolon,Denim All,Denim All,Denim Pants,Super Skinny
M1010623-89674,Slim Straight,Slim Straight,Ticari Malzemeler,Denim All,Denim All,Denim Pantolon,Denim All,Denim All,Denim Pants,Slim Straight
M1073485712,Super Skinny,Super Skinny,Ticari Malzemeler,Denim All,Denim All,Denim Pantolon,Denim All,Denim All,Denim Pants,Super Skinny
M101077-82224,Mom,Mom,Ticari Malzemeler,Denim All,Denim All,Denim Pantolon,Denim All,Denim All,Denim Pants,Mom
M101560-86720,Flare,Flare,Ticari Malzemeler,Denim All,Denim All,Denim Pantolon,,,,
M1070489668,Skinny,Skinny,Ticari Malzemeler,Denim All,Denim All,Denim Pantolon,Denim All,Denim All,Denim Pants,Skinny
M1012651-91234,Baggy,Baggy,Ticari Malzemeler,Denim All,Denim All,Denim Pantolon,Denim All,Denim All,Denim Pants,Baggy
M1017083385,Boyfriend,Boyfriend,Ticari Malzemeler,Denim All,Denim All,Denim Pantolon,Denim All,Denim All,Denim Pants,Boyfriend
M100328-83380,Skinny,Skinny,Ticari Malzemeler,Denim All,Denim All,Denim Pantolon,Denim All,Denim All,Denim Pants,Skinny
M1010626-86513,Straight,Straight,Ticari Malzemeler,Denim All,Denim All,Denim Pantolon,Denim All,Denim All,Denim Pants,Straight
M1010114-86706,Wide Leg,Wide Leg,Ticari Malzemeler,Denim All,Denim All,Denim Pantolon,Denim All,Denim All,Denim Pants,Wide Leg
M101441-90995,Straight,Straight,Ticari Malzemeler,Denim All,Denim All,Denim Pantolon,Denim All,Denim All,Denim Pants,Straight
M1010764-87752,Straight,Straight,Ticari Malzemeler,Denim All,Denim All,Denim Pantolon,Denim All,Denim All,Denim Pants,Straight
M1074686885,Slim Straight,Slim Straight,Ticari Malzemeler,Denim All,Denim All,Denim Pantolon,Denim All,Denim All,Denim Pants,Slim Straight
M1074622002,Slim Straight,Slim Straight,Ticari Malzemeler,Denim All,Denim All,Denim Pantolon,Denim All,Denim All,Denim Pants,Slim Straight
M1010381-88179,Wide Leg,Wide Leg,Ticari Malzemeler,Denim All,Denim All,Denim Pantolon,Denim All,Denim All,Denim Pants,Wide Leg
M101077-88122,Mom,Mom,Ticari Malzemeler,Denim All,Denim All,Denim Pantolon,Denim All,Denim All,Denim Pants,Mom
M1081189968,Flare,Flare,Ticari Malzemeler,Denim All,Denim All,Denim Pantolon,,,,
M1010339-83522,Skinny,Skinny,Ticari Malzemeler,Denim All,Denim All,Denim Pantolon,Denim All,Denim All,Denim Pants,Skinny
M1070485707,Skinny,Skinny,Ticari Malzemeler,Denim All,Denim All,Denim Pantolon,Denim All,Denim All,Denim Pants,Skinny
M1012570-88730,Wide Leg,Wide Leg,Ticari Malzemeler,Denim All,Denim All,Denim Pantolon,Denim All,Denim All,Denim Pants,Wide Leg
M101441-84566,Straight,Straight,Ticari Malzemeler,Denim All,Denim All,Denim Pantolon,Denim All,Denim All,Denim Pants,Straight
M101114-84765,Boyfriend,Boyfriend,Ticari Malzemeler,Denim All,Denim All,Denim Pantolon,Denim All,Denim All,Denim Pants,Boyfriend
M1010924-89503,Flare,Flare,Ticari Malzemeler,Denim All,Denim All,Denim Pantolon,,,,
M101213-86471,Mom,Mom,Ticari Malzemeler,Denim All,Denim All,Denim Pantolon,Denim All,Denim All,Denim Pants,Mom
M1072883477,Super Skinny,Super Skinny,Ticari Malzemeler,Denim All,Denim All,Denim Pantolon,Denim All,Denim All,Denim Pants,Super Skinny
M101339-85945,Other,Büyük Beden,Ticari Malzemeler,Denim All,Denim All,Denim Pantolon,Denim All,Denim All,Denim Pants,Curvy
M1010152-88317,Wide Leg,Wide Leg,Ticari Malzemeler,Denim All,Denim All,Denim Pantolon,Denim All,Denim All,Denim Pants,Wide Leg
M1049785294,Slim Straight,Slim Straight,Ticari Malzemeler,Denim All,Denim All,Denim Pantolon,Denim All,Denim All,Denim Pants,Slim Straight
M100328-88114,Skinny,Skinny,Ticari Malzemeler,Denim All,Denim All,Denim Pantolon,Denim All,Denim All,Denim Pants,Skinny
M100328-83654,Skinny,Skinny,Ticari Malzemeler,Denim All,Denim All,Denim Pantolon,Denim All,Denim All,Denim Pants,Skinny
M1010152-88976,Wide Leg,Wide Leg,Ticari Malzemeler,Denim All,Denim All,Denim Pantolon,Denim All,Denim All,Denim Pants,Wide Leg
M1010626-88602,Wide Leg,Wide Leg,Ticari Malzemeler,Denim All,Denim All,Denim Pantolon,Denim All,Denim All,Denim Pants,Wide Leg
M1010349-83634,Flare,Flare,Ticari Malzemeler,Denim All,Denim All,Denim Pantolon,,,,
M101225-84107,Flare,Flare,Ticari Malzemeler,Denim All,Denim All,Denim Pantolon,,,,
M101077-83643,Mom,Mom,Ticari Malzemeler,Denim All,Denim All,Denim Pantolon,Denim All,Denim All,Denim Pants,Mom
M1070483456,Skinny,Skinny,Ticari Malzemeler,Denim All,Denim All,Denim Pantolon,Denim All,Denim All,Denim Pants,Skinny
M100277-90993,Mom,Mom,Ticari Malzemeler,Denim All,Denim All,Denim Pantolon,Denim All,Denim All,Denim Pants,Mom
M1010200-85740,Flare,Flare,Ticari Malzemeler,Denim All,Denim All,Denim Pantolon,,,,
M1010523-85667,Straight,Straight,Ticari Malzemeler,Denim All,Denim All,Denim Pantolon,Denim All,Denim All,Denim Pants,Straight
M1010616-87976,Straight,Straight,Ticari Malzemeler,Denim All,Denim All,Denim Pantolon,Denim All,Denim All,Denim Pants,Straight
M1020533422,Boyfriend,Boyfriend,Ticari Malzemeler,Denim All,Denim All,Denim Pantolon,Denim All,Denim All,Denim Pants,Boyfriend
M1073487587,Super Skinny,Super Skinny,Ticari Malzemeler,Denim All,Denim All,Denim Pantolon,Denim All,Denim All,Denim Pants,Super Skinny
M1010623-91130,Slim Straight,Slim Straight,Ticari Malzemeler,Denim All,Denim All,Denim Pantolon,Denim All,Denim All,Denim Pants,Slim Straight
M1010338-83398,Wide Leg,Wide Leg,Ticari Malzemeler,Denim All,Denim All,Denim Pantolon,Denim All,Denim All,Denim Pants,Wide Leg
M1049733699,Slim Straight,Slim Straight,Ticari Malzemeler,Denim All,Denim All,Denim Pantolon,Denim All,Denim All,Denim Pants,Slim Straight
M1010763-87748,Wide Leg,Wide Leg,Ticari Malzemeler,Denim All,Denim All,Denim Pantolon,Denim All,Denim All,Denim Pants,Wide Leg
M101047-84801,Straight,Straight,Ticari Malzemeler,Denim All,Denim All,Denim Pantolon,Denim All,Denim All,Denim Pants,Straight
M1010024-83463,Straight,Straight,Ticari Malzemeler,Denim All,Denim All,Denim Pantolon,Denim All,Denim All,Denim Pants,Straight
M101047-91442,Straight,Straight,Ticari Malzemeler,Denim All,Denim All,Denim Pantolon,Denim All,Denim All,Denim Pants,Straight
M1049790508,Slim Straight,Slim Straight,Ticari Malzemeler,Denim All,Denim All,Denim Pantolon,Denim All,Denim All,Denim Pants,Slim Straight
M101225-88310,Flare,Flare,Ticari Malzemeler,Denim All,Denim All,Denim Pantolon,,,,
M1010152-87556,Wide Leg,Wide Leg,Ticari Malzemeler,Denim All,Denim All,Denim Pantolon,Denim All,Denim All,Denim Pants,Wide Leg
M101114-88731,Boyfriend,Boyfriend,Ticari Malzemeler,Denim All,Denim All,Denim Pantolon,Denim All,Denim All,Denim Pants,Boyfriend
M1074685721,Slim Straight,Slim Straight,Ticari Malzemeler,Denim All,Denim All,Denim Pantolon,Denim All,Denim All,Denim Pants,Slim Straight
M101114-83393,Boyfriend,Boyfriend,Ticari Malzemeler,Denim All,Denim All,Denim Pantolon,Denim All,Denim All,Denim Pants,Boyfriend
M1010235-85010,Straight,Straight,Ticari Malzemeler,Denim All,Denim All,Denim Pantolon,Denim All,Denim All,Denim Pants,Straight
M100277-87925,Mom,Mom,Ticari Malzemeler,Denim All,Denim All,Denim Pantolon,Denim All,Denim All,Denim Pants,Mom
M101225-91125,Flare,Flare,Ticari Malzemeler,Denim All,Denim All,Denim Pantolon,,,,
M101225-90538,Flare,Flare,Ticari Malzemeler,Denim All,Denim All,Denim Pantolon,,,,
M101213-35250,Mom,Mom,Ticari Malzemeler,Denim All,Denim All,Denim Pantolon,Denim All,Denim All,Denim Pants,Mom
M101225-89121,Flare,Flare,Ticari Malzemeler,Denim All,Denim All,Denim Pantolon,,,,
M1010623-87460,Straight,Straight,Ticari Malzemeler,Denim All,Denim All,Denim Pantolon,Denim All,Denim All,Denim Pants,Straight
M101047-85681,Straight,Straight,Ticari Malzemeler,Denim All,Denim All,Denim Pantolon,Denim All,Denim All,Denim Pants,Straight
M1010152-81461,Wide Leg,Wide Leg,Ticari Malzemeler,Denim All,Denim All,Denim Pantolon,Denim All,Denim All,Denim Pants,Wide Leg
M101076-88588,Baggy,Baggy,Ticari Malzemeler,Denim All,Denim All,Denim Pantolon,Denim All,Denim All,Denim Pants,Baggy
M1010125-86451,Wide Leg,Wide Leg,Ticari Malzemeler,Denim All,Denim All,Denim Pantolon,Denim All,Denim All,Denim Pants,Wide Leg
M1010349-86463,Flare,Flare,Ticari Malzemeler,Denim All,Denim All,Denim Pantolon,,,,
M1010986-89979,Flare,Flare,Ticari Malzemeler,Denim All,Denim All,Denim Pantolon,,,,
M1010578-89223,Flare,Flare,Ticari Malzemeler,Denim All,Denim All,Denim Pantolon,,,,
M101072-84981,Wide Leg,Wide Leg,Ticari Malzemeler,Denim All,Denim All,Denim Pantolon,Denim All,Denim All,Denim Pants,Wide Leg
M1070484299,Skinny,Skinny,Ticari Malzemeler,Denim All,Denim All,Denim Pantolon,Denim All,Denim All,Denim Pants,Skinny
M101560-82662,Flare,Flare,Ticari Malzemeler,Denim All,Denim All,Denim Pantolon,,,,
M1010677-88899,Boyfriend,Boyfriend,Ticari Malzemeler,Denim All,Denim All,Denim Pantolon,Denim All,Denim All,Denim Pants,Boyfriend
M1020581363,Boyfriend,Boyfriend,Ticari Malzemeler,Denim All,Denim All,Denim Pantolon,Denim All,Denim All,Denim Pants,Boyfriend
M1010152-91120,Wide Leg,Wide Leg,Ticari Malzemeler,Denim All,Denim All,Denim Pantolon,Denim All,Denim All,Denim Pants,Wide Leg
M1010600-90049,Baggy,Baggy,Ticari Malzemeler,Denim All,Denim All,Denim Pantolon,Denim All,Denim All,Denim Pants,Baggy
M100277-87897,Mom,Mom,Ticari Malzemeler,Denim All,Denim All,Denim Pantolon,Denim All,Denim All,Denim Pants,Mom
M101047-81055,Straight,Straight,Ticari Malzemeler,Denim All,Denim All,Denim Pantolon,Denim All,Denim All,Denim Pants,Straight
M101072-83637,Wide Leg,Wide Leg,Ticari Malzemeler,Denim All,Denim All,Denim Pantolon,Denim All,Denim All,Denim Pants,Wide Leg
M1010600-89664,Baggy,Baggy,Ticari Malzemeler,Denim All,Denim All,Denim Pantolon,Denim All,Denim All,Denim Pants,Baggy
M101077-83035,Mom,Mom,Ticari Malzemeler,Denim All,Denim All,Denim Pantolon,Denim All,Denim All,Denim Pants,Mom
M100277-90500,Mom,Mom,Ticari Malzemeler,Denim All,Denim All,Denim Pantolon,Denim All,Denim All,Denim Pants,Mom
M1010720-88363,Wide Leg,Wide Leg,Ticari Malzemeler,Denim All,Denim All,Denim Pantolon,Denim All,Denim All,Denim Pants,Wide Leg
M1010339-84311,Skinny,Skinny,Ticari Malzemeler,Denim All,Denim All,Denim Pantolon,Denim All,Denim All,Denim Pants,Skinny
M100277-85280,Mom,Mom,Ticari Malzemeler,Denim All,Denim All,Denim Pantolon,Denim All,Denim All,Denim Pants,Mom
M1010917-91354,Straight,Straight,Ticari Malzemeler,Denim All,Denim All,Denim Pantolon,Denim All,Denim All,Denim Pants,Straight
M1070488929,Skinny,Skinny,Ticari Malzemeler,Denim All,Denim All,Denim Pantolon,Denim All,Denim All,Denim Pants,Skinny
M1070484234,Skinny,Skinny,Ticari Malzemeler,Denim All,Denim All,Denim Pantolon,Denim All,Denim All,Denim Pants,Skinny
M101077-84315,Mom,Mom,Ticari Malzemeler,Denim All,Denim All,Denim Pantolon,Denim All,Denim All,Denim Pants,Mom
M1013687457,Flare,Flare,Ticari Malzemeler,Denim All,Denim All,Denim Pantolon,,,,
M101441-86297,Straight,Straight,Ticari Malzemeler,Denim All,Denim All,Denim Pantolon,Denim All,Denim All,Denim Pants,Straight
M1010755-87547,Wide Leg,Wide Leg,Ticari Malzemeler,Denim All,Denim All,Denim Pantolon,Denim All,Denim All,Denim Pants,Wide Leg
M1010856-88387,Baggy,Baggy,Ticari Malzemeler,Denim All,Denim All,Denim Pantolon,Denim All,Denim All,Denim Pants,Baggy
M1010986-90010,Flare,Flare,Ticari Malzemeler,Denim All,Denim All,Denim Pantolon,,,,
M101225-86421,Flare,Flare,Ticari Malzemeler,Denim All,Denim All,Denim Pantolon,,,,
M1073483783,Super Skinny,Super Skinny,Ticari Malzemeler,Denim All,Denim All,Denim Pantolon,Denim All,Denim All,Denim Pants,Super Skinny
M101048-84110,Slim Straight,Slim Straight,Ticari Malzemeler,Denim All,Denim All,Denim Pantolon,Denim All,Denim All,Denim Pants,Slim Straight
M1010585-86165,Wide Leg,Wide Leg,Ticari Malzemeler,Denim All,Denim All,Denim Pantolon,Denim All,Denim All,Denim Pants,Wide Leg
M101114-89966,Boyfriend,Boyfriend,Ticari Malzemeler,Denim All,Denim All,Denim Pantolon,Denim All,Denim All,Denim Pants,Boyfriend
M1010469-88458,Straight,Straight,Ticari Malzemeler,Denim All,Denim All,Denim Pantolon,Denim All,Denim All,Denim Pants,Straight
M1010450-86229,Straight,Straight,Ticari Malzemeler,Denim All,Denim All,Denim Pantolon,Denim All,Denim All,Denim Pants,Straight
M1010381-85006,Wide Leg,Wide Leg,Ticari Malzemeler,Denim All,Denim All,Denim Pantolon,Denim All,Denim All,Denim Pants,Wide Leg
M1010609-86316,Boyfriend,Boyfriend,Ticari Malzemeler,Denim All,Denim All,Denim Pantolon,Denim All,Denim All,Denim Pants,Boyfriend
M101225-88314,Flare,Flare,Ticari Malzemeler,Denim All,Denim All,Denim Pantolon,,,,
M1013624623,Flare,Flare,Ticari Malzemeler,Denim All,Denim All,Denim Pantolon,,,,
M100277-86456,Mom,Mom,Ticari Malzemeler,Denim All,Denim All,Denim Pantolon,Denim All,Denim All,Denim Pants,Mom
M101047-83754,Straight,Straight,Ticari Malzemeler,Denim All,Denim All,Denim Pantolon,Denim All,Denim All,Denim Pants,Straight
M1010338-85131,Wide Leg,Wide Leg,Ticari Malzemeler,Denim All,Denim All,Denim Pantolon,Denim All,Denim All,Denim Pants,Wide Leg
M101153-90053,Baggy,Baggy,Ticari Malzemeler,Denim All,Denim All,Denim Pantolon,Denim All,Denim All,Denim Pants,Baggy
M1074684990,Slim Straight,Slim Straight,Ticari Malzemeler,Denim All,Denim All,Denim Pantolon,Denim All,Denim All,Denim Pants,Slim Straight
M1070490939,Skinny,Skinny,Ticari Malzemeler,Denim All,Denim All,Denim Pantolon,Denim All,Denim All,Denim Pants,Skinny
M1010914-88748,Wide Leg,Wide Leg,Ticari Malzemeler,Denim All,Denim All,Denim Pantolon,Denim All,Denim All,Denim Pants,Wide Leg
M1017089957,Boyfriend,Boyfriend,Ticari Malzemeler,Denim All,Denim All,Denim Pantolon,Denim All,Denim All,Denim Pants,Boyfriend
M1074686459,Slim Straight,Slim Straight,Ticari Malzemeler,Denim All,Denim All,Denim Pantolon,Denim All,Denim All,Denim Pants,Slim Straight
M1010807-88160,Baggy,Baggy,Ticari Malzemeler,Denim All,Denim All,Denim Pantolon,Denim All,Denim All,Denim Pants,Baggy
M101047-86438,Straight,Straight,Ticari Malzemeler,Denim All,Denim All,Denim Pantolon,Denim All,Denim All,Denim Pants,Straight
M1012570-89987,Wide Leg,Wide Leg,Ticari Malzemeler,Denim All,Denim All,Denim Pantolon,Denim All,Denim All,Denim Pants,Wide Leg
M1070490147,Skinny,Skinny,Ticari Malzemeler,Denim All,Denim All,Denim Pantolon,Denim All,Denim All,Denim Pants,Skinny
M1010071-86428,Flare,Flare,Ticari Malzemeler,Denim All,Denim All,Denim Pantolon,,,,
M101298-85130,Slim Straight,Slim Straight,Ticari Malzemeler,Denim All,Denim All,Denim Pantolon,Denim All,Denim All,Denim Pants,Slim Straight
M1010917-89231,Straight,Straight,Ticari Malzemeler,Denim All,Denim All,Denim Pantolon,Denim All,Denim All,Denim Pants,Straight
M1010627-87211,Straight,Straight,Ticari Malzemeler,Denim All,Denim All,Denim Pantolon,Denim All,Denim All,Denim Pants,Straight
M414934-82224,Mom,Mom,Ticari Malzemeler,Denim All,Denim All,Denim Pantolon,Denim All,Denim All,Denim Pants,Mom
M1020585598,Boyfriend,Boyfriend,Ticari Malzemeler,Denim All,Denim All,Denim Pantolon,Denim All,Denim All,Denim Pants,Boyfriend
M101441-83663,Straight,Straight,Ticari Malzemeler,Denim All,Denim All,Denim Pantolon,Denim All,Denim All,Denim Pants,Straight
M1010114-86185,Wide Leg,Wide Leg,Ticari Malzemeler,Denim All,Denim All,Denim Pantolon,Denim All,Denim All,Denim Pants,Wide Leg
M101114-88719,Boyfriend,Boyfriend,Ticari Malzemeler,Denim All,Denim All,Denim Pantolon,Denim All,Denim All,Denim Pants,Boyfriend
M101489-35495,Flare,Flare,Ticari Malzemeler,Denim All,Denim All,Denim Pantolon,,,,
M101048-83408,Slim Straight,Slim Straight,Ticari Malzemeler,Denim All,Denim All,Denim Pantolon,Denim All,Denim All,Denim Pants,Slim Straight
M101453-82136,Mom,Mom,Ticari Malzemeler,Denim All,Denim All,Denim Pantolon,Denim All,Denim All,Denim Pants,Mom
M1072884318,Super Skinny,Super Skinny,Ticari Malzemeler,Denim All,Denim All,Denim Pantolon,Denim All,Denim All,Denim Pants,Super Skinny
M100484-90057,Flare,Flare,Ticari Malzemeler,Denim All,Denim All,Denim Pantolon,,,,
M1010339-86319,Skinny,Skinny,Ticari Malzemeler,Denim All,Denim All,Denim Pantolon,Denim All,Denim All,Denim Pants,Skinny
M1012570-89573,Wide Leg,Wide Leg,Ticari Malzemeler,Denim All,Denim All,Denim Pantolon,Denim All,Denim All,Denim Pants,Wide Leg
M1011042-89422,Straight,Straight,Ticari Malzemeler,Denim All,Denim All,Denim Pantolon,Denim All,Denim All,Denim Pants,Straight
M100277-35250,Mom,Mom,Ticari Malzemeler,Denim All,Denim All,Denim Pantolon,Denim All,Denim All,Denim Pants,Mom
M101047-83693,Straight,Straight,Ticari Malzemeler,Denim All,Denim All,Denim Pantolon,Denim All,Denim All,Denim Pants,Straight
M1074688114,Slim Straight,Slim Straight,Ticari Malzemeler,Denim All,Denim All,Denim Pantolon,Denim All,Denim All,Denim Pants,Slim Straight
M1010152-88307,Wide Leg,Wide Leg,Ticari Malzemeler,Denim All,Denim All,Denim Pantolon,Denim All,Denim All,Denim Pants,Wide Leg
M101077-85702,Mom,Mom,Ticari Malzemeler,Denim All,Denim All,Denim Pantolon,Denim All,Denim All,Denim Pants,Mom
M1010960-89249,Wide Leg,Wide Leg,Ticari Malzemeler,Denim All,Denim All,Denim Pantolon,Denim All,Denim All,Denim Pants,Wide Leg
M1010819-88622,Wide Leg,Wide Leg,Ticari Malzemeler,Denim All,Denim All,Denim Pantolon,Denim All,Denim All,Denim Pants,Wide Leg
M1010152-91440,Wide Leg,Wide Leg,Ticari Malzemeler,Denim All,Denim All,Denim Pantolon,Denim All,Denim All,Denim Pants,Wide Leg
M1010200-83454,Flare,Flare,Ticari Malzemeler,Denim All,Denim All,Denim Pantolon,,,,
M101049-85014,Super Skinny,Super Skinny,Ticari Malzemeler,Denim All,Denim All,Denim Pantolon,Denim All,Denim All,Denim Pants,Super Skinny
M1010152-84023,Wide Leg,Wide Leg,Ticari Malzemeler,Denim All,Denim All,Denim Pantolon,Denim All,Denim All,Denim Pants,Wide Leg
M1010200-83453,Flare,Flare,Ticari Malzemeler,Denim All,Denim All,Denim Pantolon,,,,
M1012570-86833,Wide Leg,Wide Leg,Ticari Malzemeler,Denim All,Denim All,Denim Pantolon,Denim All,Denim All,Denim Pants,Wide Leg
M1072886330,Skinny,Skinny,Ticari Malzemeler,Denim All,Denim All,Denim Pantolon,Denim All,Denim All,Denim Pants,Skinny
M1072884211,Super Skinny,Super Skinny,Ticari Malzemeler,Denim All,Denim All,Denim Pantolon,Denim All,Denim All,Denim Pants,Super Skinny
M100328-89569,Skinny,Skinny,Ticari Malzemeler,Denim All,Denim All,Denim Pantolon,Denim All,Denim All,Denim Pants,Skinny
M1087286144,Skinny,Skinny,Ticari Malzemeler,Denim All,Denim All,Denim Pantolon,Denim All,Denim All,Denim Pants,Skinny
M1072883513,Super Skinny,Super Skinny,Ticari Malzemeler,Denim All,Denim All,Denim Pantolon,Denim All,Denim All,Denim Pants,Super Skinny
M101225-83035,Flare,Flare,Ticari Malzemeler,Denim All,Denim All,Denim Pantolon,,,,
M1010585-86166,Wide Leg,Wide Leg,Ticari Malzemeler,Denim All,Denim All,Denim Pantolon,Denim All,Denim All,Denim Pants,Wide Leg
B1010949-88488,Wide Leg,Wide Leg,Ticari Malzemeler,Denim All,Denim All,Denim Pantolon,Denim All,Denim All,Denim Pants,Wide Leg
M1013683650,Flare,Flare,Ticari Malzemeler,Denim All,Denim All,Denim Pantolon,,,,
M1010533-86855,Boyfriend,Boyfriend,Ticari Malzemeler,Denim All,Denim All,Denim Pantolon,Denim All,Denim All,Denim Pants,Boyfriend
M1067289961,Skinny,Skinny,Ticari Malzemeler,Denim All,Denim All,Denim Pantolon,Denim All,Denim All,Denim Pants,Skinny
M1010616-86814,Wide Leg,Wide Leg,Ticari Malzemeler,Denim All,Denim All,Denim Pantolon,Denim All,Denim All,Denim Pants,Wide Leg
M101225-84298,Flare,Flare,Ticari Malzemeler,Denim All,Denim All,Denim Pantolon,,,,
M1070488342,Skinny,Skinny,Ticari Malzemeler,Denim All,Denim All,Denim Pantolon,Denim All,Denim All,Denim Pants,Skinny
M1070484978,Skinny,Skinny,Ticari Malzemeler,Denim All,Denim All,Denim Pantolon,Denim All,Denim All,Denim Pants,Skinny
M1010200-91126,Flare,Flare,Ticari Malzemeler,Denim All,Denim All,Denim Pantolon,,,,
M1010914-90009,Wide Leg,Wide Leg,Ticari Malzemeler,Denim All,Denim All,Denim Pantolon,Denim All,Denim All,Denim Pants,Wide Leg
M1010152-88348,Wide Leg,Wide Leg,Ticari Malzemeler,Denim All,Denim All,Denim Pantolon,Denim All,Denim All,Denim Pants,Wide Leg
M101065-32045,Super Skinny,Super Skinny,Ticari Malzemeler,Denim All,Denim All,Denim Pantolon,Denim All,Denim All,Denim Pants,Super Skinny
M1072883479,Super Skinny,Super Skinny,Ticari Malzemeler,Denim All,Denim All,Denim Pantolon,Denim All,Denim All,Denim Pants,Super Skinny
M1020586628,Boyfriend,Boyfriend,Ticari Malzemeler,Denim All,Denim All,Denim Pantolon,Denim All,Denim All,Denim Pants,Boyfriend
M1010914-89986,Wide Leg,Wide Leg,Ticari Malzemeler,Denim All,Denim All,Denim Pantolon,Denim All,Denim All,Denim Pants,Wide Leg
M101441-88746,Straight,Straight,Ticari Malzemeler,Denim All,Denim All,Denim Pantolon,Denim All,Denim All,Denim Pants,Straight
M1010071-85603,Flare,Flare,Ticari Malzemeler,Denim All,Denim All,Denim Pantolon,,,,
M1073486291,Super Skinny,Super Skinny,Ticari Malzemeler,Denim All,Denim All,Denim Pantolon,Denim All,Denim All,Denim Pants,Super Skinny
M1010600-88975,Baggy,Baggy,Ticari Malzemeler,Denim All,Denim All,Denim Pantolon,Denim All,Denim All,Denim Pants,Baggy
M100980-33687,Super Skinny,Super Skinny,Ticari Malzemeler,Denim All,Denim All,Denim Pantolon,Denim All,Denim All,Denim Pants,Super Skinny
M100328-31910,Skinny,Skinny,Ticari Malzemeler,Denim All,Denim All,Denim Pantolon,Denim All,Denim All,Denim Pants,Skinny
M1010749-88207,Straight,Straight,Ticari Malzemeler,Denim All,Denim All,Denim Pantolon,Denim All,Denim All,Denim Pants,Straight
M1081189714,Flare,Flare,Ticari Malzemeler,Denim All,Denim All,Denim Pantolon,,,,
M1074685738,Slim Straight,Slim Straight,Ticari Malzemeler,Denim All,Denim All,Denim Pantolon,Denim All,Denim All,Denim Pants,Slim Straight
M100277-89186,Mom,Mom,Ticari Malzemeler,Denim All,Denim All,Denim Pantolon,Denim All,Denim All,Denim Pants,Mom
M1010623-90043,Slim Straight,Slim Straight,Ticari Malzemeler,Denim All,Denim All,Denim Pantolon,Denim All,Denim All,Denim Pants,Slim Straight
M1010349-89224,Flare,Flare,Ticari Malzemeler,Denim All,Denim All,Denim Pantolon,,,,
M101441-84755,Straight,Straight,Ticari Malzemeler,Denim All,Denim All,Denim Pantolon,Denim All,Denim All,Denim Pants,Straight
M1010114-83682,Wide Leg,Wide Leg,Ticari Malzemeler,Denim All,Denim All,Denim Pantolon,Denim All,Denim All,Denim Pants,Wide Leg
B1012697-91181,Baggy,Baggy,Ticari Malzemeler,Denim All,Denim All,Denim Pantolon,Denim All,Denim All,Denim Pants,Baggy
M100484-90079,Flare,Flare,Ticari Malzemeler,Denim All,Denim All,Denim Pantolon,,,,
M1010858-89119,Wide Leg,Wide Leg,Ticari Malzemeler,Denim All,Denim All,Denim Pantolon,Denim All,Denim All,Denim Pants,Wide Leg
M1010152-91146,Wide Leg,Wide Leg,Ticari Malzemeler,Denim All,Denim All,Denim Pantolon,Denim All,Denim All,Denim Pants,Wide Leg
M101441-88452,Straight,Straight,Ticari Malzemeler,Denim All,Denim All,Denim Pantolon,Denim All,Denim All,Denim Pants,Straight
M1012666-90558,Wide Leg,Wide Leg,Ticari Malzemeler,Denim All,Denim All,Denim Pantolon,Denim All,Denim All,Denim Pants,Wide Leg
M101046-84392,Wide Leg,Wide Leg,Ticari Malzemeler,Denim All,Denim All,Denim Pantolon,Denim All,Denim All,Denim Pants,Wide Leg
M101077-85261,Mom,Mom,Ticari Malzemeler,Denim All,Denim All,Denim Pantolon,Denim All,Denim All,Denim Pants,Mom
M101225-89671,Flare,Flare,Ticari Malzemeler,Denim All,Denim All,Denim Pantolon,,,,
M1013689960,Flare,Flare,Ticari Malzemeler,Denim All,Denim All,Denim Pantolon,,,,
M101213-84108,Mom,Mom,Ticari Malzemeler,Denim All,Denim All,Denim Pantolon,Denim All,Denim All,Denim Pants,Mom
M1010114-85378,Wide Leg,Wide Leg,Ticari Malzemeler,Denim All,Denim All,Denim Pantolon,Denim All,Denim All,Denim Pants,Wide Leg
M101441-84416,Straight,Straight,Ticari Malzemeler,Denim All,Denim All,Denim Pantolon,Denim All,Denim All,Denim Pants,Straight
M1019784989,Skinny,Skinny,Ticari Malzemeler,Denim All,Denim All,Denim Pantolon,Denim All,Denim All,Denim Pants,Skinny
M101077-84979,Mom,Mom,Ticari Malzemeler,Denim All,Denim All,Denim Pantolon,Denim All,Denim All,Denim Pants,Mom
M101489-84070,Flare,Flare,Ticari Malzemeler,Denim All,Denim All,Denim Pantolon,,,,
M1010530-89874,Straight,Straight,Ticari Malzemeler,Denim All,Denim All,Denim Pantolon,Denim All,Denim All,Denim Pants,Straight
M1017088773,Boyfriend,Boyfriend,Ticari Malzemeler,Denim All,Denim All,Denim Pantolon,Denim All,Denim All,Denim Pants,Boyfriend
M1010727-90518,Wide Leg,Wide Leg,Ticari Malzemeler,Denim All,Denim All,Denim Pantolon,Denim All,Denim All,Denim Pants,Wide Leg
M1010381-86248,Wide Leg,Wide Leg,Ticari Malzemeler,Denim All,Denim All,Denim Pantolon,Denim All,Denim All,Denim Pants,Wide Leg
M1074688393,Slim Straight,Slim Straight,Ticari Malzemeler,Denim All,Denim All,Denim Pantolon,Denim All,Denim All,Denim Pants,Slim Straight
M101077-83642,Mom,Mom,Ticari Malzemeler,Denim All,Denim All,Denim Pantolon,Denim All,Denim All,Denim Pants,Mom
M1010599-86188,Wide Leg,Wide Leg,Ticari Malzemeler,Denim All,Denim All,Denim Pantolon,Denim All,Denim All,Denim Pants,Wide Leg
M1010609-87603,Boyfriend,Boyfriend,Ticari Malzemeler,Denim All,Denim All,Denim Pantolon,Denim All,Denim All,Denim Pants,Boyfriend
M101180-85009,Straight,Straight,Ticari Malzemeler,Denim All,Denim All,Denim Pantolon,Denim All,Denim All,Denim Pants,Straight
M1072889651,Skinny,Skinny,Ticari Malzemeler,Denim All,Denim All,Denim Pantolon,Denim All,Denim All,Denim Pants,Skinny
M1012599-90364,Wide Leg,Wide Leg,Ticari Malzemeler,Denim All,Denim All,Denim Pantolon,Denim All,Denim All,Denim Pants,Wide Leg
101489-35495,Flare,Flare,Ticari Malzemeler,Denim All,Denim All,Denim Pantolon,,,,
M101072-86824,Wide Leg,Wide Leg,Ticari Malzemeler,Denim All,Denim All,Denim Pantolon,Denim All,Denim All,Denim Pants,Wide Leg
M1010490-84820,Slim Straight,Slim Straight,Ticari Malzemeler,Denim All,Denim All,Denim Pantolon,Denim All,Denim All,Denim Pants,Slim Straight
M1017088150,Boyfriend,Boyfriend,Ticari Malzemeler,Denim All,Denim All,Denim Pantolon,Denim All,Denim All,Denim Pants,Boyfriend
M101077-34900,Mom,Mom,Ticari Malzemeler,Denim All,Denim All,Denim Pantolon,Denim All,Denim All,Denim Pants,Mom
M1010530-87555,Straight,Straight,Ticari Malzemeler,Denim All,Denim All,Denim Pantolon,Denim All,Denim All,Denim Pants,Straight
M100277-83667,Mom,Mom,Ticari Malzemeler,Denim All,Denim All,Denim Pantolon,Denim All,Denim All,Denim Pants,Mom
M1010349-86271,Flare,Flare,Ticari Malzemeler,Denim All,Denim All,Denim Pantolon,,,,
M100980-87796,Super Skinny,Super Skinny,Ticari Malzemeler,Denim All,Denim All,Denim Pantolon,Denim All,Denim All,Denim Pants,Super Skinny
M1010152-83664,Wide Leg,Wide Leg,Ticari Malzemeler,Denim All,Denim All,Denim Pantolon,Denim All,Denim All,Denim Pants,Wide Leg
M100277-86392,Mom,Mom,Ticari Malzemeler,Denim All,Denim All,Denim Pantolon,Denim All,Denim All,Denim Pants,Mom
M100488-89977,Flare,Flare,Ticari Malzemeler,Denim All,Denim All,Denim Pantolon,,,,
M1010622-86288,Straight,Straight,Ticari Malzemeler,Denim All,Denim All,Denim Pantolon,Denim All,Denim All,Denim Pants,Straight
M1010152-83765,Wide Leg,Wide Leg,Ticari Malzemeler,Denim All,Denim All,Denim Pantolon,Denim All,Denim All,Denim Pants,Wide Leg
M101339-24623,Other,Büyük Beden,Ticari Malzemeler,Denim All,Denim All,Denim Pantolon,Denim All,Denim All,Denim Pants,Curvy
M101441-86240,Straight,Straight,Ticari Malzemeler,Denim All,Denim All,Denim Pantolon,Denim All,Denim All,Denim Pants,Straight
M1072888309,Skinny,Skinny,Ticari Malzemeler,Denim All,Denim All,Denim Pantolon,Denim All,Denim All,Denim Pants,Skinny
M1074687597,Slim Straight,Slim Straight,Ticari Malzemeler,Denim All,Denim All,Denim Pantolon,Denim All,Denim All,Denim Pants,Slim Straight
M1070485723,Skinny,Skinny,Ticari Malzemeler,Denim All,Denim All,Denim Pantolon,Denim All,Denim All,Denim Pants,Skinny
M1067012516,Other,Denim All,Ticari Malzemeler,Denim All,Denim All,Denim Pantolon,Denim All,Denim Pants,,
M101441-86469,Straight,Straight,Ticari Malzemeler,Denim All,Denim All,Denim Pantolon,Denim All,Denim All,Denim Pants,Straight
M100328-85607,Skinny,Skinny,Ticari Malzemeler,Denim All,Denim All,Denim Pantolon,Denim All,Denim All,Denim Pants,Skinny
M1074689954,Slim Straight,Slim Straight,Ticari Malzemeler,Denim All,Denim All,Denim Pantolon,Denim All,Denim All,Denim Pants,Slim Straight
M1010152-88318,Wide Leg,Wide Leg,Ticari Malzemeler,Denim All,Denim All,Denim Pantolon,Denim All,Denim All,Denim Pants,Wide Leg
M1010600-89581,Baggy,Baggy,Ticari Malzemeler,Denim All,Denim All,Denim Pantolon,Denim All,Denim All,Denim Pants,Baggy
M100328-82965,Skinny,Skinny,Ticari Malzemeler,Denim All,Denim All,Denim Pantolon,Denim All,Denim All,Denim Pants,Skinny
M1073486144,Super Skinny,Super Skinny,Ticari Malzemeler,Denim All,Denim All,Denim Pantolon,Denim All,Denim All,Denim Pants,Super Skinny
M1010114-85283,Wide Leg,Wide Leg,Ticari Malzemeler,Denim All,Denim All,Denim Pantolon,Denim All,Denim All,Denim Pants,Wide Leg
M1013684068,Flare,Flare,Ticari Malzemeler,Denim All,Denim All,Denim Pantolon,,,,
M1067283393,Skinny,Skinny,Ticari Malzemeler,Denim All,Denim All,Denim Pantolon,Denim All,Denim All,Denim Pants,Skinny
M1010114-90807,Wide Leg,Wide Leg,Ticari Malzemeler,Denim All,Denim All,Denim Pantolon,Denim All,Denim All,Denim Pants,Wide Leg
M101441-84373,Straight,Straight,Ticari Malzemeler,Denim All,Denim All,Denim Pantolon,Denim All,Denim All,Denim Pants,Straight
M1072886116,Skinny,Skinny,Ticari Malzemeler,Denim All,Denim All,Denim Pantolon,Denim All,Denim All,Denim Pants,Skinny
M1010152-89663,Wide Leg,Wide Leg,Ticari Malzemeler,Denim All,Denim All,Denim Pantolon,Denim All,Denim All,Denim Pants,Wide Leg
M1070487614,Skinny,Skinny,Ticari Malzemeler,Denim All,Denim All,Denim Pantolon,Denim All,Denim All,Denim Pants,Skinny
M1010336-83440,Other,Cargo Pants,Ticari Malzemeler,Denim All,Denim All,Denim Pantolon,Denim All,Denim All,Denim Pants,Cargo Pants
M1073483492,Super Skinny,Super Skinny,Ticari Malzemeler,Denim All,Denim All,Denim Pantolon,Denim All,Denim All,Denim Pants,Super Skinny
M100488-83406,Flare,Flare,Ticari Malzemeler,Denim All,Denim All,Denim Pantolon,,,,
M1010914-90374,Wide Leg,Wide Leg,Ticari Malzemeler,Denim All,Denim All,Denim Pantolon,Denim All,Denim All,Denim Pants,Wide Leg
M101047-89198,Straight,Straight,Ticari Malzemeler,Denim All,Denim All,Denim Pantolon,Denim All,Denim All,Denim Pants,Straight
M1010763-88632,Wide Leg,Wide Leg,Ticari Malzemeler,Denim All,Denim All,Denim Pantolon,Denim All,Denim All,Denim Pants,Wide Leg
M1074690151,Slim Straight,Slim Straight,Ticari Malzemeler,Denim All,Denim All,Denim Pantolon,Denim All,Denim All,Denim Pants,Slim Straight
M1010600-86494,Baggy,Baggy,Ticari Malzemeler,Denim All,Denim All,Denim Pantolon,Denim All,Denim All,Denim Pants,Baggy
M1010381-87466,Wide Leg,Wide Leg,Ticari Malzemeler,Denim All,Denim All,Denim Pantolon,Denim All,Denim All,Denim Pants,Wide Leg
M101077-83603,Mom,Mom,Ticari Malzemeler,Denim All,Denim All,Denim Pantolon,Denim All,Denim All,Denim Pants,Mom
M1010596-86165,Wide Leg,Wide Leg,Ticari Malzemeler,Denim All,Denim All,Denim Pantolon,Denim All,Denim All,Denim Pants,Wide Leg
M1074686016,Slim Straight,Slim Straight,Ticari Malzemeler,Denim All,Denim All,Denim Pantolon,Denim All,Denim All,Denim Pants,Slim Straight
M1012565-89482,Flare,Flare,Ticari Malzemeler,Denim All,Denim All,Denim Pantolon,,,,
M101441-89998,Straight,Straight,Ticari Malzemeler,Denim All,Denim All,Denim Pantolon,Denim All,Denim All,Denim Pants,Straight
M101047-87758,Straight,Straight,Ticari Malzemeler,Denim All,Denim All,Denim Pantolon,Denim All,Denim All,Denim Pants,Straight
M1010809-89003,Wide Leg,Wide Leg,Ticari Malzemeler,Denim All,Denim All,Denim Pantolon,Denim All,Denim All,Denim Pants,Wide Leg
M1072885698,Skinny,Skinny,Ticari Malzemeler,Denim All,Denim All,Denim Pantolon,Denim All,Denim All,Denim Pants,Skinny
M101441-86247,Straight,Straight,Ticari Malzemeler,Denim All,Denim All,Denim Pantolon,Denim All,Denim All,Denim Pants,Straight
M1010200-88311,Flare,Flare,Ticari Malzemeler,Denim All,Denim All,Denim Pantolon,,,,
M101489-83776,Flare,Flare,Ticari Malzemeler,Denim All,Denim All,Denim Pantolon,,,,
M1010381-84810,Wide Leg,Wide Leg,Ticari Malzemeler,Denim All,Denim All,Denim Pantolon,Denim All,Denim All,Denim Pants,Wide Leg
M1010338-88270,Wide Leg,Wide Leg,Ticari Malzemeler,Denim All,Denim All,Denim Pantolon,Denim All,Denim All,Denim Pants,Wide Leg
M101047-85116,Straight,Straight,Ticari Malzemeler,Denim All,Denim All,Denim Pantolon,Denim All,Denim All,Denim Pants,Straight
M1074683517,Slim Straight,Slim Straight,Ticari Malzemeler,Denim All,Denim All,Denim Pantolon,Denim All,Denim All,Denim Pants,Slim Straight
M101065-33303,Super Skinny,Super Skinny,Ticari Malzemeler,Denim All,Denim All,Denim Pantolon,Denim All,Denim All,Denim Pants,Super Skinny
M1087288343,Skinny,Skinny,Ticari Malzemeler,Denim All,Denim All,Denim Pantolon,Denim All,Denim All,Denim Pants,Skinny
M100488-88765,Flare,Flare,Ticari Malzemeler,Denim All,Denim All,Denim Pantolon,,,,
M1010578-89222,Flare,Flare,Ticari Malzemeler,Denim All,Denim All,Denim Pantolon,,,,
M1010623-88747,Slim Straight,Slim Straight,Ticari Malzemeler,Denim All,Denim All,Denim Pantolon,Denim All,Denim All,Denim Pants,Slim Straight
M1010353-84843,Wide Leg,Wide Leg,Ticari Malzemeler,Denim All,Denim All,Denim Pantolon,Denim All,Denim All,Denim Pants,Wide Leg
M100328-86444,Skinny,Skinny,Ticari Malzemeler,Denim All,Denim All,Denim Pantolon,Denim All,Denim All,Denim Pants,Skinny
M101225-84394,Flare,Flare,Ticari Malzemeler,Denim All,Denim All,Denim Pantolon,,,,
M1010623-88897,Slim Straight,Slim Straight,Ticari Malzemeler,Denim All,Denim All,Denim Pantolon,Denim All,Denim All,Denim Pants,Slim Straight
M101225-35482,Flare,Flare,Ticari Malzemeler,Denim All,Denim All,Denim Pantolon,,,,
