store_code,year_month,net_sales,gross_sales,return_amount,net_quantity,n_transactions,had_sales
1501,2024-02,490.89999999999986,1581.8,-1090.9,1,3,True
1501,2024-03,-195.15332999999998,804.83667,-999.99,0,2,True
1501,2024-04,1795.25,2613.42,-818.17,2,4,True
1501,2024-05,-144.0,855.99,-999.99,0,2,True
1501,2024-06,4335.42,5153.59,-818.17,4,6,True
1501,2024-07,1763.62,1763.62,0.0,2,2,True
1501,2024-08,54.909999999999854,1145.81,-1090.9,0,2,True
1501,2024-09,5063.59,6763.57,-1699.98,5,8,True
1501,2024-10,3904.16761,6085.96761,-2181.8,4,8,True
1501,2024-11,2909.06,6363.58,-3454.52,3,9,True
1501,2024-12,3984.70982,5075.60982,-1090.9,4,6,True
1501,2025-01,454.54999999999995,2454.5299999999997,-1999.98,0,4,True
1502,2024-02,3687.96036,5197.030360000001,-1509.07,4,8,True
1502,2024-03,3672.78908,3672.78908,0.0,4,4,True
1502,2024-04,3999.96,3999.96,0.0,4,4,True
1502,2024-05,2181.8,2181.8,0.0,2,2,True
1502,2024-06,1136.3600000000001,2136.3500000000004,-999.99,1,3,True
1502,2024-07,763.63,763.63,0.0,1,1,True
1502,2024-08,1272.72,2272.71,-999.99,1,3,True
1502,2024-09,7727.210000000001,8727.2,-999.99,7,9,True
1502,2024-10,1269.47538,8404.76538,-7135.29,1,15,True
1502,2024-11,6461.18,7524.57,-1063.39,6,8,True
1502,2024-12,9785.21421,11057.93421,-1272.72,9,11,True
1502,2025-01,2636.35,4999.97,-2363.62,2,6,True
1504,2024-02,909.08,909.08,0.0,1,1,True
1504,2024-03,-1399.98,818.17,-2218.1499999999996,-2,4,True
1504,2024-04,6909.0,6909.0,0.0,8,8,True
1504,2024-05,999.99,999.99,0.0,1,1,True
1504,2024-06,1886.3400000000001,4727.22,-2840.88,2,8,True
1504,2024-07,2247.12,3180.49,-933.37,3,5,True
1504,2024-08,3118.16,3845.42,-727.26,3,5,True
1504,2024-09,1499.9900000000002,4272.6900000000005,-2772.7,1,7,True
1504,2024-10,2493.19336,5902.24336,-3409.05,2,10,True
1504,2024-11,1363.63,3272.7000000000003,-1909.0700000000002,1,5,True
1504,2024-12,4727.24,4727.24,0.0,4,4,True
1504,2025-01,1272.7199999999998,2363.62,-1090.9,1,3,True
1505,2024-02,-1363.6099999999997,1090.9,-2454.5099999999998,-2,4,True
1505,2024-03,2593.32017,2593.32017,0.0,3,3,True
1505,2024-04,1936.2851500000002,1936.2851500000002,0.0,2,2,True
1505,2024-05,1710.15947,1710.15947,0.0,2,2,True
1505,2024-06,1574.1427199999998,2665.04272,-1090.9,2,4,True
1505,2024-07,1636.3400000000001,1636.3400000000001,0.0,2,2,True
1505,2024-08,1145.44,2236.34,-1090.9,2,4,True
1505,2024-09,5881.76,7154.4800000000005,-1272.72,6,8,True
1505,2024-10,5410.37141,8359.64141,-2949.27,5,11,True
1505,2024-11,6044.25,8226.05,-2181.8,6,10,True
1505,2024-12,5975.87,5975.87,0.0,5,5,True
1505,2025-01,7326.46724,8508.27724,-1181.81,6,8,True
1507,2024-02,4963.39684,8381.53684,-3418.14,7,15,True
1507,2024-03,13687.70091,15874.54091,-2186.84,15,21,True
1507,2024-04,7886.36023,9431.79023,-1545.4299999999998,9,13,True
1507,2024-05,181.82000000000005,4636.31,-4454.49,0,10,True
1507,2024-06,1452.63,12082.300000000001,-10629.67,0,24,True
1507,2024-07,10219.92272,12647.16272,-2427.24,11,17,True
1507,2024-08,12018.08,17418.02,-5399.9400000000005,12,24,True
1507,2024-09,27830.54,33358.26,-5527.72,25,37,True
1507,2024-10,42539.30646,50359.49646,-7820.1900000000005,40,56,True
1507,2024-11,20432.95978,25455.63978,-5022.68,20,30,True
1507,2024-12,8760.274280000001,16533.56428,-7773.29,7,23,True
1507,2025-01,13363.65274,18986.32274,-5622.67,12,24,True
1508,2024-02,1909.0700000000002,1909.0700000000002,0.0,2,2,True
1508,2024-03,603.27288,1694.17288,-1090.9,1,3,True
1508,2024-04,3165.68306,5165.66306,-1999.98,4,8,True
1508,2024-05,1090.9,1090.9,0.0,1,1,True
1508,2024-06,4334.68,4334.68,0.0,5,5,True
1508,2024-07,2506.86754,3588.66754,-1081.8,3,7,True
1508,2024-08,3299.9700000000003,5936.3,-2636.33,4,10,True
1508,2024-09,5194.68,7558.3,-2363.62,5,9,True
1508,2024-10,5068.0584,7249.8584,-2181.8,5,9,True
1508,2024-11,7121.7959,7121.7959,0.0,7,7,True
1508,2024-12,1586.80672,1586.80672,0.0,2,2,True
1508,2025-01,3249.97,4340.87,-1090.9,3,5,True
1509,2024-02,2909.06,3818.1400000000003,-909.08,3,5,True
1509,2024-03,2299.9700000000003,3209.05,-909.08,3,5,True
1509,2024-04,2316.67731,4043.92731,-1727.25,3,7,True
1509,2024-05,1141.5275900000001,2541.50759,-1399.98,1,5,True
1509,2024-06,4014.16,8741.380000000001,-4727.22,4,14,True
1509,2024-07,481.81000000000006,2118.15,-1636.3400000000001,1,5,True
1509,2024-08,581.8100000000001,4236.32,-3654.51,1,9,True
1509,2024-09,830.8932599999998,3830.86326,-2999.9700000000003,1,7,True
1509,2024-10,6068.12,6068.12,0.0,6,6,True
1509,2024-11,7413.55,8340.810000000001,-927.26,7,9,True
1509,2024-12,2345.4300000000003,4999.950000000001,-2654.52,2,8,True
1509,2025-01,305.90999999999974,3272.7,-2966.79,0,6,True
1512,2024-02,3133.6,3133.6,0.0,4,4,True
1512,2024-03,5277.75636,5277.75636,0.0,6,6,True
1512,2024-04,800.17,800.17,0.0,1,1,True
1512,2024-05,1399.98,1399.98,0.0,2,2,True
1512,2024-06,818.1700000000001,2818.15,-1999.98,1,5,True
1512,2024-07,4401.90658,4947.35658,-545.45,4,6,True
1512,2024-08,1090.8999999999999,2181.8,-1090.9,1,3,True
1512,2024-09,854.54,1763.62,-909.08,1,3,True
1512,2024-10,3076.26273,4167.16273,-1090.9,3,5,True
1512,2024-11,4655.04,4655.04,0.0,5,5,True
1512,2024-12,6568.86024,6568.86024,0.0,7,7,True
1512,2025-01,5659.05,5659.05,0.0,5,5,True
1513,2024-02,4327.22,5236.3,-909.08,5,7,True
1513,2024-03,2941.51,3523.32,-581.81,3,5,True
1513,2024-04,-903.7499999999999,1550.76,-2454.5099999999998,-1,5,True
1513,2024-05,1643.8070699999998,4734.68707,-3090.88,2,8,True
1513,2024-06,2554.53091,4581.77091,-2027.24,2,8,True
1513,2024-07,-1063.62,572.72,-1636.3400000000001,-1,3,True
1513,2024-08,0.0,0.0,0.0,0,0,False
1513,2024-09,2454.5299999999997,4181.78,-1727.25,2,6,True
1513,2024-10,3410.5800000000004,5992.370000000001,-2581.79,3,9,True
1513,2024-11,1445.26,3091.79,-1646.5300000000002,1,5,True
1513,2024-12,4875.46,6818.13,-1942.67,4,8,True
1513,2025-01,1454.54,3818.16,-2363.62,1,5,True
1514,2024-02,170.4518200000001,1643.16182,-1472.71,0,4,True
1514,2024-03,1272.72,1999.98,-727.26,1,3,True
1514,2024-04,3915.52138,4824.60138,-909.08,5,7,True
1514,2024-05,-1727.25,0.0,-1727.25,-2,2,True
1514,2024-06,818.1700000000001,2818.15,-1999.98,1,5,True
1514,2024-07,5190.860000000001,5763.58,-572.72,5,7,True
1514,2024-08,9217.0,10216.99,-999.99,10,12,True
1514,2024-09,6727.21,8727.19,-1999.98,7,11,True
1514,2024-10,6313.1,8585.81,-2272.71,7,11,True
1514,2024-11,7322.01,8306.85,-984.84,7,9,True
1514,2024-12,10920.30879,14047.55879,-3127.25,10,16,True
1514,2025-01,-1265.81,3552.34,-4818.15,-1,7,True
1515,2024-02,0.0,0.0,0.0,0,0,False
1515,2024-03,710.16947,710.16947,0.0,1,1,True
1515,2024-04,909.0799999999999,1818.1599999999999,-909.08,1,3,True
1515,2024-05,0.0,0.0,0.0,0,0,False
1515,2024-06,-909.08,0.0,-909.08,-1,1,True
1515,2024-07,646.73736,646.73736,0.0,1,1,True
1515,2024-08,3677.84805,4677.83805,-999.99,4,6,True
1515,2024-09,4007.4900000000002,4007.4900000000002,0.0,4,4,True
1515,2024-10,843.74,843.74,0.0,1,1,True
1515,2024-11,2181.8,2181.8,0.0,2,2,True
1515,2024-12,-1181.81,0.0,-1181.81,-1,1,True
1515,2025-01,2264.12,3218.66,-954.54,2,4,True
1516,2024-02,3239.39447,4057.5644700000003,-818.17,3,5,True
1516,2024-03,5544.37577,5980.72577,-436.35,6,8,True
1516,2024-04,6965.280000000001,9292.52,-2327.2400000000002,7,13,True
1516,2024-05,7508.35063,7508.35063,0.0,9,9,True
1516,2024-06,5480.7434,10681.1334,-5200.39,6,18,True
1516,2024-07,5972.67,7554.47,-1581.8,6,10,True
1516,2024-08,4936.33,8909.02,-3972.6900000000005,4,12,True
1516,2024-09,16981.37,22135.87,-5154.5,16,26,True
1516,2024-10,11172.41545,16395.22545,-5222.8099999999995,10,20,True
1516,2024-11,13901.53254,17086.42254,-3184.8900000000003,13,21,True
1516,2024-12,12097.44535,14006.51535,-1909.0700000000002,11,15,True
1516,2025-01,14081.66718,17027.09718,-2945.43,13,19,True
1517,2024-02,3905.4,5814.47,-1909.0700000000002,5,9,True
1517,2024-03,3080.0907800000004,6191.930780000001,-3111.84,3,11,True
1517,2024-04,6796.88053,9615.03053,-2818.15,8,14,True
1517,2024-05,3665.56405,5392.81405,-1727.25,5,9,True
1517,2024-06,7571.68,11298.91,-3727.23,8,16,True
1517,2024-07,690.9100000000003,4772.68,-4081.77,0,10,True
1517,2024-08,3915.3599600000007,8615.30996,-4699.95,5,15,True
1517,2024-09,17924.38545,21406.16545,-3481.78,16,24,True
1517,2024-10,17717.6065,20574.0465,-2856.44,17,23,True
1517,2024-11,15705.05644,18054.316440000002,-2349.26,14,20,True
1517,2024-12,9404.1,9404.1,0.0,9,9,True
1517,2025-01,10972.76583,16609.08583,-5636.32,9,19,True
1518,2024-02,5098.12182,5670.84182,-572.72,6,8,True
1518,2024-03,5233.85904,7870.18904,-2636.33,6,12,True
1518,2024-04,818.1700000000001,2636.33,-1818.1599999999999,1,5,True
1518,2024-05,-112.96000000000004,2523.37,-2636.33,0,6,True
1518,2024-06,836.3600000000002,3999.96,-3163.6,0,8,True
1518,2024-07,959.1000000000003,4881.77,-3922.67,0,10,True
1518,2024-08,3545.43,5181.77,-1636.3400000000001,3,7,True
1518,2024-09,11139.28,12999.890000000001,-1860.6100000000001,10,14,True
1518,2024-10,3176.8599999999997,5085.93,-1909.0700000000002,3,7,True
1518,2024-11,1952.1399999999999,3043.04,-1090.9,2,4,True
1518,2024-12,5515.33002,6697.140020000001,-1181.81,6,8,True
1518,2025-01,3727.25,4909.0599999999995,-1181.81,3,5,True
1519,2024-02,1793.2777,2611.4477,-818.17,2,4,True
1519,2024-03,4483.45708,4483.45708,0.0,5,5,True
1519,2024-04,3954.5,7454.46,-3499.96,4,12,True
1519,2024-05,69.74335999999994,1978.81336,-1909.0700000000002,0,4,True
1519,2024-06,5181.77,7999.92,-2818.15,5,11,True
1519,2024-07,1090.9,3727.23,-2636.33,1,7,True
1519,2024-08,10273.54,10273.54,0.0,10,10,True
1519,2024-09,5195.68,10768.35,-5572.67,5,17,True
1519,2024-10,3742.3999999999996,7515.09,-3772.6900000000005,3,11,True
1519,2024-11,8928.0309,9894.9709,-966.94,8,10,True
1519,2024-12,7671.79305,8853.60305,-1181.81,7,9,True
1519,2025-01,10890.06818,15341.348179999999,-4451.28,9,17,True
1520,2024-02,-581.81,0.0,-581.81,-1,1,True
1520,2024-03,5770.68592,7679.75592,-1909.0700000000002,7,11,True
1520,2024-04,878.31076,3514.6407600000002,-2636.33,1,7,True
1520,2024-05,1062.31492,2526.94492,-1464.63,1,5,True
1520,2024-06,733.0000000000001,2909.06,-2176.06,0,6,True
1520,2024-07,-272.72,999.99,-1272.71,-1,3,True
1520,2024-08,4863.58,6327.2,-1463.62,7,11,True
1520,2024-09,4699.95,9245.37,-4545.42,5,13,True
1520,2024-10,3561.45453,5652.34453,-2090.8900000000003,4,8,True
1520,2024-11,4018.1400000000003,5199.95,-1181.81,4,6,True
1520,2024-12,1755.9484599999998,3755.92846,-1999.98,2,6,True
1520,2025-01,2363.62,3272.7,-909.08,2,4,True
1521,2024-02,1746.68852,1746.68852,0.0,2,2,True
1521,2024-03,2636.33,3545.41,-909.08,3,5,True
1521,2024-04,1272.6999999999998,2363.6,-1090.9,2,4,True
1521,2024-05,2818.1499999999996,4545.4,-1727.25,3,7,True
1521,2024-06,-874.11,2034.95,-2909.06,-1,5,True
1521,2024-07,-518.1800000000001,572.72,-1090.9,0,2,True
1521,2024-08,5224.68,6406.490000000001,-1181.81,5,7,True
1521,2024-09,6545.4,6545.4,0.0,6,6,True
1521,2024-10,5707.82859,6298.728590000001,-590.9,5,7,True
1521,2024-11,8649.999090000001,9831.80909,-1181.81,8,10,True
1521,2024-12,3480.2200000000003,4434.76,-954.54,3,5,True
1521,2025-01,-296.15999999999985,1772.0,-2068.16,0,4,True
1522,2024-02,-363.6400000000001,1818.16,-2181.8,0,4,True
1522,2024-03,5225.57273,5225.57273,0.0,6,6,True
1522,2024-04,1818.16,2636.33,-818.17,2,4,True
1522,2024-05,539.1800000000001,1090.9,-551.72,0,2,True
1522,2024-06,999.99,999.99,0.0,1,1,True
1522,2024-07,0.0,0.0,0.0,0,0,False
1522,2024-08,3272.7,3272.7,0.0,3,3,True
1522,2024-09,181.82000000000005,1090.9,-909.08,0,2,True
1522,2024-10,4870.780000000001,4870.780000000001,0.0,5,5,True
1522,2024-11,-612.18,2232.71,-2844.89,-1,5,True
1522,2024-12,219.37000000000012,2363.62,-2144.25,0,4,True
1522,2025-01,-90.90999999999985,1090.9,-1181.81,0,2,True
1523,2024-02,-399.9899999999999,909.08,-1309.07,-1,3,True
1523,2024-03,4223.92569,4223.92569,0.0,5,5,True
1523,2024-04,4510.07254,4510.07254,0.0,5,5,True
1523,2024-05,4870.09206,4870.09206,0.0,6,6,True
1523,2024-06,181.82000000000005,1090.9,-909.08,0,2,True
1523,2024-07,818.17,1818.1599999999999,-999.99,1,3,True
1523,2024-08,1756.5299999999997,2847.43,-1090.9,2,4,True
1523,2024-09,5636.320000000001,7818.120000000001,-2181.8,5,9,True
1523,2024-10,3342.28756,6742.31756,-3400.0299999999997,3,11,True
1523,2024-11,11129.689890000001,13898.48989,-2768.8,10,16,True
1523,2024-12,1090.9,2272.71,-1181.81,1,3,True
1523,2025-01,3818.16,9063.57,-5245.41,3,13,True
1524,2024-02,2497.46993,2497.46993,0.0,3,3,True
1524,2024-03,-1490.8899999999999,0.0,-1490.8899999999999,-2,2,True
1524,2024-04,3188.05182,6733.46182,-3545.41,4,12,True
1524,2024-05,899.99,899.99,0.0,1,1,True
1524,2024-06,9021.01263,10021.00263,-999.99,10,12,True
1524,2024-07,1071.42,1999.98,-928.56,1,3,True
1524,2024-08,-363.6400000000003,3999.96,-4363.6,0,8,True
1524,2024-09,7754.48091,9090.82091,-1336.3400000000001,7,11,True
1524,2024-10,4025.8619900000003,6207.6619900000005,-2181.8,4,8,True
1524,2024-11,4865.04,6955.93,-2090.8900000000003,5,9,True
1524,2024-12,9293.4365,10384.3365,-1090.9,8,10,True
1524,2025-01,2557.16444,4384.4144400000005,-1827.25,2,6,True
1525,2024-02,2818.15,3636.32,-818.17,3,5,True
1525,2024-03,1884.02558,1884.02558,0.0,2,2,True
1525,2024-04,219.3466699999999,1680.6066700000001,-1461.2600000000002,0,4,True
1525,2024-05,2950.15038,4586.49038,-1636.34,3,7,True
1525,2024-06,2545.42,7636.280000000001,-5090.860000000001,3,13,True
1525,2024-07,1663.6200000000001,1663.6200000000001,0.0,2,2,True
1525,2024-08,3828.80797,5221.84797,-1393.04,4,8,True
1525,2024-09,6462.581340000001,8280.74134,-1818.1599999999999,6,10,True
1525,2024-10,6602.040000000001,8265.66,-1663.6200000000001,6,10,True
1525,2024-11,3378.0600000000004,5414.41,-2036.3500000000001,3,7,True
1525,2024-12,46.569999999999936,1784.73,-1738.16,0,4,True
1525,2025-01,3613.87601,4432.04601,-818.17,3,5,True
1527,2024-02,12090.17668,14453.77668,-2363.6,14,20,True
1527,2024-03,2464.74,7682.63,-5217.89,3,15,True
1527,2024-04,6073.95666,7801.20666,-1727.25,7,11,True
1527,2024-05,-3073.42086,6354.27914,-9427.7,-5,19,True
1527,2024-06,13872.24294,18508.55294,-4636.3099999999995,16,26,True
1527,2024-07,3682.2573100000004,9338.177310000001,-5655.92,5,17,True
1527,2024-08,23805.9,24496.8,-690.9,25,27,True
1527,2024-09,32267.40953,35512.81953,-3245.41,29,37,True
1527,2024-10,17723.5366,35177.916600000004,-17454.38,17,51,True
1527,2024-11,21641.93,29474.06,-7832.13,20,36,True
1527,2024-12,8002.6601,13117.2601,-5114.6,6,18,True
1527,2025-01,21497.14,28460.71,-6963.57,18,32,True
1528,2024-02,-818.17,0.0,-818.17,-1,1,True
1528,2024-03,909.08,909.08,0.0,1,1,True
1528,2024-04,0.0,909.08,-909.08,0,2,True
1528,2024-05,-818.17,0.0,-818.17,-1,1,True
1528,2024-06,1763.61,2272.69,-509.08,2,4,True
1528,2024-07,-63.629999999999995,572.72,-636.35,0,2,True
1528,2024-08,1727.25,2727.2400000000002,-999.99,2,4,True
1528,2024-09,0.0,0.0,0.0,0,0,False
1528,2024-10,818.17,818.17,0.0,1,1,True
1528,2024-11,-508.06999999999994,310.1,-818.17,0,2,True
1528,2024-12,481.81999999999994,1181.81,-699.99,0,2,True
1528,2025-01,3531.89513,3531.89513,0.0,3,3,True
1529,2024-02,1490.8899999999999,2272.7,-781.81,2,4,True
1529,2024-03,3537.01,3999.96,-462.95,3,5,True
1529,2024-04,999.99,999.99,0.0,1,1,True
1529,2024-05,-2636.33,0.0,-2636.33,-3,3,True
1529,2024-06,2818.15,3636.3199999999997,-818.17,3,5,True
1529,2024-07,272.73000000000013,1090.9,-818.17,0,2,True
1529,2024-08,0.0,0.0,0.0,0,0,False
1529,2024-09,4454.51,4454.51,0.0,4,4,True
1529,2024-10,2983.28,6719.6,-3736.3199999999997,3,11,True
1529,2024-11,-223.63999999999987,1636.3500000000001,-1859.99,0,4,True
1529,2024-12,4589.75,5567.01,-977.26,4,6,True
1529,2025-01,4426.969999999999,4426.969999999999,0.0,4,4,True
1531,2024-02,3704.7737700000002,3704.7737700000002,0.0,4,4,True
1531,2024-03,999.99,999.99,0.0,1,1,True
1531,2024-04,786.9119300000001,1605.08193,-818.17,1,3,True
1531,2024-05,1727.25,1727.25,0.0,2,2,True
1531,2024-06,923.85,923.85,0.0,1,1,True
1531,2024-07,572.72,572.72,0.0,1,1,True
1531,2024-08,2209.9709300000004,3300.87093,-1090.9,2,4,True
1531,2024-09,1090.9,1090.9,0.0,1,1,True
1531,2024-10,-946.52,0.0,-946.52,-1,1,True
1531,2024-11,3948.52,3948.52,0.0,4,4,True
1531,2024-12,-999.99,0.0,-999.99,-1,1,True
1531,2025-01,-1272.72,0.0,-1272.72,-1,1,True
1532,2024-02,1883.13,3037.66,-1154.53,2,6,True
1532,2024-03,1265.43,1629.06,-363.63,3,5,True
1532,2024-04,-326.34443,928.17557,-1254.52,0,4,True
1532,2024-05,1861.83992,4225.43992,-2363.6,2,8,True
1532,2024-06,3529.61,4256.87,-727.26,8,10,True
1532,2024-07,700.0000000000002,2063.62,-1363.62,1,5,True
1532,2024-08,1556.28,1556.28,0.0,3,3,True
1532,2024-09,5983.63915,6710.89915,-727.26,7,9,True
1532,2024-10,5981.780000000001,9818.1,-3836.3199999999997,5,13,True
1532,2024-11,6558.31,7558.3,-999.99,6,8,True
1532,2024-12,3141.59588,3141.59588,0.0,3,3,True
1532,2025-01,2035.13307,3216.9430700000003,-1181.81,2,4,True
1533,2024-02,226.30453,2789.91453,-2563.61,0,6,True
1533,2024-03,2004.7425600000001,2702.9125599999998,-698.17,2,4,True
1533,2024-04,521.1344300000001,4502.89443,-3981.76,0,10,True
1533,2024-05,2579.51643,6870.37643,-4290.860000000001,2,12,True
1533,2024-06,5931.77,9204.460000000001,-3272.69,5,13,True
1533,2024-07,7241.59627,11241.556270000001,-3999.96,8,16,True
1533,2024-08,6119.487650000001,14576.21765,-8456.73,7,25,True
1533,2024-09,17711.57,22311.52,-4599.95,17,27,True
1533,2024-10,13742.08,21020.8,-7278.72,13,27,True
1533,2024-11,10563.393,14809.813,-4246.42,11,19,True
1533,2024-12,9052.86,16140.78,-7087.92,8,22,True
1533,2025-01,10235.87917,14872.20917,-4636.33,9,17,True
1534,2024-02,2289.6027299999996,4835.02273,-2545.42,3,9,True
1534,2024-03,1932.00567,2750.17567,-818.17,2,4,True
1534,2024-04,4262.5599999999995,5909.01,-1646.45,5,9,True
1534,2024-05,-90.91000000000008,818.17,-909.08,0,2,True
1534,2024-06,1547.71,2456.79,-909.08,3,5,True
1534,2024-07,2936.33,3636.32,-699.99,3,5,True
1534,2024-08,-1102.2699999999995,4272.68,-5374.95,-1,11,True
1534,2024-09,7401.39,8401.380000000001,-999.99,7,9,True
1534,2024-10,2080.16,7261.93,-5181.77,2,12,True
1534,2024-11,5549.4800000000005,7554.01,-2004.53,5,9,True
1534,2024-12,3531.18652,4622.086520000001,-1090.9,3,5,True
1534,2025-01,7987.63,8415.4,-427.77,6,8,True
1535,2024-02,-745.4500000000002,1163.62,-1909.0700000000002,0,4,True
1535,2024-03,2727.24,2727.24,0.0,3,3,True
1535,2024-04,492.42,1727.25,-1234.83,0,4,True
1535,2024-05,-1099.98,0.0,-1099.98,-2,2,True
1535,2024-06,3743.7200000000003,4834.620000000001,-1090.9,4,6,True
1535,2024-07,2228.55,2928.54,-699.99,2,4,True
1535,2024-08,1090.9,1090.9,0.0,1,1,True
1535,2024-09,7636.3,7636.3,0.0,7,7,True
1535,2024-10,6349.2300000000005,6349.2300000000005,0.0,6,6,True
1535,2024-11,5298.14,5298.14,0.0,5,5,True
1535,2024-12,2797.21,4979.01,-2181.8,3,7,True
1535,2025-01,5954.51,5954.51,0.0,5,5,True
1536,2024-02,76.90999999999997,1622.34,-1545.4299999999998,0,4,True
1536,2024-03,2963.6000000000004,4363.58,-1399.98,3,7,True
1536,2024-04,2909.06,3909.05,-999.99,3,5,True
1536,2024-05,1090.9,1090.9,0.0,1,1,True
1536,2024-06,1909.0700000000002,1909.0700000000002,0.0,2,2,True
1536,2024-07,2090.8900000000003,2090.8900000000003,0.0,2,2,True
1536,2024-08,3090.88,3090.88,0.0,3,3,True
1536,2024-09,9237.79631,11146.866310000001,-1909.0700000000002,8,12,True
1536,2024-10,1902.4195600000003,6556.91956,-4654.5,1,11,True
1536,2024-11,51.15999999999997,2839.36,-2788.2,0,6,True
1536,2024-12,4525.42,4525.42,0.0,4,4,True
1536,2025-01,1272.72,2545.44,-1272.72,1,3,True
1538,2024-02,-36.360000000000014,1690.8899999999999,-1727.25,0,4,True
1538,2024-03,2673.45262,4982.5126199999995,-2309.06,3,9,True
1538,2024-04,755.7696499999998,6210.24965,-5454.4800000000005,1,13,True
1538,2024-05,-1538.89891,4551.9510900000005,-6090.85,-1,11,True
1538,2024-06,31.679999999999836,5405.36,-5373.68,0,12,True
1538,2024-07,2220.77,3766.2,-1545.4299999999998,2,6,True
1538,2024-08,4834.77,7480.2,-2645.4300000000003,5,11,True
1538,2024-09,15399.880000000001,17490.77,-2090.8900000000003,14,18,True
1538,2024-10,15299.85726,19663.45726,-4363.6,15,23,True
1538,2024-11,6537.83,8446.9,-1909.0700000000002,6,10,True
1538,2024-12,388.4376299999999,10305.86763,-9917.43,0,18,True
1538,2025-01,8168.52,9043.93,-875.41,7,9,True
1539,2024-02,1090.9,1090.9,0.0,1,1,True
1539,2024-03,454.55000000000007,1090.9,-636.35,0,2,True
1539,2024-04,2818.15,3727.23,-909.08,3,5,True
1539,2024-05,1636.34,1636.34,0.0,2,2,True
1539,2024-06,964.05,2964.03,-1999.98,1,5,True
1539,2024-07,1145.44,1145.44,0.0,2,2,True
1539,2024-08,999.99,999.99,0.0,1,1,True
1539,2024-09,4149.6900000000005,4149.6900000000005,0.0,4,4,True
1539,2024-10,3930.79364,3930.79364,0.0,4,4,True
1539,2024-11,2181.8,3272.7000000000003,-1090.9,2,4,True
1539,2024-12,181.81999999999994,1272.72,-1090.9,0,2,True
1539,2025-01,2363.62,2363.62,0.0,2,2,True
1540,2024-02,1727.25,3363.59,-1636.34,2,6,True
1540,2024-03,2481.79,4209.04,-1727.25,3,7,True
1540,2024-04,5602.86167,7330.11167,-1727.25,6,10,True
1540,2024-05,181.81999999999982,2727.24,-2545.42,0,6,True
1540,2024-06,4272.96,5727.21,-1454.25,4,8,True
1540,2024-07,-2572.6899999999996,2572.7000000000003,-5145.39,-3,9,True
1540,2024-08,4745.41,4745.41,0.0,5,5,True
1540,2024-09,4763.59,10399.91,-5636.32,5,15,True
1540,2024-10,8589.76323,11771.55323,-3181.79,8,14,True
1540,2024-11,12035.64815,15299.258150000001,-3263.61,11,17,True
1540,2024-12,1542.9,3679.25,-2136.35,1,5,True
1540,2025-01,3140.82462,5439.284619999999,-2298.46,2,8,True
1541,2024-02,0.0,0.0,0.0,0,0,False
1541,2024-03,36.360000000000014,818.17,-781.81,0,2,True
1541,2024-04,1818.1599999999999,2545.42,-727.26,2,4,True
1541,2024-05,-909.08,0.0,-909.08,-1,1,True
1541,2024-06,1999.98,2818.15,-818.17,2,4,True
1541,2024-07,572.72,1145.44,-572.72,1,3,True
1541,2024-08,5909.09348,8127.24348,-2218.15,5,11,True
1541,2024-09,9636.28,9636.28,0.0,9,9,True
1541,2024-10,3411.44305,3411.44305,0.0,3,3,True
1541,2024-11,0.0,0.0,0.0,0,0,False
1541,2024-12,42.180000000000064,3272.7000000000003,-3230.5200000000004,0,6,True
1541,2025-01,8999.94,8999.94,0.0,8,8,True
1542,2024-02,5617.36844,6708.26844,-1090.9,7,9,True
1542,2024-03,7717.41,10444.65,-2727.2400000000002,9,15,True
1542,2024-04,193.89160000000004,4193.8315999999995,-3999.94,0,10,True
1542,2024-05,3860.70231,6442.49231,-2581.79,5,11,True
1542,2024-06,5630.84,7693.1,-2062.26,6,10,True
1542,2024-07,3334.94272,5516.74272,-2181.8,4,8,True
1542,2024-08,6165.58,6165.58,0.0,6,6,True
1542,2024-09,10134.74,13134.710000000001,-2999.9700000000003,9,15,True
1542,2024-10,3416.08824,10903.14824,-7487.06,3,19,True
1542,2024-11,4353.67,9138.1,-4784.43,4,14,True
1542,2024-12,1543.2999999999997,4459.42,-2916.12,0,8,True
1542,2025-01,2959.97,6778.13,-3818.16,3,9,True
1543,2024-02,5106.2227299999995,9397.08273,-4290.860000000001,5,15,True
1543,2024-03,7584.404500000001,10379.5545,-2795.15,8,14,True
1543,2024-04,1017.66,6781.7300000000005,-5764.07,1,15,True
1543,2024-05,4743.07005,6379.41005,-1636.34,5,9,True
1543,2024-06,13966.02,20099.5,-6133.4800000000005,14,28,True
1543,2024-07,2765.6600000000003,5909.030000000001,-3143.37,2,10,True
1543,2024-08,12336.51909,15245.57909,-2909.0600000000004,13,19,True
1543,2024-09,29117.39,31208.280000000002,-2090.8900000000003,27,31,True
1543,2024-10,2309.74,2909.73,-599.99,2,4,True
1543,2024-11,21806.04739,24987.83739,-3181.79,21,27,True
1543,2024-12,16963.99779,21813.70779,-4849.71,15,25,True
1543,2025-01,20059.61,20059.61,0.0,17,17,True
1544,2024-02,1127.92137,2855.17137,-1727.25,2,6,True
1544,2024-03,188.73000000000013,1915.98,-1727.25,0,4,True
1544,2024-04,3428.7095,3428.7095,0.0,4,4,True
1544,2024-05,338.17999999999995,818.17,-479.99,0,2,True
1544,2024-06,999.9918200000001,1999.98182,-999.99,1,3,True
1544,2024-07,1663.6200000000001,2236.34,-572.72,2,4,True
1544,2024-08,3621.6000000000004,3621.6000000000004,0.0,4,4,True
1544,2024-09,-2454.5299999999997,1999.98,-4454.51,-2,6,True
1544,2024-10,6129.15,9183.95,-3054.8,6,12,True
1544,2024-11,2781.79,2781.79,0.0,3,3,True
1544,2024-12,2154.5299999999997,5427.23,-3272.7,2,8,True
1544,2025-01,1272.7199999999998,2363.62,-1090.9,1,3,True
1545,2024-02,4890.45319,6181.34319,-1290.8899999999999,7,11,True
1545,2024-03,3181.47663,5780.12663,-2598.65,3,11,True
1545,2024-04,5270.85728,6727.19728,-1456.3400000000001,6,10,True
1545,2024-05,2079.98091,2909.06091,-829.08,2,4,True
1545,2024-06,2491.2509099999997,6850.29091,-4359.04,3,13,True
1545,2024-07,3481.32,3481.32,0.0,4,4,True
1545,2024-08,763.63,1399.98,-636.35,1,3,True
1545,2024-09,6910.85,11092.62,-4181.77,7,17,True
1545,2024-10,6569.40167,8569.38167,-1999.98,7,11,True
1545,2024-11,4000.22342,10675.71342,-6675.49,4,16,True
1545,2024-12,2684.41364,7665.26364,-4980.85,3,13,True
1545,2025-01,11363.57,12545.380000000001,-1181.81,9,11,True
1546,2024-02,2471.47372,2471.47372,0.0,3,3,True
1546,2024-03,3823.3,4605.110000000001,-781.81,4,6,True
1546,2024-04,-329.76452000000006,1670.2154799999998,-1999.98,0,4,True
1546,2024-05,90.91000000000008,1090.9,-999.99,0,2,True
1546,2024-06,265.6200000000001,1999.98,-1734.3600000000001,0,4,True
1546,2024-07,4267.92514,4267.92514,0.0,5,5,True
1546,2024-08,3490.87,3490.87,0.0,4,4,True
1546,2024-09,10727.18,10727.18,0.0,10,10,True
1546,2024-10,4138.49,6229.38,-2090.8900000000003,4,8,True
1546,2024-11,5513.85,6332.02,-818.17,5,7,True
1546,2024-12,6189.22,6189.22,0.0,6,6,True
1546,2025-01,4499.42,6863.04,-2363.62,4,8,True
1547,2024-02,2642.43498,2642.43498,0.0,3,3,True
1547,2024-03,3511.79,3511.79,0.0,4,4,True
1547,2024-04,1935.10651,3537.82651,-1602.7199999999998,2,6,True
1547,2024-05,2727.24,2727.24,0.0,3,3,True
1547,2024-06,1909.07091,2909.06091,-999.99,2,4,True
1547,2024-07,7560.03091,8469.11091,-909.08,8,10,True
1547,2024-08,-127.26999999999998,1572.71,-1699.98,0,4,True
1547,2024-09,3301.05,6119.2,-2818.15,4,10,True
1547,2024-10,5853.08,7034.89,-1181.81,6,8,True
1547,2024-11,1999.98,1999.98,0.0,2,2,True
1547,2024-12,9197.55727,9197.55727,0.0,8,8,True
1547,2025-01,2387.09,2387.09,0.0,2,2,True
1548,2024-02,2568.28026,2568.28026,0.0,3,3,True
1548,2024-03,1521.45768,2304.28768,-782.83,2,4,True
1548,2024-04,2533.5200000000004,4133.5,-1599.98,3,7,True
1548,2024-05,1005.3399999999999,2510.7799999999997,-1505.44,1,5,True
1548,2024-06,4181.780000000001,4181.780000000001,0.0,4,4,True
1548,2024-07,-699.99,0.0,-699.99,-1,1,True
1548,2024-08,1572.71,1572.71,0.0,2,2,True
1548,2024-09,5818.25717,5818.25717,0.0,6,6,True
1548,2024-10,4574.98,6270.860000000001,-1695.88,4,8,True
1548,2024-11,5157.03009,5157.03009,0.0,5,5,True
1548,2024-12,-329.9899999999999,4886.37,-5216.36,0,10,True
1548,2025-01,259.7500000000001,4259.71,-3999.96,0,8,True
1549,2024-02,2636.33,2636.33,0.0,3,3,True
1549,2024-03,727.2599999999999,1636.34,-909.08,1,3,True
1549,2024-04,1907.05,4431.13,-2524.08,2,8,True
1549,2024-05,1506.33,2505.42,-999.09,2,4,True
1549,2024-06,6461.94,10470.3,-4008.36,7,15,True
1549,2024-07,272.73,2727.24,-2454.51,0,6,True
1549,2024-08,2686.52,4868.32,-2181.8,3,7,True
1549,2024-09,8645.393090000001,11509.00309,-2863.6099999999997,8,14,True
1549,2024-10,7093.466410000001,14471.00641,-7377.54,6,22,True
1549,2024-11,10418.118050000001,11286.52805,-868.41,10,12,True
1549,2024-12,3254.6408800000004,4254.630880000001,-999.99,3,5,True
1549,2025-01,6883.098309999999,9337.62831,-2454.5299999999997,6,10,True
1550,2024-02,-545.4399999999999,999.99,-1545.4299999999998,-1,3,True
1550,2024-03,0.0,1818.16,-1818.16,0,4,True
1550,2024-04,3734.98882,4644.06882,-909.08,4,6,True
1550,2024-05,-999.99,818.17,-1818.1599999999999,-1,3,True
1550,2024-06,1339.5800000000002,3749.96,-2410.38,1,7,True
1550,2024-07,663.6299999999999,1754.53,-1090.9,1,3,True
1550,2024-08,1181.8100000000002,2181.8,-999.99,1,3,True
1550,2024-09,7590.615760000001,8863.33576,-1272.72,7,9,True
1550,2024-10,1512.8899999999999,5967.4,-4454.51,2,10,True
1550,2024-11,5962.186970000001,7116.70697,-1154.52,5,9,True
1550,2024-12,3545.43,4545.42,-999.99,3,5,True
1550,2025-01,2272.71,3454.52,-1181.81,2,4,True
1551,2024-02,2029.98,3490.87,-1460.8899999999999,2,6,True
1551,2024-03,7777.57394,7777.57394,0.0,9,9,True
1551,2024-04,559.81186,2377.97186,-1818.1599999999999,1,5,True
1551,2024-05,2999.9700000000003,2999.9700000000003,0.0,3,3,True
1551,2024-06,4717.2474,7444.4874,-2727.24,5,11,True
1551,2024-07,5021.530000000001,5803.34,-781.81,5,7,True
1551,2024-08,4813.61,6086.33,-1272.72,5,7,True
1551,2024-09,6795.0142,8704.084200000001,-1909.0700000000002,6,10,True
1551,2024-10,7560.09,8560.08,-999.99,7,9,True
1551,2024-11,10225.2,11316.1,-1090.9,10,12,True
1551,2024-12,11590.82818,11590.82818,0.0,10,10,True
1551,2025-01,3707.25,4889.06,-1181.81,3,5,True
1552,2024-02,7309.027590000001,7309.027590000001,0.0,8,8,True
1552,2024-03,4885.25,4885.25,0.0,6,6,True
1552,2024-04,3990.3375600000004,6457.39756,-2467.06,4,10,True
1552,2024-05,-181.79817999999977,4090.8718200000003,-4272.67,-1,9,True
1552,2024-06,4121.17091,6999.93091,-2878.76,4,10,True
1552,2024-07,2431.79,4131.77,-1699.98,3,7,True
1552,2024-08,16203.34,17385.15,-1181.81,16,18,True
1552,2024-09,28036.071930000002,29854.23193,-1818.1599999999999,25,29,True
1552,2024-10,9191.17,18482.0,-9290.83,9,27,True
1552,2024-11,20916.98358,27400.18358,-6483.2,20,32,True
1552,2024-12,18173.15972,21382.22972,-3209.0699999999997,16,22,True
1552,2025-01,15841.01621,15841.01621,0.0,14,14,True
1553,2024-02,1389.07091,1389.07091,0.0,2,2,True
1553,2024-03,3301.06306,3301.06306,0.0,4,4,True
1553,2024-04,5909.30588,6727.47588,-818.17,7,9,True
1553,2024-05,3797.32754,3797.32754,0.0,4,4,True
1553,2024-06,2858.0569100000002,3858.04691,-999.99,3,5,True
1553,2024-07,5427.219999999999,7999.92,-2572.7000000000003,5,11,True
1553,2024-08,1999.98,1999.98,0.0,2,2,True
1553,2024-09,4363.6,5272.68,-909.08,4,6,True
1553,2024-10,7413.58,10722.630000000001,-3309.05,6,14,True
1553,2024-11,3378.45467,5185.71467,-1807.2600000000002,3,7,True
1553,2024-12,4344.31,6265.24,-1920.93,4,8,True
1553,2025-01,1309.0900000000001,3127.25,-1818.1599999999999,1,5,True
1554,2024-02,1672.71,2254.52,-581.81,2,4,True
1554,2024-03,-654.54,0.0,-654.54,-1,1,True
1554,2024-04,3915.2742200000002,4351.62422,-436.35,5,7,True
1554,2024-05,1090.9,1090.9,0.0,1,1,True
1554,2024-06,1012.98,1012.98,0.0,1,1,True
1554,2024-07,2363.62,2363.62,0.0,2,2,True
1554,2024-08,1181.81,1181.81,0.0,1,1,True
1554,2024-09,0.0,0.0,0.0,0,0,False
1554,2024-10,2042.1100000000001,2042.1100000000001,0.0,2,2,True
1554,2024-11,4243.030000000001,4243.030000000001,0.0,4,4,True
1554,2024-12,4454.51,4454.51,0.0,4,4,True
1554,2025-01,6215.16,6215.16,0.0,5,5,True
1555,2024-02,5037.67184,6437.6518399999995,-1399.98,6,10,True
1555,2024-03,5279.69063,6097.86063,-818.17,6,8,True
1555,2024-04,1804.42449,4349.84449,-2545.42,2,8,True
1555,2024-05,3227.24,3727.23,-499.99,3,5,True
1555,2024-06,90.90999999999997,1818.1599999999999,-1727.25,0,4,True
1555,2024-07,-908.25,5518.13,-6426.38,-1,13,True
1555,2024-08,7469.57336,14924.033360000001,-7454.46,8,24,True
1555,2024-09,8995.24396,11768.94396,-2773.7,8,16,True
1555,2024-10,13255.10268,19022.07268,-5766.97,13,25,True
1555,2024-11,1276.5,6087.52,-4811.02,1,11,True
1555,2024-12,8605.02418,9488.35418,-883.33,8,10,True
1555,2025-01,5518.86841,6700.67841,-1181.81,5,7,True
1556,2024-02,4450.43105,9572.25105,-5121.82,6,18,True
1556,2024-03,3252.19122,7797.59122,-4545.4,4,14,True
1556,2024-04,6207.90099,9753.31099,-3545.41,7,15,True
1556,2024-05,2269.01,4699.95,-2430.94,2,8,True
1556,2024-06,8430.68273,11339.74273,-2909.06,9,15,True
1556,2024-07,-527.45981,3863.4001900000003,-4390.860000000001,-1,8,True
1556,2024-08,4961.75935,9652.789350000001,-4691.030000000001,5,15,True
1556,2024-09,17148.840920000002,22281.33092,-5132.49,15,27,True
1556,2024-10,11876.22378,14358.013780000001,-2481.79,11,17,True
1556,2024-11,11662.74595,17921.43595,-6258.6900000000005,12,26,True
1556,2024-12,3407.65,7301.21,-3893.56,3,11,True
1556,2025-01,11956.89,13138.699999999999,-1181.81,10,11,True
1557,2024-02,3966.31273,3966.31273,0.0,5,5,True
1557,2024-03,900.51637,1718.68637,-818.17,1,3,True
1557,2024-04,4621.0126,4621.0126,0.0,5,5,True
1557,2024-05,2813.9700000000003,4469.22,-1655.25,3,7,True
1557,2024-06,2503.88,5412.9400000000005,-2909.0600000000004,3,9,True
1557,2024-07,-1515.52,1090.9,-2606.42,-2,4,True
1557,2024-08,9099.12999,10890.01999,-1790.89,9,13,True
1557,2024-09,12911.50992,14002.40992,-1090.9,12,14,True
1557,2024-10,6103.88785,6740.2378499999995,-636.35,6,8,True
1557,2024-11,5880.370000000001,8461.710000000001,-2581.34,5,11,True
1557,2024-12,5918.42,8100.219999999999,-2181.8,5,9,True
1557,2025-01,10870.39,11638.56,-768.17,9,11,True
1558,2024-02,3636.32273,3636.32273,0.0,4,4,True
1558,2024-03,90.91000000000008,2909.06,-2818.15,0,6,True
1558,2024-04,690.9000000000001,2327.24,-1636.34,1,5,True
1558,2024-05,-1612.98,818.17,-2431.1499999999996,-2,4,True
1558,2024-06,3628.06,6446.21,-2818.15,4,10,True
1558,2024-07,4663.59,6390.84,-1727.25,5,9,True
1558,2024-08,3582.2400000000007,10582.16,-6999.92,3,19,True
1558,2024-09,6303.85648,11631.08648,-5327.23,7,17,True
1558,2024-10,12954.70329,13931.96329,-977.26,13,15,True
1558,2024-11,5238.31818,6329.21818,-1090.9,5,7,True
1558,2024-12,2461.91986,7031.059859999999,-4569.139999999999,2,10,True
1558,2025-01,2340.1400000000003,4703.76,-2363.62,2,6,True
1559,2024-02,7758.94182,9395.28182,-1636.34,11,15,True
1559,2024-03,3222.39455,5251.65455,-2029.26,3,9,True
1559,2024-04,2480.44798,4934.95798,-2454.51,3,9,True
1559,2024-05,3586.74003,7132.150030000001,-3545.41,4,12,True
1559,2024-06,4696.52693,10560.086930000001,-5863.5599999999995,4,18,True
1559,2024-07,9696.11,9696.11,0.0,11,11,True
1559,2024-08,8787.75676,8787.75676,0.0,10,10,True
1559,2024-09,14020.155060000001,14020.155060000001,0.0,13,13,True
1559,2024-10,14672.579529999999,20912.74953,-6240.17,13,27,True
1559,2024-11,2181.8,4454.51,-2272.71,2,6,True
1559,2024-12,9593.29327,13106.89327,-3513.6000000000004,8,16,True
1559,2025-01,3727.25,4636.33,-909.08,3,5,True
1561,2024-02,4389.27766,5171.08766,-781.81,5,7,True
1561,2024-03,7250.88857,8159.96857,-909.08,8,10,True
1561,2024-04,5272.66,7818.08,-2545.42,6,12,True
1561,2024-05,-2999.98,3090.87,-6090.85,-2,10,True
1561,2024-06,13132.00063,15033.780630000001,-1901.7800000000002,12,18,True
1561,2024-07,6012.0272700000005,8981.72727,-2969.7,6,14,True
1561,2024-08,5827.22,5827.22,0.0,6,6,True
1561,2024-09,15416.8,20471.3,-5054.5,13,23,True
1561,2024-10,10901.03526,19804.98526,-8903.95,10,28,True
1561,2024-11,3959.0600000000004,9999.92,-6040.860000000001,3,15,True
1561,2024-12,10600.48,14327.71,-3727.2300000000005,9,17,True
1561,2025-01,90.90999999999997,6454.49,-6363.58,0,12,True
1562,2024-02,909.08,909.08,0.0,1,1,True
1562,2024-03,1090.9,1090.9,0.0,1,1,True
1562,2024-04,887.15996,2705.31996,-1818.16,1,5,True
1562,2024-05,-245.44999999999993,572.72,-818.17,0,2,True
1562,2024-06,741.43,741.43,0.0,1,1,True
1562,2024-07,0.0,0.0,0.0,0,0,False
1562,2024-08,999.99,999.99,0.0,1,1,True
1562,2024-09,999.99,999.99,0.0,1,1,True
1562,2024-10,-181.81999999999994,999.99,-1181.81,0,2,True
1562,2024-11,2090.8900000000003,2090.8900000000003,0.0,2,2,True
1562,2024-12,2454.5299999999997,2454.5299999999997,0.0,2,2,True
1562,2025-01,-1272.72,0.0,-1272.72,-1,1,True
1565,2024-02,90.91000000000008,909.08,-818.17,0,2,True
1565,2024-03,5968.4422,5968.4422,0.0,7,7,True
1565,2024-04,3490.8599999999997,4309.03,-818.17,5,7,True
1565,2024-05,2363.61,3590.87,-1227.2600000000002,3,7,True
1565,2024-06,7049.900000000001,7049.900000000001,0.0,11,10,True
1565,2024-07,2427.24,4299.95,-1872.71,3,7,True
1565,2024-08,3427.24,4518.139999999999,-1090.9,4,6,True
1565,2024-09,4849.92,6849.9,-1999.98,5,9,True
1565,2024-10,5123.50511,7677.34511,-2553.84,6,12,True
1565,2024-11,3044.9,5226.700000000001,-2181.8,3,7,True
1565,2024-12,-1843.46,2272.71,-4116.17,-2,6,True
1565,2025-01,-404.48488999999995,2050.04511,-2454.5299999999997,0,4,True
1566,2024-02,-381.8099999999999,909.08,-1290.8899999999999,-1,3,True
1566,2024-03,1989.3528900000001,2898.43289,-909.08,2,4,True
1566,2024-04,2772.97311,4500.22311,-1727.25,3,7,True
1566,2024-05,2295.7499900000003,2993.91999,-698.17,2,4,True
1566,2024-06,5055.7099,6055.6999,-999.99,5,7,True
1566,2024-07,2509.07,3090.88,-581.81,2,4,True
1566,2024-08,5454.5,6790.84,-1336.3400000000001,5,9,True
1566,2024-09,7472.68,10272.650000000001,-2799.9700000000003,6,12,True
1566,2024-10,7621.5,8803.31,-1181.81,7,9,True
1566,2024-11,948.0500000000002,4129.84,-3181.79,1,7,True
1566,2024-12,1090.9,1090.9,0.0,1,1,True
1566,2025-01,3727.25,4818.15,-1090.9,3,5,True
1567,2024-02,-345.30345,1527.4065500000002,-1872.71,0,4,True
1567,2024-03,818.17,818.17,0.0,1,1,True
1567,2024-04,-818.17,909.08,-1727.25,-1,3,True
1567,2024-05,1706.94915,1706.94915,0.0,2,2,True
1567,2024-06,4347.3527300000005,5438.25273,-1090.9,5,7,True
1567,2024-07,16.230000000000018,909.08,-892.85,0,2,True
1567,2024-08,999.99,999.99,0.0,1,1,True
1567,2024-09,3801.8,4801.79,-999.99,4,6,True
1567,2024-10,1545.9300000000003,2982.78,-1436.85,1,5,True
1567,2024-11,3109.0636400000003,3109.0636400000003,0.0,3,3,True
1567,2024-12,1011.4766099999999,2072.07661,-1060.6,1,3,True
1567,2025-01,1272.72,1272.72,0.0,1,1,True
1568,2024-02,1818.16,1818.16,0.0,2,2,True
1568,2024-03,0.0,818.17,-818.17,0,2,True
1568,2024-04,1909.0700000000002,1909.0700000000002,0.0,2,2,True
1568,2024-05,1999.98,1999.98,0.0,2,2,True
1568,2024-06,2454.52,2818.15,-363.63,2,4,True
1568,2024-07,0.0,572.72,-572.72,0,2,True
1568,2024-08,-1190.9,1336.35,-2527.25,-1,5,True
1568,2024-09,1518.17,2090.8900000000003,-572.72,1,3,True
1568,2024-10,1999.98,3090.88,-1090.9,2,4,True
1568,2024-11,0.0,0.0,0.0,0,0,False
1568,2024-12,2334.45301,3163.53301,-829.08,2,4,True
1568,2025-01,999.99,2181.8,-1181.81,1,3,True
1569,2024-02,1727.25,1727.25,0.0,2,2,True
1569,2024-03,2675.27635,2675.27635,0.0,3,3,True
1569,2024-04,0.0,0.0,0.0,0,0,False
1569,2024-05,2909.06,2909.06,0.0,3,3,True
1569,2024-06,1582.41623,1582.41623,0.0,2,2,True
1569,2024-07,-611.1,0.0,-611.1,-1,1,True
1569,2024-08,1090.9,1090.9,0.0,1,1,True
1569,2024-09,2090.8900000000003,4272.6900000000005,-2181.8,2,6,True
1569,2024-10,-446.56000000000006,2052.46,-2499.02,-1,5,True
1569,2024-11,0.0,1090.9,-1090.9,0,2,True
1569,2024-12,4342.4155,4342.4155,0.0,4,4,True
1569,2025-01,-1181.81,0.0,-1181.81,-1,1,True
1570,2024-02,-1008.72,2154.88,-3163.6,-1,7,True
1570,2024-03,8049.46982,8049.46982,0.0,9,9,True
1570,2024-04,4275.98995,8003.219950000001,-3727.23,5,13,True
1570,2024-05,3175.36482,7575.3148200000005,-4399.95,3,12,True
1570,2024-06,5508.164540000001,10908.77454,-5400.61,6,20,True
1570,2024-07,1229.8312100000003,3902.53121,-2672.7,1,7,True
1570,2024-08,5040.68931,8995.18931,-3954.5,4,14,True
1570,2024-09,10319.04,15299.86,-4980.82,10,20,True
1570,2024-10,13277.86353,22041.90353,-8764.04,13,31,True
1570,2024-11,11652.44701,11652.44701,0.0,11,11,True
1570,2024-12,10309.82219,13343.39219,-3033.57,9,15,True
1570,2025-01,6964.10481,11418.61481,-4454.51,6,14,True
1571,2024-02,1568.34,1568.34,0.0,2,2,True
1571,2024-03,1727.25,1727.25,0.0,2,2,True
1571,2024-04,2943.46953,2943.46953,0.0,4,4,True
1571,2024-05,952.9,952.9,0.0,1,1,True
1571,2024-06,-2454.5099999999998,1999.98,-4454.49,-3,7,True
1571,2024-07,1572.71,1572.71,0.0,2,2,True
1571,2024-08,0.0,0.0,0.0,0,0,False
1571,2024-09,2572.7,3572.69,-999.99,3,5,True
1571,2024-10,2824.01,3914.91,-1090.9,3,5,True
1571,2024-11,2131.08,3078.4300000000003,-947.35,2,4,True
1571,2024-12,1272.72,1272.72,0.0,1,1,True
1571,2025-01,1344.31,3636.34,-2292.0299999999997,1,5,True
1572,2024-02,818.17,818.17,0.0,1,1,True
1572,2024-03,2116.83002,2116.83002,0.0,3,3,True
1572,2024-04,2669.2400000000002,2669.2400000000002,0.0,3,3,True
1572,2024-05,0.0,0.0,0.0,0,0,False
1572,2024-06,3010.7228,4010.7128,-999.99,4,6,True
1572,2024-07,2718.1600000000003,3627.2400000000002,-909.08,3,5,True
1572,2024-08,3709.0600000000004,3709.0600000000004,0.0,4,4,True
1572,2024-09,6579.22,6579.22,0.0,6,6,True
1572,2024-10,6206.58,6970.210000000001,-763.63,6,8,True
1572,2024-11,1501.07,2591.9700000000003,-1090.9,2,4,True
1572,2024-12,2957.38,2957.38,0.0,3,3,True
1572,2025-01,2554.5299999999997,3281.79,-727.26,2,4,True
1573,2024-02,1020.71048,1020.71048,0.0,2,2,True
1573,2024-03,1818.1599999999999,1818.1599999999999,0.0,2,2,True
1573,2024-04,2810.4,4537.65,-1727.25,3,7,True
1573,2024-05,920.61437,920.61437,0.0,1,1,True
1573,2024-06,1404.94,3041.28,-1636.3400000000001,2,6,True
1573,2024-07,3198.41164,4289.31164,-1090.9,5,7,True
1573,2024-08,419.01999999999975,2209.91,-1790.89,0,4,True
1573,2024-09,3454.52,5181.77,-1727.25,3,7,True
1573,2024-10,-1090.9,0.0,-1090.9,-1,1,True
1573,2024-11,4825.74,4825.74,0.0,5,5,True
1573,2024-12,5863.59,6613.58,-749.99,5,7,True
1573,2025-01,1373.23147,3327.76147,-1954.53,1,5,True
1574,2024-02,183.50746999999984,1274.4074699999999,-1090.9,1,3,True
1574,2024-03,510.90999999999997,1899.98,-1389.0700000000002,0,4,True
1574,2024-04,3389.95179,7117.17179,-3727.22,2,12,True
1574,2024-05,3727.09,4736.16,-1009.0699999999999,4,8,True
1574,2024-06,1622.7200000000003,5931.76,-4309.04,1,11,True
1574,2024-07,1753.48562,4026.1956200000004,-2272.71,2,6,True
1574,2024-08,6372.67,7027.210000000001,-654.54,6,8,True
1574,2024-09,8455.29,8455.29,0.0,8,8,True
1574,2024-10,10684.79,14139.300000000001,-3454.51,10,18,True
1574,2024-11,10586.618190000001,11495.69819,-909.08,10,12,True
1574,2024-12,7676.56213,9835.63213,-2159.07,7,11,True
1574,2025-01,7863.58,7863.58,0.0,7,7,True
1575,2024-02,2948.9464599999997,6967.22646,-4018.28,4,14,True
1575,2024-03,9951.25803,11598.14803,-1646.8899999999999,11,15,True
1575,2024-04,4376.49678,7103.73678,-2727.24,5,11,True
1575,2024-05,1218.17,3636.3199999999997,-2418.1499999999996,1,7,True
1575,2024-06,8613.94244,12430.05244,-3816.1099999999997,9,19,True
1575,2024-07,2961.3300000000004,8363.54,-5402.21,3,17,True
1575,2024-08,10407.51165,13262.03165,-2854.52,11,17,True
1575,2024-09,14454.429090000001,17636.219090000002,-3181.79,13,19,True
1575,2024-10,19932.05194,33252.84194,-13320.79,17,47,True
1575,2024-11,12076.09698,22476.006980000002,-10399.91,11,31,True
1575,2024-12,12275.05276,16715.032760000002,-4439.9800000000005,10,20,True
1575,2025-01,0.0,0.0,0.0,0,0,False
1576,2024-02,3218.1500000000005,4818.13,-1599.98,3,7,True
1576,2024-03,8279.11569,8915.465689999999,-636.35,10,12,True
1576,2024-04,4994.27361,5903.35361,-909.08,6,8,True
1576,2024-05,2272.71273,5727.21273,-3454.5,2,10,True
1576,2024-06,7998.80695,12362.39695,-4363.59,8,18,True
1576,2024-07,3447.23,7127.1900000000005,-3679.96,4,12,True
1576,2024-08,8610.25809,8610.25809,0.0,9,9,True
1576,2024-09,15989.68,18262.39,-2272.71,15,19,True
1576,2024-10,21855.47754,25855.437540000003,-3999.96,21,29,True
1576,2024-11,13409.926660000001,19046.24666,-5636.32,14,24,True
1576,2024-12,10711.40793,16147.63793,-5436.23,8,20,True
1576,2025-01,9840.85,13204.46,-3363.61,8,14,True
1578,2024-02,5254.47091,7818.08091,-2563.61,6,12,True
1578,2024-03,10951.122510000001,13496.54251,-2545.42,12,18,True
1578,2024-04,12890.74,19319.94,-6429.2,14,30,True
1578,2024-05,45.79182000000014,6263.90182,-6218.11,0,14,True
1578,2024-06,8382.8785,18324.5285,-9941.65,9,31,True
1578,2024-07,4953.46637,11860.65637,-6907.1900000000005,6,22,True
1578,2024-08,21125.98269,26316.84269,-5190.860000000001,21,31,True
1578,2024-09,37146.10268,41155.15268,-4009.05,34,42,True
1578,2024-10,23614.43,36894.95,-13280.52,22,48,True
1578,2024-11,24312.55315,27503.083150000002,-3190.5299999999997,23,29,True
1578,2024-12,19434.85298,24258.06298,-4823.21,18,28,True
1578,2025-01,7427.4981800000005,15972.87818,-8545.380000000001,6,22,True
1579,2024-02,7335.84846,10803.98846,-3468.14,8,16,True
1579,2024-03,5547.41068,8001.92068,-2454.5099999999998,6,12,True
1579,2024-04,2024.7218200000002,5909.01182,-3884.29,2,12,True
1579,2024-05,4142.01784,4697.56784,-555.55,4,6,True
1579,2024-06,-1627.25,3827.23,-5454.48,-2,10,True
1579,2024-07,-1545.43,0.0,-1545.43,-2,2,True
1579,2024-08,8799.92,8799.92,0.0,9,9,True
1579,2024-09,8999.93,13272.62,-4272.6900000000005,8,16,True
1579,2024-10,13056.85,17193.18,-4136.33,11,19,True
1579,2024-11,9214.79865,9214.79865,0.0,9,9,True
1579,2024-12,6874.450000000001,7556.26,-681.81,6,8,True
1579,2025-01,5631.39996,7722.28996,-2090.89,5,9,True
1580,2024-02,3145.82091,3145.82091,0.0,4,4,True
1580,2024-03,818.1700000000001,1818.16,-999.99,1,3,True
1580,2024-04,822.56158,822.56158,0.0,1,1,True
1580,2024-05,1479.1659,1479.1659,0.0,2,2,True
1580,2024-06,1630.02,2630.01,-999.99,2,4,True
1580,2024-07,1699.98,1699.98,0.0,2,2,True
1580,2024-08,2090.8900000000003,2090.8900000000003,0.0,2,2,True
1580,2024-09,4156.97,6247.860000000001,-2090.8900000000003,4,7,True
1580,2024-10,2272.71,2272.71,0.0,2,2,True
1580,2024-11,-1090.9,2090.8900000000003,-3181.79,-1,5,True
1580,2024-12,1613.63,4727.24,-3113.6099999999997,1,7,True
1580,2025-01,21.98689000000013,1203.79689,-1181.81,0,2,True
1581,2024-02,3523.1800000000003,5250.43,-1727.25,4,8,True
1581,2024-03,6788.32649,8461.03649,-1672.71,8,12,True
1581,2024-04,3070.7327299999997,8834.80273,-5764.07,3,17,True
1581,2024-05,3709.0480000000002,5618.118,-1909.0700000000002,4,8,True
1581,2024-06,2680.19967,7771.059670000001,-5090.860000000001,4,14,True
1581,2024-07,2727.58,5273.0,-2545.42,3,9,True
1581,2024-08,7727.200000000001,9999.91,-2272.71,8,12,True
1581,2024-09,15062.03287,20634.70287,-5572.67,14,26,True
1581,2024-10,10862.13044,17821.95044,-6959.820000000001,11,25,True
1581,2024-11,19317.60791,25417.55791,-6099.95,18,30,True
1581,2024-12,8817.91856,16283.26856,-7465.35,8,22,True
1581,2025-01,19043.54546,19043.54546,0.0,16,16,True
1582,2024-02,2424.21315,2424.21315,0.0,3,3,True
1582,2024-03,2425.42,2425.42,0.0,3,3,True
1582,2024-04,-1818.1599999999999,818.17,-2636.33,-2,4,True
1582,2024-05,1999.98,1999.98,0.0,2,2,True
1582,2024-06,2909.06,3818.1400000000003,-909.08,3,5,True
1582,2024-07,1000.0,2272.71,-1272.71,0,4,True
1582,2024-08,5409.03,5409.03,0.0,7,7,True
1582,2024-09,1812.36,3272.7,-1460.3400000000001,1,5,True
1582,2024-10,1384.6600000000003,2966.46,-1581.8,1,5,True
1582,2024-11,66.18000000000029,4272.6900000000005,-4206.51,0,8,True
1582,2024-12,672.7200000000003,2945.4300000000003,-2272.71,1,5,True
1582,2025-01,1356.43,4586.92,-3230.49,1,7,True
1583,2024-02,422.67999999999995,1513.58,-1090.9,2,4,True
1583,2024-03,1363.63,2181.8,-818.17,1,3,True
1583,2024-04,2545.42,2545.42,0.0,3,3,True
1583,2024-05,1832.19,2480.33,-648.14,2,4,True
1583,2024-06,1507.93,2889.73,-1381.8,1,5,True
1583,2024-07,1090.9,1090.9,0.0,1,1,True
1583,2024-08,763.63,763.63,0.0,1,1,True
1583,2024-09,7636.3,7636.3,0.0,7,7,True
1583,2024-10,1369.9,3915.32,-2545.42,1,7,True
1583,2024-11,2444.06,4095.14,-1651.08,2,6,True
1583,2024-12,1812.7097899999999,1812.7097899999999,0.0,2,2,True
1583,2025-01,4181.95,4181.95,0.0,4,4,True
1584,2024-02,0.0,0.0,0.0,0,0,False
1584,2024-03,1091.8251100000002,1782.72511,-690.9,1,3,True
1584,2024-04,1464.1228999999998,1464.1228999999998,0.0,2,2,True
1584,2024-05,0.0,1636.34,-1636.34,0,4,True
1584,2024-06,-636.35,0.0,-636.35,-1,1,True
1584,2024-07,-63.629999999999995,1145.44,-1209.0700000000002,0,4,True
1584,2024-08,2118.16,2481.79,-363.63,2,4,True
1584,2024-09,2181.7999999999997,3272.7,-1090.9,2,4,True
1584,2024-10,3363.61,3363.61,0.0,3,3,True
1584,2024-11,1311.0500000000002,3038.3100000000004,-1727.26,1,5,True
1584,2024-12,2685.1742400000003,3541.68424,-856.51,2,4,True
1584,2025-01,3399.52,3399.52,0.0,3,3,True
1585,2024-02,1090.9,2636.33,-1545.4299999999998,1,5,True
1585,2024-03,7132.2300000000005,7132.2300000000005,0.0,8,8,True
1585,2024-04,1818.16,1818.16,0.0,2,2,True
1585,2024-05,-309.09000000000003,599.99,-909.08,0,2,True
1585,2024-06,7281.34,8979.5,-1698.1599999999999,7,11,True
1585,2024-07,-127.26999999999998,572.72,-699.99,0,2,True
1585,2024-08,1572.71,1572.71,0.0,2,2,True
1585,2024-09,2454.53,4181.780000000001,-1727.25,2,6,True
1585,2024-10,4245.03,4245.03,0.0,4,4,True
1585,2024-11,2041.54,4859.6900000000005,-2818.15,2,8,True
1585,2024-12,0.0,0.0,0.0,0,0,False
1585,2025-01,410.9799999999999,1181.81,-770.83,0,2,True
1587,2024-02,834.33,834.33,0.0,1,1,True
1587,2024-03,1727.25,1727.25,0.0,2,2,True
1587,2024-04,1909.0700000000002,1909.0700000000002,0.0,2,2,True
1587,2024-05,0.0,0.0,0.0,0,0,False
1587,2024-06,1003.8671899999999,2912.93719,-1909.0700000000002,1,5,True
1587,2024-07,-300.0,699.99,-999.99,0,2,True
1587,2024-08,-1090.9,0.0,-1090.9,-1,1,True
1587,2024-09,3272.7,3272.7,0.0,3,3,True
1587,2024-10,4446.2,4446.2,0.0,5,5,True
1587,2024-11,1304.6000000000001,2165.7000000000003,-861.1,2,4,True
1587,2024-12,1900.26,1900.26,0.0,2,2,True
1587,2025-01,272.7299999999998,2454.5299999999997,-2181.8,0,4,True
1588,2024-02,3590.80274,3590.80274,0.0,4,4,True
1588,2024-03,0.0,0.0,0.0,0,0,False
1588,2024-04,1909.0700000000002,2818.15,-909.08,2,4,True
1588,2024-05,3746.97408,4274.74408,-527.77,4,6,True
1588,2024-06,1999.98,1999.98,0.0,2,2,True
1588,2024-07,3609.05,5609.03,-1999.98,4,8,True
1588,2024-08,300.0,1909.0700000000002,-1609.0700000000002,0,4,True
1588,2024-09,2612.48,4794.28,-2181.8,3,7,True
1588,2024-10,7179.030000000001,7960.84,-781.81,7,9,True
1588,2024-11,3512.0600000000004,4432.51,-920.45,3,5,True
1588,2024-12,2272.71,2272.71,0.0,2,2,True
1588,2025-01,5075.43,6984.5,-1909.07,4,8,True
1590,2024-02,754.17,2354.1499999999996,-1599.98,1,5,True
1590,2024-03,1181.8100000000002,1999.98,-818.17,1,3,True
1590,2024-04,-1265.35536,1743.0146399999999,-3008.37,-2,6,True
1590,2024-05,2236.34,2818.15,-581.81,2,4,True
1590,2024-06,1727.24818,4727.21818,-2999.9700000000003,2,8,True
1590,2024-07,2999.97091,2999.97091,0.0,3,3,True
1590,2024-08,5390.86636,5390.86636,0.0,5,4,True
1590,2024-09,1499.98,4045.42,-2545.44,2,5,True
1590,2024-10,3903.31972,4994.21972,-1090.9,4,6,True
1590,2024-11,5240.860000000001,6240.85,-999.99,5,7,True
1590,2024-12,1795.45,3545.4300000000003,-1749.98,1,5,True
1590,2025-01,0.0,1181.81,-1181.81,0,2,True
1591,2024-02,-215.66635999999994,1420.67364,-1636.34,0,4,True
1591,2024-03,626.4620299999999,1535.54203,-909.08,1,3,True
1591,2024-04,-194.82000000000005,896.08,-1090.9,0,2,True
1591,2024-05,3262.59,3818.1400000000003,-555.55,3,5,True
1591,2024-06,0.0,0.0,0.0,0,0,False
1591,2024-07,4396.29,4969.01,-572.72,5,7,True
1591,2024-08,1636.3400000000001,1636.3400000000001,0.0,2,2,True
1591,2024-09,2636.35,4545.42,-1909.0700000000002,2,6,True
1591,2024-10,5501.92,8523.28,-3021.36,6,12,True
1591,2024-11,5780.9341,6871.8341,-1090.9,6,8,True
1591,2024-12,3848.44172,4939.34172,-1090.9,4,6,True
1591,2025-01,4790.23,6429.04,-1638.81,4,8,True
1592,2024-02,3942.7409900000002,3942.7409900000002,0.0,5,5,True
1592,2024-03,0.0,0.0,0.0,0,0,False
1592,2024-04,3442.5,3442.5,0.0,4,4,True
1592,2024-05,2596.47338,2596.47338,0.0,3,3,True
1592,2024-06,2949.0600000000004,5858.120000000001,-2909.06,3,9,True
1592,2024-07,-699.99,0.0,-699.99,-1,1,True
1592,2024-08,1727.25,1727.25,0.0,2,2,True
1592,2024-09,1272.7200000000003,3181.79,-1909.0700000000002,1,5,True
1592,2024-10,2833.17,4014.98,-1181.81,3,5,True
1592,2024-11,4254.5869600000005,5345.48696,-1090.9,4,6,True
1592,2024-12,2363.61909,2363.61909,0.0,2,2,True
1592,2025-01,-90.90999999999985,2272.71,-2363.62,0,4,True
1593,2024-02,739.2331700000002,3157.38317,-2418.1499999999996,1,7,True
1593,2024-03,5694.57,8203.63,-2509.06,6,12,True
1593,2024-04,9128.20641,10855.45641,-1727.25,10,14,True
1593,2024-05,-1215.6398199999999,2784.30018,-3999.94,-2,8,True
1593,2024-06,8063.9800000000005,8980.630000000001,-916.65,8,10,True
1593,2024-07,1272.71,2363.61,-1090.9,2,4,True
1593,2024-08,4299.97,5118.14,-818.17,4,6,True
1593,2024-09,7056.860000000001,8965.93,-1909.07,6,10,True
1593,2024-10,10433.57091,14600.81091,-4167.24,10,18,True
1593,2024-11,13148.75799,16057.81799,-2909.0600000000004,13,19,True
1593,2024-12,168.61000000000013,4085.2400000000002,-3916.63,0,8,True
1593,2025-01,3545.4300000000003,4727.24,-1181.81,3,5,True
1594,2024-02,2399.9700000000003,2399.9700000000003,0.0,3,3,True
1594,2024-03,2272.71,3909.05,-1636.34,2,6,True
1594,2024-04,-90.91000000000008,818.17,-909.08,0,2,True
1594,2024-05,1809.3817,1809.3817,0.0,2,2,True
1594,2024-06,5540.4498300000005,5540.4498300000005,0.0,6,6,True
1594,2024-07,3845.42,4545.41,-699.99,4,6,True
1594,2024-08,3856.26926,3856.26926,0.0,4,4,True
1594,2024-09,3275.60992,5548.31992,-2272.71,3,7,True
1594,2024-10,7312.11664,9493.91664,-2181.8,7,11,True
1594,2024-11,6321.18439,6321.18439,0.0,6,6,True
1594,2024-12,6256.67,6256.67,0.0,6,6,True
1594,2025-01,1181.81,2454.5299999999997,-1272.72,1,3,True
1595,2024-02,818.17,818.17,0.0,1,1,True
1595,2024-03,1961.5800000000002,2779.75,-818.17,2,4,True
1595,2024-04,0.0,818.17,-818.17,0,2,True
1595,2024-05,-2929.23,999.99,-3929.22,-4,6,True
1595,2024-06,3490.87,4545.4,-1054.53,3,7,True
1595,2024-07,2909.06,2909.06,0.0,3,3,True
1595,2024-08,2181.8,2181.8,0.0,2,2,True
1595,2024-09,6727.22,9454.460000000001,-2727.24,6,12,True
1595,2024-10,1751.53,3933.33,-2181.8,2,6,True
1595,2024-11,1797.98,1797.98,0.0,2,2,True
1595,2024-12,1379.6599999999999,4290.16,-2910.5,1,7,True
1595,2025-01,181.81999999999994,2363.62,-2181.8,0,4,True
1596,2024-02,0.0,0.0,0.0,0,0,False
1596,2024-03,2636.33273,2636.33273,0.0,3,3,True
1596,2024-04,-818.17,0.0,-818.17,-1,1,True
1596,2024-05,1090.9,1909.0700000000002,-818.17,1,3,True
1596,2024-06,1472.7199999999998,2999.9700000000003,-1527.25,1,5,True
1596,2024-07,5209.030000000001,5209.030000000001,0.0,6,6,True
1596,2024-08,3663.6000000000004,3663.6000000000004,0.0,4,4,True
1596,2024-09,7451.7970700000005,8188.14707,-736.35,7,9,True
1596,2024-10,6887.46158,6887.46158,0.0,7,7,True
1596,2024-11,9846.06,11950.32,-2104.26,9,13,True
1596,2024-12,5727.23,5727.23,0.0,5,5,True
1596,2025-01,4728.49428,7092.11428,-2363.62,4,8,True
1597,2024-02,1036.3500000000001,1818.16,-781.81,1,3,True
1597,2024-03,-8.709659999999985,809.46034,-818.17,0,2,True
1597,2024-04,6793.61445,6793.61445,0.0,8,8,True
1597,2024-05,1730.15967,2639.23967,-909.08,2,4,True
1597,2024-06,3909.05,3909.05,0.0,4,4,True
1597,2024-07,845.4500000000003,2754.5200000000004,-1909.0700000000002,1,5,True
1597,2024-08,2921.79,2921.79,0.0,3,3,True
1597,2024-09,400.0000000000001,2090.8900000000003,-1690.8899999999999,0,4,True
1597,2024-10,5007.860000000001,7280.570000000001,-2272.71,5,9,True
1597,2024-11,1518.17,2090.8900000000003,-572.72,1,3,True
1597,2024-12,1225.1,3272.7,-2047.6000000000001,1,5,True
1597,2025-01,2545.4399999999996,3636.34,-1090.9,2,4,True
1600,2024-02,-236.36,581.81,-818.17,0,2,True
1600,2024-03,90.90999999999997,999.99,-909.08,0,2,True
1600,2024-04,1345.44,1999.98,-654.54,1,3,True
1600,2024-05,1797.7366700000002,1797.7366700000002,0.0,2,2,True
1600,2024-06,-327.2700000000001,1672.71,-1999.98,0,4,True
1600,2024-07,1209.0700000000002,1209.0700000000002,0.0,2,2,True
1600,2024-08,1133.2645099999997,2224.1645099999996,-1090.9,1,3,True
1600,2024-09,1945.44,1945.44,0.0,2,2,True
1600,2024-10,1991.18,3082.08,-1090.9,2,4,True
1600,2024-11,947.9900000000002,2129.8,-1181.81,1,3,True
1600,2024-12,-90.90999999999985,1090.9,-1181.81,0,2,True
1600,2025-01,2178.08866,2178.08866,0.0,2,2,True
1601,2024-02,0.0,0.0,0.0,0,0,False
1601,2024-03,0.0,0.0,0.0,0,0,False
1601,2024-04,0.0,0.0,0.0,0,0,False
1601,2024-05,0.0,0.0,0.0,0,0,False
1601,2024-06,1090.9,1090.9,0.0,1,1,True
1601,2024-07,399.99,1399.98,-999.99,1,3,True
1601,2024-08,-1999.98,0.0,-1999.98,-2,2,True
1601,2024-09,2272.71,4363.6,-2090.8900000000003,2,6,True
1601,2024-10,1999.98,1999.98,0.0,2,2,True
1601,2024-11,3653.56208,4835.37208,-1181.81,4,6,True
1601,2024-12,0.0,0.0,0.0,0,0,False
1601,2025-01,1272.72,1272.72,0.0,1,1,True
1603,2024-02,2909.06,2909.06,0.0,3,3,True
1603,2024-03,1617.2527300000002,2435.4227300000002,-818.17,2,4,True
1603,2024-04,2846.91347,3665.08347,-818.17,3,5,True
1603,2024-05,385.74,1294.8200000000002,-909.08,1,3,True
1603,2024-06,2272.71,4999.95,-2727.24,2,8,True
1603,2024-07,746.6300000000001,2181.8,-1435.17,0,4,True
1603,2024-08,319.93000000000006,2699.9700000000003,-2380.04,0,6,True
1603,2024-09,327.96000000000026,3454.5200000000004,-3126.56,-1,7,True
1603,2024-10,1251.9969600000002,6524.676960000001,-5272.68,2,12,True
1603,2024-11,8946.23,10062.57,-1116.3400000000001,8,12,True
1603,2024-12,5616.94835,6798.75835,-1181.81,5,7,True
1603,2025-01,954.54,954.54,0.0,1,1,True
1604,2024-02,245.44999999999993,818.17,-572.72,0,2,True
1604,2024-03,-763.63,0.0,-763.63,-1,1,True
1604,2024-04,909.0799999999999,2727.24,-1818.16,1,5,True
1604,2024-05,999.99,999.99,0.0,1,1,True
1604,2024-06,5181.77,5181.77,0.0,5,5,True
1604,2024-07,-127.26999999999998,572.72,-699.99,0,2,True
1604,2024-08,1790.89,1790.89,0.0,2,2,True
1604,2024-09,3090.88,3090.88,0.0,3,3,True
1604,2024-10,1490.9,3181.79,-1690.8899999999999,1,5,True
1604,2024-11,-1438.7300000000002,1833.97,-3272.7000000000003,-1,5,True
1604,2024-12,2445.4400000000005,3272.7000000000003,-827.26,2,4,True
1604,2025-01,2363.62,2363.62,0.0,2,2,True
1605,2024-02,5643.66175,8589.07175,-2945.41,7,15,True
1605,2024-03,162.58334000000002,2798.91334,-2636.33,1,7,True
1605,2024-04,3823.93542,8871.28542,-5047.35,3,17,True
1605,2024-05,3727.23455,6454.47455,-2727.2400000000002,4,10,True
1605,2024-06,12275.55704,18002.76704,-5727.21,14,26,True
1605,2024-07,12450.53,13914.15,-1463.62,14,18,True
1605,2024-08,5946.40211,10646.35211,-4699.950000000001,8,18,True
1605,2024-09,18509.06101,22390.84101,-3881.7799999999997,19,27,True
1605,2024-10,15002.48636,18597.77636,-3595.29,14,24,True
1605,2024-11,4840.370000000001,5368.14,-527.77,4,6,True
1605,2024-12,10466.75511,11284.92511,-818.17,9,11,True
1605,2025-01,17873.99009,17873.99009,0.0,16,16,True
1606,2024-02,0.0,0.0,0.0,0,0,False
1606,2024-03,0.0,0.0,0.0,0,0,False
1606,2024-04,0.0,0.0,0.0,0,0,False
1606,2024-05,0.0,0.0,0.0,0,0,False
1606,2024-06,0.0,0.0,0.0,0,0,False
1606,2024-07,0.0,0.0,0.0,0,0,False
1606,2024-08,0.0,0.0,0.0,0,0,False
1606,2024-09,0.0,0.0,0.0,0,0,False
1606,2024-10,0.0,0.0,0.0,0,0,False
1606,2024-11,0.0,0.0,0.0,0,0,False
1606,2024-12,0.0,0.0,0.0,0,0,False
1606,2025-01,1272.72,1272.72,0.0,1,1,True
1607,2024-02,2545.4227300000002,3363.59273,-818.17,3,5,True
1607,2024-03,-818.17,818.17,-1636.34,-1,3,True
1607,2024-04,1136.3500000000001,2636.33,-1499.98,1,5,True
1607,2024-05,204.50121000000013,2659.01121,-2454.5099999999998,0,6,True
1607,2024-06,52.85000000000002,2507.36,-2454.51,0,6,True
1607,2024-07,4845.4,6363.56,-1518.1599999999999,6,10,True
1607,2024-08,5299.9400000000005,5299.9400000000005,0.0,6,6,True
1607,2024-09,1156.7199999999998,2247.62,-1090.9,1,3,True
1607,2024-10,5518.9400000000005,7264.75,-1745.81,5,9,True
1607,2024-11,-75.80999999999995,1990.8899999999999,-2066.7,0,4,True
1607,2024-12,1840.89,1840.89,0.0,2,2,True
1607,2025-01,1647.32998,2829.13998,-1181.81,2,4,True
1608,2024-02,4720.60431,5538.77431,-818.17,6,8,True
1608,2024-03,2742.3816800000004,4560.54168,-1818.1599999999999,3,7,True
1608,2024-04,2293.91838,4784.79838,-2490.88,2,8,True
1608,2024-05,-2549.33,1966.98,-4516.31,-3,7,True
1608,2024-06,9152.92671,10880.166710000001,-1727.24,9,15,True
1608,2024-07,9228.65,10600.68,-1372.0300000000002,9,12,True
1608,2024-08,9698.228360000001,9698.228360000001,0.0,9,9,True
1608,2024-09,9388.48264,12997.54264,-3609.06,8,16,True
1608,2024-10,10778.70156,14710.46156,-3931.76,10,20,True
1608,2024-11,9926.96,14971.98,-5045.02,10,20,True
1608,2024-12,8565.986640000001,11418.50664,-2852.52,7,13,True
1608,2025-01,7108.55,10999.93,-3891.38,5,13,True
1609,2024-02,0.0,0.0,0.0,0,0,False
1609,2024-03,0.0,0.0,0.0,0,0,False
1609,2024-04,0.0,0.0,0.0,0,0,False
1609,2024-05,0.0,0.0,0.0,0,0,False
1609,2024-06,0.0,0.0,0.0,0,0,False
1609,2024-07,0.0,0.0,0.0,0,0,False
1609,2024-08,0.0,0.0,0.0,0,0,False
1609,2024-09,0.0,0.0,0.0,0,0,False
1609,2024-10,0.0,0.0,0.0,0,0,False
1609,2024-11,1182.7199999999998,4094.72,-2912.0,1,7,True
1609,2024-12,3363.6100000000006,4545.42,-1181.81,3,5,True
1609,2025-01,8845.0235,10208.6535,-1363.63,8,10,True
1610,2024-02,0.0,0.0,0.0,0,0,False
1610,2024-03,2724.46574,2724.46574,0.0,3,3,True
1610,2024-04,-818.17,0.0,-818.17,-1,1,True
1610,2024-05,0.0,0.0,0.0,0,0,False
1610,2024-06,1016.52,1016.52,0.0,1,1,True
1610,2024-07,0.0,0.0,0.0,0,0,False
1610,2024-08,0.0,0.0,0.0,0,0,False
1610,2024-09,0.0,0.0,0.0,0,0,False
1610,2024-10,-17.67999999999995,999.99,-1017.67,0,2,True
1610,2024-11,0.0,0.0,0.0,0,0,False
1610,2024-12,0.0,699.99,-699.99,0,2,True
1610,2025-01,0.0,0.0,0.0,0,0,False
1611,2024-02,0.0,0.0,0.0,0,0,False
1611,2024-03,254.54000000000008,909.08,-654.54,0,2,True
1611,2024-04,1090.9,1090.9,0.0,1,1,True
1611,2024-05,0.0,0.0,0.0,0,0,False
1611,2024-06,-1090.9,0.0,-1090.9,-1,1,True
1611,2024-07,763.63,763.63,0.0,1,1,True
1611,2024-08,1854.5300000000002,1854.5300000000002,0.0,2,2,True
1611,2024-09,3824.96,3824.96,0.0,4,4,True
1611,2024-10,0.0,0.0,0.0,0,0,False
1611,2024-11,0.0,0.0,0.0,0,0,False
1611,2024-12,1169.14333,1169.14333,0.0,1,1,True
1611,2025-01,1272.72,1272.72,0.0,1,1,True
1612,2024-02,3603.8823199999997,4203.87232,-599.99,4,6,True
1612,2024-03,2727.2400000000002,2727.2400000000002,0.0,3,3,True
1612,2024-04,1236.3500000000001,2636.33,-1399.98,1,5,True
1612,2024-05,2399.97,2399.97,0.0,3,3,True
1612,2024-06,1948.73918,2948.7291800000003,-999.99,2,4,True
1612,2024-07,-999.99,0.0,-999.99,-1,1,True
1612,2024-08,2983.67836,2983.67836,0.0,3,3,True
1612,2024-09,2363.62,3545.4300000000003,-1181.81,2,4,True
1612,2024-10,3135.6000000000004,3935.59,-799.99,3,5,True
1612,2024-11,6395.13667,6395.13667,0.0,6,6,True
1612,2024-12,2602.75,3363.61,-760.86,2,4,True
1612,2025-01,0.0,0.0,0.0,0,0,False
1614,2024-02,5592.12902,6992.10902,-1399.98,7,11,True
1614,2024-03,3571.19694,5298.44694,-1727.25,4,8,True
1614,2024-04,5326.46575,6144.63575,-818.17,6,8,True
1614,2024-05,8954.78584,9863.86584,-909.08,10,12,True
1614,2024-06,6416.83914,7507.73914,-1090.9,7,9,True
1614,2024-07,-727.26,699.99,-1427.25,-1,3,True
1614,2024-08,6363.570000000001,6363.570000000001,0.0,7,7,True
1614,2024-09,9397.54537,14205.095370000001,-4807.55,8,18,True
1614,2024-10,12285.53,14649.15,-2363.62,12,16,True
1614,2024-11,6466.13818,11293.00818,-4826.87,6,16,True
1614,2024-12,0.0,2181.8,-2181.8,0,4,True
1614,2025-01,7640.18074,12203.78074,-4563.6,7,15,True
1616,2024-02,3545.40909,5236.29909,-1690.8899999999999,4,8,True
1616,2024-03,4810.20824,6301.09824,-1490.8899999999999,5,9,True
1616,2024-04,3999.96,5727.21,-1727.25,4,8,True
1616,2024-05,-41.46694999999977,2867.57305,-2909.04,-1,7,True
1616,2024-06,7041.21,8152.31,-1111.1,8,12,True
1616,2024-07,2974.2700000000004,5418.13,-2443.8599999999997,3,9,True
1616,2024-08,1154.54,2972.7,-1818.16,1,5,True
1616,2024-09,5128.68,9765.01,-4636.33,5,13,True
1616,2024-10,4633.89126,9241.30126,-4607.41,3,15,True
1616,2024-11,4177.34159,10022.74159,-5845.400000000001,4,16,True
1616,2024-12,5522.68,5522.68,0.0,5,5,True
1616,2025-01,3999.97,5090.87,-1090.9,4,6,True
1617,2024-02,0.0,0.0,0.0,0,0,False
1617,2024-03,0.0,0.0,0.0,0,0,False
1617,2024-04,0.0,0.0,0.0,0,0,False
1617,2024-05,0.0,0.0,0.0,0,0,False
1617,2024-06,0.0,0.0,0.0,0,0,False
1617,2024-07,0.0,0.0,0.0,0,0,False
1617,2024-08,0.0,0.0,0.0,0,0,False
1617,2024-09,0.0,0.0,0.0,0,0,False
1617,2024-10,0.0,0.0,0.0,0,0,False
1617,2024-11,857.14,857.14,0.0,1,1,True
1617,2024-12,4545.42,4545.42,0.0,4,4,True
1617,2025-01,1309.09,2136.35,-827.26,1,3,True
1618,2024-02,7891.95723,10746.46723,-2854.5099999999998,8,16,True
1618,2024-03,11196.87,15160.45,-3963.58,12,22,True
1618,2024-04,5281.115540000001,7826.53554,-2545.42,6,12,True
1618,2024-05,1737.0800000000002,5727.21,-3990.13,1,11,True
1618,2024-06,9445.82,9445.82,0.0,10,10,True
1618,2024-07,4390.860000000001,6481.75,-2090.8900000000003,5,9,True
1618,2024-08,4972.68,7609.01,-2636.33,5,11,True
1618,2024-09,19512.43744,26603.27744,-7090.84,18,32,True
1618,2024-10,20566.283330000002,25615.72333,-5049.4400000000005,20,32,True
1618,2024-11,14246.52,16428.32,-2181.8,14,18,True
1618,2024-12,15851.11,18877.96,-3026.85,13,19,True
1618,2025-01,8919.939999999999,14356.26,-5436.32,8,18,True
1619,2024-02,-392.13892,1335.1110800000001,-1727.25,0,4,True
1619,2024-03,338.17999999999995,818.17,-479.99,0,2,True
1619,2024-04,5683.40008,6274.30008,-590.9,6,8,True
1619,2024-05,818.17,818.17,0.0,1,1,True
1619,2024-06,3521.2153200000002,3521.2153200000002,0.0,4,4,True
1619,2024-07,754.5400000000001,1481.8000000000002,-727.26,1,3,True
1619,2024-08,1297.97,3909.05,-2611.08,1,7,True
1619,2024-09,4790.86,7063.57,-2272.71,5,9,True
1619,2024-10,12525.01755,12525.01755,0.0,13,13,True
1619,2024-11,3341.65,4432.55,-1090.9,4,6,True
1619,2024-12,6087.37619,8860.07619,-2772.7000000000003,8,14,True
1619,2025-01,7199.94,7199.94,0.0,7,7,True
1621,2024-02,7599.2553800000005,9108.32538,-1509.07,8,12,True
1621,2024-03,10420.87302,12511.76302,-2090.8900000000003,12,16,True
1621,2024-04,4727.22,6363.56,-1636.34,5,9,True
1621,2024-05,1850.5000000000002,2999.9700000000003,-1149.47,1,5,True
1621,2024-06,1846.57,9573.76,-7727.1900000000005,2,18,True
1621,2024-07,3452.49668,5807.01668,-2354.52,4,10,True
1621,2024-08,2790.8809100000003,5881.76091,-3090.88,3,9,True
1621,2024-09,15989.441630000001,21547.821630000002,-5558.38,14,26,True
1621,2024-10,16351.59984,19752.419840000002,-3400.82,16,24,True
1621,2024-11,1477.1799999999998,8271.32,-6794.14,1,15,True
1621,2024-12,5488.14,7579.03,-2090.89,5,9,True
1621,2025-01,11335.789999999999,15590.81,-4255.02,9,17,True
1623,2024-02,0.0,0.0,0.0,0,0,False
1623,2024-03,0.0,0.0,0.0,0,0,False
1623,2024-04,0.0,0.0,0.0,0,0,False
1623,2024-05,2609.0600000000004,2609.0600000000004,0.0,3,3,True
1623,2024-06,1265.28,2694.55,-1429.27,1,5,True
1623,2024-07,999.99,3090.88,-2090.8900000000003,1,5,True
1623,2024-08,5545.39,6181.74,-636.35,7,9,True
1623,2024-09,10400.21891,11400.208910000001,-999.99,10,12,True
1623,2024-10,6724.43942,7815.33942,-1090.9,7,9,True
1623,2024-11,1196.4065,3267.9565000000002,-2071.55,1,5,True
1623,2024-12,4402.45889,5184.26889,-781.81,4,6,True
1623,2025-01,0.0,0.0,0.0,0,0,False
1624,2024-02,950.7842500000002,3009.84425,-2059.06,1,7,True
1624,2024-03,-31.164080000000013,3502.15592,-3533.32,0,8,True
1624,2024-04,6265.67,7992.92,-1727.25,6,10,True
1624,2024-05,78.04045000000008,896.21045,-818.17,0,2,True
1624,2024-06,7109.25967,9109.73967,-2000.48,7,13,True
1624,2024-07,1854.53091,2672.70091,-818.17,2,4,True
1624,2024-08,3290.88,3927.23,-636.35,4,6,True
1624,2024-09,14454.42818,14454.42818,0.0,13,13,True
1624,2024-10,14421.27527,19609.53527,-5188.26,14,24,True
1624,2024-11,-2561.46,5327.7,-7889.16,-3,13,True
1624,2024-12,3516.34,6452.68,-2936.34,3,9,True
1624,2025-01,8687.13,9505.3,-818.17,7,9,True
1625,2024-02,2279.9800000000005,4479.950000000001,-2199.97,2,8,True
1625,2024-03,2454.52,4818.13,-2363.61,2,8,True
1625,2024-04,5572.66,7181.7300000000005,-1609.07,6,10,True
1625,2024-05,745.4600000000002,3727.23,-2981.77,0,8,True
1625,2024-06,6086.52364,8149.743640000001,-2063.2200000000003,7,11,True
1625,2024-07,1378.28,4545.41,-3167.13,2,8,True
1625,2024-08,6218.13,9309.01,-3090.88,6,12,True
1625,2024-09,7090.85818,8181.75818,-1090.9,6,8,True
1625,2024-10,13546.32701,13546.32701,0.0,13,13,True
1625,2024-11,6418.129510000001,9690.82951,-3272.7,6,12,True
1625,2024-12,7583.34845,8549.668450000001,-966.32,7,9,True
1625,2025-01,8961.74909,8961.74909,0.0,8,8,True
1626,2024-02,4230.76828,4230.76828,0.0,5,5,True
1626,2024-03,4415.89081,5234.06081,-818.17,5,7,True
1626,2024-04,3108.55,4454.49,-1345.94,3,7,True
1626,2024-05,1173.39546,3272.6854599999997,-2099.29,1,7,True
1626,2024-06,3652.9542600000004,7289.27426,-3636.32,4,12,True
1626,2024-07,663.64,3699.96,-3036.32,0,8,True
1626,2024-08,1454.54,3363.6099999999997,-1909.0700000000002,1,5,True
1626,2024-09,7636.3,7636.3,0.0,7,7,True
1626,2024-10,13526.54098,17526.50098,-3999.96,13,21,True
1626,2024-11,8450.64,9541.54,-1090.9,8,10,True
1626,2024-12,4611.54634,6179.70634,-1568.16,4,8,True
1626,2025-01,1898.6299999999999,3545.43,-1646.8,1,5,True
1627,2024-02,0.0,0.0,0.0,0,0,False
1627,2024-03,0.0,0.0,0.0,0,0,False
1627,2024-04,0.0,0.0,0.0,0,0,False
1627,2024-05,-818.17,0.0,-818.17,-1,1,True
1627,2024-06,3727.23,3727.23,0.0,4,4,True
1627,2024-07,-427.27,572.72,-999.99,0,2,True
1627,2024-08,1727.25,2427.2400000000002,-699.99,2,4,True
1627,2024-09,6880.37092,7607.63092,-727.26,6,8,True
1627,2024-10,2150.6,4978.86,-2828.26,2,8,True
1627,2024-11,1109.0700000000002,2745.4300000000003,-1636.3600000000001,1,5,True
1627,2024-12,4416.32985,4416.32985,0.0,4,4,True
1627,2025-01,1727.27,4727.24,-2999.97,1,7,True
1628,2024-02,6849.79676,7849.78676,-999.99,9,11,True
1628,2024-03,3180.7250900000004,7920.0450900000005,-4739.32,3,15,True
1628,2024-04,10033.62529,14579.02529,-4545.400000000001,13,23,True
1628,2024-05,1183.82732,6829.71732,-5645.889999999999,1,15,True
1628,2024-06,15364.01907,19636.68907,-4272.67,16,26,True
1628,2024-07,10297.704380000001,13035.05438,-2737.3500000000004,11,17,True
1628,2024-08,13561.59,15288.84,-1727.25,13,17,True
1628,2024-09,26672.03503,35953.76503,-9281.73,24,42,True
1628,2024-10,17819.30824,21819.26824,-3999.96,17,25,True
1628,2024-11,10760.54,14960.5,-4199.96,11,19,True
1628,2024-12,16583.27594,23310.49594,-6727.22,15,27,True
1628,2025-01,17958.68004,21685.93004,-3727.25,16,21,True
1629,2024-02,0.0,0.0,0.0,0,0,False
1629,2024-03,0.0,0.0,0.0,0,0,False
1629,2024-04,0.0,0.0,0.0,0,0,False
1629,2024-05,0.0,0.0,0.0,0,0,False
1629,2024-06,0.0,0.0,0.0,0,0,False
1629,2024-07,0.0,0.0,0.0,0,0,False
1629,2024-08,1090.9,1090.9,0.0,1,1,True
1629,2024-09,4454.51,4454.51,0.0,4,4,True
1629,2024-10,-912.65,0.0,-912.65,-1,1,True
1629,2024-11,3896.9400000000005,3896.9400000000005,0.0,4,4,True
1629,2024-12,4677.04187,4677.04187,0.0,4,4,True
1629,2025-01,1181.81,1181.81,0.0,1,1,True
1630,2024-02,818.17,818.17,0.0,1,1,True
1630,2024-03,5454.48,5454.48,0.0,6,6,True
1630,2024-04,-454.53,1909.0700000000002,-2363.6,-1,5,True
1630,2024-05,3317.36864,6479.30864,-3161.94,3,11,True
1630,2024-06,5731.27,6731.26,-999.99,6,8,True
1630,2024-07,1836.69,3481.78,-1645.0900000000001,2,6,True
1630,2024-08,3636.31,6727.1900000000005,-3090.88,5,11,True
1630,2024-09,9699.92,11581.720000000001,-1881.8,9,13,True
1630,2024-10,8606.76,13152.18,-4545.42,9,17,True
1630,2024-11,6141.450000000001,6141.450000000001,0.0,6,6,True
1630,2024-12,7075.35,8444.02,-1368.67,6,10,True
1630,2025-01,6909.04,9181.75,-2272.71,6,10,True
1631,2024-02,6714.48273,7350.83273,-636.35,7,9,True
1631,2024-03,10388.37317,13879.243170000002,-3490.87,11,19,True
1631,2024-04,5158.84069,6158.83069,-999.99,6,8,True
1631,2024-05,5859.08333,6513.62333,-654.54,6,8,True
1631,2024-06,16004.650000000001,18186.440000000002,-2181.79,16,22,True
1631,2024-07,6987.88,8469.68,-1481.8000000000002,8,12,True
1631,2024-08,15799.85,16618.02,-818.17,16,18,True
1631,2024-09,18221.48,25630.5,-7409.02,17,33,True
1631,2024-10,9676.44455,20792.44455,-11116.0,8,34,True
1631,2024-11,10305.31551,19143.54551,-8838.23,10,25,True
1631,2024-12,14483.74348,20960.96348,-6477.22,13,25,True
1631,2025-01,2409.0763599999996,9090.84636,-6681.77,2,14,True
1632,2024-02,4750.484350000001,5568.654350000001,-818.17,6,8,True
1632,2024-03,4481.48,4481.48,0.0,5,5,True
1632,2024-04,2545.42,2545.42,0.0,3,3,True
1632,2024-05,2854.89275,4738.50275,-1883.6100000000001,2,8,True
1632,2024-06,4085.74955,7471.22955,-3385.48,4,12,True
1632,2024-07,1107.0500000000002,2036.33,-929.28,2,4,True
1632,2024-08,4382.23,5473.13,-1090.9,5,7,True
1632,2024-09,5763.59,8272.65,-2509.06,5,11,True
1632,2024-10,8356.59041,9265.67041,-909.08,8,10,True
1632,2024-11,5910.1456,10116.1856,-4206.04,5,13,True
1632,2024-12,369.55999999999995,2853.1400000000003,-2483.58,0,6,True
1632,2025-01,4948.41411,5948.4041099999995,-999.99,4,6,True
1633,2024-02,0.0,0.0,0.0,0,0,False
1633,2024-03,0.0,0.0,0.0,0,0,False
1633,2024-04,0.0,0.0,0.0,0,0,False
1633,2024-05,0.0,0.0,0.0,0,0,False
1633,2024-06,0.0,0.0,0.0,0,0,False
1633,2024-07,0.0,0.0,0.0,0,0,False
1633,2024-08,8432.45212,8432.45212,0.0,10,10,True
1633,2024-09,3154.52,3154.52,0.0,3,3,True
1633,2024-10,3046.65,3046.65,0.0,3,3,True
1633,2024-11,3472.40301,3472.40301,0.0,4,4,True
1633,2024-12,1606.1536999999998,4207.3237,-2601.17,1,7,True
1633,2025-01,1166.72,1166.72,0.0,1,1,True
1634,2024-02,0.0,0.0,0.0,0,0,False
1634,2024-03,0.0,0.0,0.0,0,0,False
1634,2024-04,0.0,0.0,0.0,0,0,False
1634,2024-05,0.0,0.0,0.0,0,0,False
1634,2024-06,0.0,0.0,0.0,0,0,False
1634,2024-07,0.0,0.0,0.0,0,0,False
1634,2024-08,1181.81,2272.71,-1090.9,1,3,True
1634,2024-09,6156.35333,6156.35333,0.0,6,6,True
1634,2024-10,7006.9800000000005,8188.790000000001,-1181.81,7,9,True
1634,2024-11,4272.6900000000005,4272.6900000000005,0.0,4,4,True
1634,2024-12,4040.51,5107.950000000001,-1067.44,4,6,True
1634,2025-01,3562.39885,4744.20885,-1181.81,3,5,True
1635,2024-02,1668.74968,1668.74968,0.0,2,2,True
1635,2024-03,-1090.9,0.0,-1090.9,-1,1,True
1635,2024-04,1090.9,1090.9,0.0,1,1,True
1635,2024-05,0.0,0.0,0.0,0,0,False
1635,2024-06,2090.88,3090.87,-999.99,3,5,True
1635,2024-07,1663.6200000000001,1663.6200000000001,0.0,2,2,True
1635,2024-08,999.99,999.99,0.0,1,1,True
1635,2024-09,936.36,1572.71,-636.35,1,3,True
1635,2024-10,2178.17,3087.25,-909.08,2,4,True
1635,2024-11,1028.63,1955.89,-927.26,1,3,True
1635,2024-12,2363.62,2363.62,0.0,2,2,True
1635,2025-01,3601.17184,3601.17184,0.0,3,3,True
1636,2024-02,4868.12,6540.83,-1672.71,6,10,True
1636,2024-03,13200.938970000001,18346.50897,-5145.57,16,28,True
1636,2024-04,6718.37364,11472.31364,-4753.94,7,19,True
1636,2024-05,9622.02321,13076.52321,-3454.5,10,18,True
1636,2024-06,28655.02689,36281.94689,-7626.92,30,48,True
1636,2024-07,9772.632730000001,17236.172730000002,-7463.54,10,28,True
1636,2024-08,14552.35352,19106.843520000002,-4554.490000000001,13,25,True
1636,2024-09,27928.2557,29019.1557,-1090.9,26,28,True
1636,2024-10,20159.55002,34797.43002,-14637.880000000001,20,50,True
1636,2024-11,15783.98,17965.78,-2181.8,15,19,True
1636,2024-12,3837.43498,10828.79498,-6991.360000000001,3,17,True
1636,2025-01,22995.10899,24267.828989999998,-1272.72,20,22,True
1637,2024-02,6015.091380000001,7651.43138,-1636.34,7,11,True
1637,2024-03,6758.0633,8485.3133,-1727.25,8,12,True
1637,2024-04,7631.838220000001,7631.838220000001,0.0,9,9,True
1637,2024-05,978.07,2432.59,-1454.52,1,5,True
1637,2024-06,8392.24111,12574.00111,-4181.76,9,19,True
1637,2024-07,1746.66145,5814.14145,-4067.48,1,10,True
1637,2024-08,7286.4800000000005,11195.53,-3909.05,7,15,True
1637,2024-09,11363.550000000001,16181.68,-4818.13,10,20,True
1637,2024-10,4695.619610000001,8066.88961,-3371.27,4,12,True
1637,2024-11,7602.06,8511.140000000001,-909.08,7,9,True
1637,2024-12,5788.866910000001,8470.65691,-2681.79,5,11,True
1637,2025-01,8314.49,8314.49,0.0,7,7,True
1638,2024-02,3080.4100000000003,3842.2200000000003,-761.81,4,6,True
1638,2024-03,1770.1599999999999,2861.0600000000004,-1090.9,2,4,True
1638,2024-04,2929.1499999999996,4274.58,-1345.43,3,7,True
1638,2024-05,2866.54334,3712.56334,-846.02,3,5,True
1638,2024-06,4254.35,7308.860000000001,-3054.51,4,12,True
1638,2024-07,3022.47157,4686.0915700000005,-1663.6200000000001,4,8,True
1638,2024-08,6545.400000000001,7636.3,-1090.9,6,8,True
1638,2024-09,5454.5,6454.49,-999.99,5,7,True
1638,2024-10,13652.79,20334.010000000002,-6681.22,13,25,True
1638,2024-11,9946.05136,11127.86136,-1181.81,10,12,True
1638,2024-12,2949.6632600000003,5176.92326,-2227.26,3,7,True
1638,2025-01,6647.49741,11147.46741,-4499.97,6,14,True
1639,2024-02,909.08,909.08,0.0,1,1,True
1639,2024-03,559.3163900000002,2104.7463900000002,-1545.4299999999998,0,4,True
1639,2024-04,1636.34,1636.34,0.0,2,2,True
1639,2024-05,962.17713,962.17713,0.0,1,1,True
1639,2024-06,417.6400000000001,1999.98,-1582.34,0,4,True
1639,2024-07,572.72,572.72,0.0,1,1,True
1639,2024-08,4036.3300000000004,4036.3300000000004,0.0,4,4,True
1639,2024-09,2181.8,2181.8,0.0,2,2,True
1639,2024-10,5926.35,5926.35,0.0,6,6,True
1639,2024-11,5260.13323,5260.13323,0.0,5,5,True
1639,2024-12,909.08,909.08,0.0,1,1,True
1639,2025-01,4545.42,4545.42,0.0,4,4,True
1640,2024-02,2818.15,2818.15,0.0,3,3,True
1640,2024-03,1298.72321,3596.87321,-2298.15,1,7,True
1640,2024-04,8090.81,9727.15,-1636.34,9,13,True
1640,2024-05,2999.97182,5636.301820000001,-2636.33,3,9,True
1640,2024-06,4728.25609,8572.36609,-3844.11,5,13,True
1640,2024-07,3799.95,5799.93,-1999.98,5,9,True
1640,2024-08,2654.0200000000004,4999.95,-2345.93,2,8,True
1640,2024-09,12462.67287,17526.26287,-5063.59,11,21,True
1640,2024-10,4658.420000000001,16069.94,-11411.52,5,27,True
1640,2024-11,6502.03709,10974.72709,-4472.6900000000005,7,15,True
1640,2024-12,4909.06,7090.860000000001,-2181.8,4,8,True
1640,2025-01,3590.8899999999994,8227.22,-4636.33,3,11,True
1641,2024-02,7627.75784,8445.92784,-818.17,8,10,True
1641,2024-03,10285.24921,11634.69921,-1349.4499999999998,11,15,True
1641,2024-04,11142.80107,11779.15107,-636.35,12,14,True
1641,2024-05,8727.16273,11545.31273,-2818.15,10,16,True
1641,2024-06,6020.07,8620.04,-2599.9700000000003,6,12,True
1641,2024-07,-3883.19,3863.59,-7746.78,-4,14,True
1641,2024-08,10209.0,10209.0,0.0,10,10,True
1641,2024-09,27068.38308,29159.27308,-2090.8900000000003,25,29,True
1641,2024-10,15116.50871,23680.53871,-8564.03,14,30,True
1641,2024-11,3377.25,5286.32,-1909.0700000000002,3,7,True
1641,2024-12,7176.724160000001,13370.27416,-6193.55,5,19,True
1641,2025-01,9409.434589999999,11068.50459,-1659.0700000000002,7,11,True
1642,2024-02,0.0,0.0,0.0,0,0,False
1642,2024-03,0.0,0.0,0.0,0,0,False
1642,2024-04,0.0,0.0,0.0,0,0,False
1642,2024-05,0.0,0.0,0.0,0,0,False
1642,2024-06,0.0,1999.98,-1999.98,0,4,True
1642,2024-07,699.99,699.99,0.0,1,1,True
1642,2024-08,390.9100000000001,2181.8,-1790.89,0,4,True
1642,2024-09,1132.12626,4613.90626,-3481.78,1,9,True
1642,2024-10,7104.0,7800.05,-696.05,7,9,True
1642,2024-11,3136.4800000000005,4136.47,-999.99,4,6,True
1642,2024-12,0.0,0.0,0.0,0,0,False
1642,2025-01,1363.6299999999999,2454.5299999999997,-1090.9,1,3,True
1643,2024-02,2727.2400000000002,2727.2400000000002,0.0,3,3,True
1643,2024-03,181.82000000000016,1818.16,-1636.34,0,4,True
1643,2024-04,1727.25,4454.49,-2727.24,2,8,True
1643,2024-05,-398.73000000000013,692.17,-1090.9,0,2,True
1643,2024-06,300.49846,2818.6484600000003,-2518.15,0,6,True
1643,2024-07,-2636.33,0.0,-2636.33,-3,3,True
1643,2024-08,4467.81346,4467.81346,0.0,5,5,True
1643,2024-09,10414.45,13468.970000000001,-3054.52,10,16,True
1643,2024-10,7174.210000000001,8501.460000000001,-1327.25,6,10,True
1643,2024-11,1363.63,2181.8,-818.17,1,3,True
1643,2024-12,3272.7,3272.7,0.0,3,3,True
1643,2025-01,5824.63714,7097.35714,-1272.72,5,7,True
1644,2024-02,1999.98,1999.98,0.0,2,2,True
1644,2024-03,4453.23624,6180.48624,-1727.25,5,9,True
1644,2024-04,5199.68685,5199.68685,0.0,6,6,True
1644,2024-05,677.2599999999999,1768.1599999999999,-1090.9,1,3,True
1644,2024-06,11824.57109,11824.57109,0.0,12,12,True
1644,2024-07,763.6300000000001,1272.71,-509.08,1,3,True
1644,2024-08,4518.14,6309.030000000001,-1790.89,5,9,True
1644,2024-09,6363.58,6363.58,0.0,6,6,True
1644,2024-10,6058.8599300000005,7058.84993,-999.99,6,8,True
1644,2024-11,2893.65,7120.88,-4227.2300000000005,2,12,True
1644,2024-12,8530.38586,8530.38586,0.0,8,8,True
1644,2025-01,4734.15,4734.15,0.0,4,4,True
1646,2024-02,386.17999999999995,2022.52,-1636.34,1,5,True
1646,2024-03,4607.21818,5425.38818,-818.17,6,8,True
1646,2024-04,7272.64,8908.98,-1636.34,8,12,True
1646,2024-05,2727.24273,3545.41273,-818.17,3,5,True
1646,2024-06,3070.7400000000002,7431.4400000000005,-4360.7,4,14,True
1646,2024-07,5013.5672700000005,8340.79727,-3327.23,7,15,True
1646,2024-08,11268.841550000001,12672.521550000001,-1403.68,11,15,True
1646,2024-09,11718.69527,13809.58527,-2090.8900000000003,12,16,True
1646,2024-10,17246.94,25680.65,-8433.710000000001,19,39,True
1646,2024-11,12643.210000000001,13825.02,-1181.81,14,16,True
1646,2024-12,4822.1397799999995,7103.92978,-2281.79,5,11,True
1646,2025-01,11497.32,13588.21,-2090.8900000000003,13,17,True
1647,2024-02,4054.50364,5454.48364,-1399.98,5,9,True
1647,2024-03,3070.67,4545.4,-1474.73,3,7,True
1647,2024-04,6278.07,7096.24,-818.17,7,9,True
1647,2024-05,3084.17061,5720.50061,-2636.33,3,9,True
1647,2024-06,6626.33,12626.26,-5999.93,7,21,True
1647,2024-07,3356.78,6099.93,-2743.15,4,10,True
1647,2024-08,9575.92,10275.91,-699.99,9,11,True
1647,2024-09,8881.74,13727.150000000001,-4845.41,8,18,True
1647,2024-10,16496.84,22087.08,-5590.24,15,27,True
1647,2024-11,11362.41841,16381.788410000001,-5019.37,11,21,True
1647,2024-12,9089.27212,12930.14212,-3840.87,9,17,True
1647,2025-01,4818.15,5999.96,-1181.81,4,6,True
1648,2024-02,891.22278,891.22278,0.0,1,1,True
1648,2024-03,3399.92041,4011.02041,-611.1,4,6,True
1648,2024-04,2727.2400000000002,2727.2400000000002,0.0,3,3,True
1648,2024-05,909.08,909.08,0.0,1,1,True
1648,2024-06,0.0,0.0,0.0,0,0,False
1648,2024-07,1624.97,1624.97,0.0,2,2,True
1648,2024-08,0.0,0.0,0.0,0,0,False
1648,2024-09,1090.9,1090.9,0.0,1,1,True
1648,2024-10,1742.99,2652.07,-909.08,2,4,True
1648,2024-11,1863.2845000000002,2863.2745,-999.99,2,4,True
1648,2024-12,1272.72,1272.72,0.0,1,1,True
1648,2025-01,3553.77,4390.88,-837.11,3,5,True
1649,2024-02,8495.91596,10274.06596,-1778.15,9,15,True
1649,2024-03,2466.51,4472.68,-2006.17,2,8,True
1649,2024-04,5181.75,5181.75,0.0,6,6,True
1649,2024-05,2856.57262,3511.11262,-654.54,3,5,True
1649,2024-06,5095.91546,8414.05546,-3318.1400000000003,5,13,True
1649,2024-07,5445.84,9627.6,-4181.76,9,19,True
1649,2024-08,3090.8900000000003,4636.32,-1545.4299999999998,3,7,True
1649,2024-09,7145.10786,9845.077860000001,-2699.9700000000003,6,12,True
1649,2024-10,2272.71,4181.780000000001,-1909.0700000000002,2,6,True
1649,2024-11,0.0,0.0,0.0,0,0,False
1649,2024-12,0.0,0.0,0.0,0,0,False
1649,2025-01,0.0,0.0,0.0,0,0,False
1650,2024-02,5877.38631,7266.4563100000005,-1389.0700000000002,7,11,True
1650,2024-03,4897.68637,7103.72637,-2206.04,5,11,True
1650,2024-04,4717.93,6899.73,-2181.8,6,10,True
1650,2024-05,3975.9181599999997,4884.99816,-909.08,5,7,True
1650,2024-06,7752.15,11752.11,-3999.96,8,16,True
1650,2024-07,9301.32,9301.32,0.0,9,9,True
1650,2024-08,7775.200000000001,10047.91,-2272.71,8,12,True
1650,2024-09,22413.67982,27713.61982,-5299.9400000000005,19,31,True
1650,2024-10,13518.960000000001,14439.41,-920.45,13,15,True
1650,2024-11,9458.773940000001,14329.463940000001,-4870.6900000000005,8,18,True
1650,2024-12,8085.575069999999,11903.735069999999,-3818.1600000000003,8,14,True
1650,2025-01,8309.05,12272.65,-3963.6,6,14,True
1651,2024-02,4898.72605,5625.9860499999995,-727.26,6,8,True
1651,2024-03,4181.76,5272.66,-1090.9,5,7,True
1651,2024-04,5628.51988,5628.51988,0.0,7,7,True
1651,2024-05,-105.51866999999993,712.65133,-818.17,0,2,True
1651,2024-06,7185.59664,8094.676640000001,-909.08,8,10,True
1651,2024-07,1845.43,2754.51,-909.08,3,5,True
1651,2024-08,8897.80973,10625.05973,-1727.25,9,13,True
1651,2024-09,17790.77,19218.02,-1427.25,16,20,True
1651,2024-10,13379.87,16120.220000000001,-2740.35,13,19,True
1651,2024-11,14247.36584,17156.42584,-2909.06,13,19,True
1651,2024-12,6954.18906,8840.52906,-1886.3400000000001,6,10,True
1651,2025-01,3409.08,8136.3099999999995,-4727.23,2,12,True
1652,2024-02,1298.1599999999999,1298.1599999999999,0.0,2,2,True
1652,2024-03,5173.63,7674.53,-2500.8999999999996,13,25,True
1652,2024-04,5928.9823400000005,7839.55234,-1910.5700000000002,7,15,True
1652,2024-05,1399.72,3536.05,-2136.33,2,8,True
1652,2024-06,2880.25,6100.4,-3220.15,4,14,True
1652,2024-07,2209.9800000000005,4544.49,-2334.5099999999998,4,10,True
1652,2024-08,7540.86471,8820.57471,-1279.71,9,13,True
1652,2024-09,6690.84,8418.09,-1727.25,8,12,True
1652,2024-10,6366.16,8066.14,-1699.98,8,12,True
1652,2024-11,4023.9533300000003,6114.843330000001,-2090.89,4,8,True
1652,2024-12,4398.2,5909.05,-1510.85,3,7,True
1652,2025-01,4727.24,4727.24,0.0,4,4,True
1653,2024-02,1727.25,4636.31,-2909.0600000000004,2,8,True
1653,2024-03,1909.0700000000002,1909.0700000000002,0.0,2,2,True
1653,2024-04,5363.57,6181.74,-818.17,6,8,True
1653,2024-05,2564.32965,4473.39965,-1909.0700000000002,3,7,True
1653,2024-06,2909.0600000000004,3818.1400000000003,-909.08,3,5,True
1653,2024-07,4727.22,4727.22,0.0,5,5,True
1653,2024-08,2754.5200000000004,3754.51,-999.99,3,5,True
1653,2024-09,-90.91000000000008,999.99,-1090.9,0,2,True
1653,2024-10,5656.47613,6747.376130000001,-1090.9,6,8,True
1653,2024-11,2314.2700000000004,4041.52,-1727.25,2,6,True
1653,2024-12,3863.6,3863.6,0.0,4,4,True
1653,2025-01,5759.04975,5759.04975,0.0,5,5,True
1654,2024-02,5226.76091,5226.76091,0.0,6,6,True
1654,2024-03,1071.9826900000003,2890.14269,-1818.1599999999999,1,5,True
1654,2024-04,-90.91000000000008,1636.34,-1727.25,0,4,True
1654,2024-05,999.99,1818.1599999999999,-818.17,1,3,True
1654,2024-06,7874.190860000001,12513.17086,-4638.98,8,18,True
1654,2024-07,4609.04,5181.76,-572.72,5,7,True
1654,2024-08,9227.19,9863.54,-636.35,10,12,True
1654,2024-09,6511.403840000001,10974.993840000001,-4463.59,5,15,True
1654,2024-10,8251.680760000001,13978.91076,-5727.23,9,19,True
1654,2024-11,8468.65298,10832.27298,-2363.62,8,12,True
1654,2024-12,5623.28929,5623.28929,0.0,5,5,True
1654,2025-01,3545.43,3545.43,0.0,3,3,True
1655,2024-02,1727.25,1727.25,0.0,2,2,True
1655,2024-03,6991.1115,7809.2815,-818.17,8,10,True
1655,2024-04,5507.92745,5507.92745,0.0,6,6,True
1655,2024-05,181.82364000000018,1818.1636400000002,-1636.34,0,4,True
1655,2024-06,3183.12894,5601.27894,-2418.15,3,9,True
1655,2024-07,2776.24903,4446.58903,-1670.3400000000001,2,8,True
1655,2024-08,2418.15909,4272.68909,-1854.5300000000002,2,6,True
1655,2024-09,7582.67474,12764.44474,-5181.77,7,17,True
1655,2024-10,10180.79163,13298.931630000001,-3118.14,9,17,True
1655,2024-11,8257.34669,10130.056690000001,-1872.71,8,11,True
1655,2024-12,10809.43146,13827.581460000001,-3018.15,10,16,True
1655,2025-01,12029.28286,14120.17286,-2090.8900000000003,10,14,True
1656,2024-02,0.0,0.0,0.0,0,0,False
1656,2024-03,0.0,0.0,0.0,0,0,False
1656,2024-04,0.0,0.0,0.0,0,0,False
1656,2024-05,0.0,0.0,0.0,0,0,False
1656,2024-06,0.0,0.0,0.0,0,0,False
1656,2024-07,1090.9,1090.9,0.0,1,1,True
1656,2024-08,1845.44,2754.5200000000004,-909.08,2,4,True
1656,2024-09,0.0,999.99,-999.99,0,2,True
1656,2024-10,3013.61,3013.61,0.0,3,3,True
1656,2024-11,1136.13091,2090.89091,-954.76,1,3,True
1656,2024-12,0.0,0.0,0.0,0,0,False
1656,2025-01,1181.81,1181.81,0.0,1,1,True
1657,2024-02,2374.57131,2854.56131,-479.99,3,5,True
1657,2024-03,3726.3,3726.3,0.0,5,5,True
1657,2024-04,1060.42,5024.17,-3963.75,2,12,True
1657,2024-05,1711.51705,2529.68705,-818.17,2,4,True
1657,2024-06,2025.23,5272.66,-3247.43,2,10,True
1657,2024-07,3751.14658,4390.25658,-639.11,4,6,True
1657,2024-08,6727.2009100000005,7299.920910000001,-572.72,7,9,True
1657,2024-09,10827.19,13272.62,-2445.4300000000003,9,15,True
1657,2024-10,7137.72229,12192.39229,-5054.67,7,17,True
1657,2024-11,6137.83,6956.0,-818.17,6,8,True
1657,2024-12,2181.81,5327.23,-3145.42,1,9,True
1657,2025-01,3582.97,5704.849999999999,-2121.88,4,8,True
1658,2024-02,2144.1862300000003,3871.4362300000003,-1727.25,2,6,True
1658,2024-03,1095.83141,2604.90141,-1509.0700000000002,1,5,True
1658,2024-04,7908.99364,9636.24364,-1727.25,9,13,True
1658,2024-05,2090.8900000000003,3090.88,-999.99,2,4,True
1658,2024-06,9109.03,14526.83,-5417.8,10,22,True
1658,2024-07,6101.95,8606.47,-2504.52,8,14,True
1658,2024-08,8733.130000000001,9243.55,-510.42,8,10,True
1658,2024-09,13171.14405,16443.84405,-3272.7,13,19,True
1658,2024-10,13195.639,18265.359,-5069.72,13,23,True
1658,2024-11,9172.39,10263.29,-1090.9,9,11,True
1658,2024-12,4787.74434,9578.60434,-4790.860000000001,4,14,True
1658,2025-01,4236.78,5418.59,-1181.81,4,6,True
1659,2024-02,4127.22,5218.12,-1090.9,5,7,True
1659,2024-03,2233.10825,4651.25825,-2418.15,3,9,True
1659,2024-04,-1909.0700000000002,818.17,-2727.24,-2,4,True
1659,2024-05,2363.62,3572.69,-1209.0700000000002,2,6,True
1659,2024-06,2843.32986,4570.57986,-1727.25,3,7,True
1659,2024-07,4506.66846,7597.54846,-3090.88,6,12,True
1659,2024-08,2178.00735,5296.14735,-3118.1400000000003,3,11,True
1659,2024-09,3752.6600000000003,8121.83,-4369.17,3,13,True
1659,2024-10,4976.400000000001,5676.39,-699.99,5,7,True
1659,2024-11,5838.34,10129.210000000001,-4290.87,7,15,True
1659,2024-12,2481.8,3181.79,-699.99,2,4,True
1659,2025-01,2272.71,2272.71,0.0,2,2,True
1660,2024-02,1181.8100000000002,1999.98,-818.17,1,3,True
1660,2024-03,3284.94857,4557.65857,-1272.71,4,8,True
1660,2024-04,3011.52,4738.77,-1727.25,4,8,True
1660,2024-05,2169.07989,2805.4298900000003,-636.35,2,4,True
1660,2024-06,1160.3609100000003,7572.40091,-6412.04,1,15,True
1660,2024-07,1036.36,4309.04,-3272.6800000000003,1,9,True
1660,2024-08,3431.14671,4522.0467100000005,-1090.9,3,5,True
1660,2024-09,7181.75,10818.09,-3636.34,7,13,True
1660,2024-10,10864.99545,13509.74545,-2644.75,10,16,True
1660,2024-11,7273.157660000001,7273.157660000001,0.0,7,7,True
1660,2024-12,6621.13,6621.13,0.0,6,6,True
1660,2025-01,5678.96,5678.96,0.0,5,5,True
1661,2024-02,1541.79091,2359.96091,-818.17,3,5,True
1661,2024-03,5545.3927300000005,6363.56273,-818.17,6,8,True
1661,2024-04,2423.6133300000006,7223.54333,-4799.93,1,13,True
1661,2024-05,454.5500000000002,2999.9700000000003,-2545.42,0,6,True
1661,2024-06,5036.03,7236.0,-2199.97,5,11,True
1661,2024-07,3063.6,3636.32,-572.72,3,5,True
1661,2024-08,4518.13727,6427.20727,-1909.0700000000002,5,9,True
1661,2024-09,3909.07,7545.39,-3636.32,3,11,True
1661,2024-10,7328.860000000001,9163.550000000001,-1834.69,7,11,True
1661,2024-11,7317.181640000001,8229.56164,-912.38,7,9,True
1661,2024-12,3918.1400000000003,4999.950000000001,-1081.81,4,6,True
1661,2025-01,4764.81653,4764.81653,0.0,4,4,True
1662,2024-02,2952.7000000000003,3499.96,-547.26,3,5,True
1662,2024-03,4274.19538,6001.44538,-1727.25,5,9,True
1662,2024-04,1146.17,7109.7300000000005,-5963.5599999999995,1,15,True
1662,2024-05,1181.81,2090.8900000000003,-909.08,1,3,True
1662,2024-06,10503.278890000001,13139.60889,-2636.33,10,16,True
1662,2024-07,6118.13,7454.47,-1336.3400000000001,6,10,True
1662,2024-08,7636.3,8727.2,-1090.9,7,9,True
1662,2024-09,13523.26,17705.04,-4181.780000000001,12,20,True
1662,2024-10,11447.749090000001,14993.159090000001,-3545.41,10,18,True
1662,2024-11,1986.9900000000002,1986.9900000000002,0.0,2,2,True
1662,2024-12,4731.38593,6944.17593,-2212.79,5,9,True
1662,2025-01,5403.61085,9585.39085,-4181.780000000001,4,12,True
1663,2024-02,6471.51,8203.8,-1732.29,7,13,True
1663,2024-03,2563.94995,7527.52995,-4963.58,2,14,True
1663,2024-04,4997.89035,12525.06035,-7527.17,5,23,True
1663,2024-05,1090.9,4545.4,-3454.5,1,9,True
1663,2024-06,21513.42054,31431.21054,-9917.79,21,47,True
1663,2024-07,7488.1900000000005,17481.64,-9993.45,6,30,True
1663,2024-08,24822.63378,30988.72378,-6166.09,28,44,True
1663,2024-09,30396.9,40923.4,-10526.5,26,48,True
1663,2024-10,38163.36014,44655.12014,-6491.76,37,51,True
1663,2024-11,16324.40557,20288.00557,-3963.6000000000004,16,24,True
1663,2024-12,16597.24581,21236.11581,-4638.87,14,24,True
1663,2025-01,8923.624179999999,15741.75418,-6818.13,8,20,True
1664,2024-02,0.0,0.0,0.0,0,0,False
1664,2024-03,0.0,0.0,0.0,0,0,False
1664,2024-04,0.0,0.0,0.0,0,0,False
1664,2024-05,0.0,0.0,0.0,0,0,False
1664,2024-06,0.0,0.0,0.0,0,0,False
1664,2024-07,0.0,0.0,0.0,0,0,False
1664,2024-08,0.0,0.0,0.0,0,0,False
1664,2024-09,0.0,0.0,0.0,0,0,False
1664,2024-10,0.0,0.0,0.0,0,0,False
1664,2024-11,2234.4700000000003,3181.79,-947.32,2,4,True
1664,2024-12,1888.4399999999998,2323.62,-435.18,1,3,True
1664,2025-01,1272.72,1272.72,0.0,1,1,True
1665,2024-02,-2370.87,909.08,-3279.95,-4,6,True
1665,2024-03,8933.83773,8933.83773,0.0,10,10,True
1665,2024-04,1871.7733599999997,3119.22336,-1247.45,2,6,True
1665,2024-05,2314.8870400000005,4769.39704,-2454.5099999999998,2,8,True
1665,2024-06,8025.610000000001,10661.94,-2636.33,8,14,True
1665,2024-07,5554.4800000000005,7190.83,-1636.3500000000001,6,10,True
1665,2024-08,7737.803460000001,9285.053460000001,-1547.25,7,11,True
1665,2024-09,13926.24354,16198.95354,-2272.71,13,17,True
1665,2024-10,14.539999999999964,3090.88,-3076.34,0,6,True
1665,2024-11,6433.03,8230.2,-1797.17,6,10,True
1665,2024-12,7978.946,9989.836,-2010.8899999999999,7,11,True
1665,2025-01,6363.599999999999,8454.49,-2090.8900000000003,5,9,True
1666,2024-02,4010.42,7163.099999999999,-3152.68,5,11,True
1666,2024-03,9436.7,14436.63,-4999.93,11,23,True
1666,2024-04,6083.595560000001,10054.44556,-3970.85,7,17,True
1666,2024-05,10211.76704,13273.55704,-3061.79,11,19,True
1666,2024-06,5443.94031,16034.72031,-10590.78,8,32,True
1666,2024-07,2104.2,15373.91,-13269.710000000001,5,33,True
1666,2024-08,15308.94,18281.63,-2972.69,16,24,True
1666,2024-09,20489.71628,30335.07628,-9845.36,19,39,True
1666,2024-10,13802.963520000001,27891.76352,-14088.800000000001,13,43,True
1666,2024-11,8162.25507,15048.54507,-6886.29,9,23,True
1666,2024-12,17292.690000000002,27205.0,-9912.31,17,35,True
1666,2025-01,12978.369999999999,21995.29,-9016.92,11,29,True
1667,2024-02,1727.25,1727.25,0.0,2,2,True
1667,2024-03,7496.26273,8314.43273,-818.17,9,11,True
1667,2024-04,4768.13,8131.72,-3363.59,5,13,True
1667,2024-05,1245.44,3545.41,-2299.9700000000003,1,7,True
1667,2024-06,5018.63759,10745.84759,-5727.21,6,18,True
1667,2024-07,6267.18657,11139.85657,-4872.67,7,19,True
1667,2024-08,2872.71,6599.93,-3727.2200000000003,3,13,True
1667,2024-09,13204.62,15295.51,-2090.8900000000003,12,16,True
1667,2024-10,14931.800350000001,19083.28035,-4151.48,15,23,True
1667,2024-11,10731.35,10731.35,0.0,12,12,True
1667,2024-12,-494.5400000000001,3602.25,-4096.79,-2,8,True
1667,2025-01,12882.19,15004.9,-2122.71,11,15,True
1668,2024-02,0.0,0.0,0.0,0,0,False
1668,2024-03,0.0,0.0,0.0,0,0,False
1668,2024-04,0.0,0.0,0.0,0,0,False
1668,2024-05,0.0,0.0,0.0,0,0,False
1668,2024-06,0.0,0.0,0.0,0,0,False
1668,2024-07,0.0,0.0,0.0,0,0,False
1668,2024-08,-763.63,0.0,-763.63,-1,1,True
1668,2024-09,2090.89,3090.88,-999.99,2,4,True
1668,2024-10,2908.56273,5446.00273,-2537.44,4,10,True
1668,2024-11,4954.5,4954.5,0.0,6,6,True
1668,2024-12,-308.02,471.97,-779.99,1,3,True
1668,2025-01,-1797.8200000000002,0.0,-1797.8200000000002,-2,2,True
1669,2024-02,3116.3199999999997,3116.3199999999997,0.0,5,5,True
1669,2024-03,3208.9077,4646.9077,-1438.0,5,9,True
1669,2024-04,6515.290000000001,6515.290000000001,0.0,8,8,True
1669,2024-05,1538.20144,2356.37144,-818.17,2,4,True
1669,2024-06,2107.12,3818.1400000000003,-1711.02,2,6,True
1669,2024-07,1449.98,1449.98,0.0,2,2,True
1669,2024-08,6836.31,9563.54,-2727.23,7,15,True
1669,2024-09,13318.060000000001,14408.960000000001,-1090.9,14,16,True
1669,2024-10,10902.310000000001,14204.880000000001,-3302.5699999999997,12,18,True
1669,2024-11,3163.6100000000006,5097.41,-1933.8,3,7,True
1669,2024-12,1833.9934300000002,5265.77343,-3431.7799999999997,2,10,True
1669,2025-01,3261.24,3261.24,0.0,4,4,True
1670,2024-02,2909.0600000000004,2909.0600000000004,0.0,3,3,True
1670,2024-03,3613.1381600000004,3613.1381600000004,0.0,4,4,True
1670,2024-04,921.0425900000001,1739.21259,-818.17,1,3,True
1670,2024-05,1445.6999999999998,2227.5099999999998,-781.81,2,4,True
1670,2024-06,1396.96,2787.8500000000004,-1390.8899999999999,1,5,True
1670,2024-07,181.82000000000005,1572.71,-1390.8899999999999,0,4,True
1670,2024-08,1636.3400000000001,1636.3400000000001,0.0,2,2,True
1670,2024-09,2287.26,4196.33,-1909.0700000000002,3,7,True
1670,2024-10,2090.8900000000003,2090.8900000000003,0.0,2,2,True
1670,2024-11,1220.36,2116.19,-895.83,1,3,True
1670,2024-12,27.78597999999988,1945.94598,-1918.16,0,4,True
1670,2025-01,2795.88,2795.88,0.0,3,3,True
1671,2024-02,2423.30159,3241.47159,-818.17,3,5,True
1671,2024-03,3636.32,3636.32,0.0,4,4,True
1671,2024-04,3363.59,4181.76,-818.17,4,6,True
1671,2024-05,181.82000000000005,1090.9,-909.08,0,2,True
1671,2024-06,2801.92,3620.09,-818.17,3,5,True
1671,2024-07,2399.9700000000003,2399.9700000000003,0.0,3,3,True
1671,2024-08,5988.15331,7247.39331,-1259.24,5,8,True
1671,2024-09,15216.42,18098.21,-2881.79,14,20,True
1671,2024-10,10715.67841,13950.32841,-3234.65,11,17,True
1671,2024-11,5410.33,6403.05,-992.72,5,7,True
1671,2024-12,3853.26634,6875.96634,-3022.7,3,9,True
1671,2025-01,4714.0599999999995,4714.0599999999995,0.0,4,4,True
1673,2024-02,3033.73074,5488.2507399999995,-2454.52,4,10,True
1673,2024-03,7181.7300000000005,10045.32,-2863.59,8,16,True
1673,2024-04,5756.5817799999995,10301.98178,-4545.400000000001,7,17,True
1673,2024-05,4843.6,7090.84,-2247.24,4,10,True
1673,2024-06,10360.59559,15070.935590000001,-4710.34,11,21,True
1673,2024-07,7884.92818,13541.62818,-5656.7,9,23,True
1673,2024-08,19933.45,22206.14,-2272.69,20,26,True
1673,2024-09,20608.54696,27972.11696,-7363.57,19,33,True
1673,2024-10,19567.42089,24749.19089,-5181.77,18,28,True
1673,2024-11,16304.445510000001,17418.075510000002,-1113.63,16,18,True
1673,2024-12,11155.480000000001,14700.890000000001,-3545.41,9,17,True
1673,2025-01,14841.970000000001,21004.04,-6162.07,12,24,True
1674,2024-02,-181.8181800000001,909.08182,-1090.9,0,2,True
1674,2024-03,4507.68763,4507.68763,0.0,5,5,True
1674,2024-04,3818.1400000000003,6363.56,-2545.42,4,10,True
1674,2024-05,4121.95,6354.56,-2232.6099999999997,4,10,True
1674,2024-06,8869.55091,13360.41091,-4490.86,9,19,True
1674,2024-07,5818.110000000001,7299.91,-1481.8000000000002,8,12,True
1674,2024-08,6572.66,6572.66,0.0,7,7,True
1674,2024-09,14595.975690000001,17295.94569,-2699.9700000000003,15,21,True
1674,2024-10,2704.40526,9295.24526,-6590.84,2,16,True
1674,2024-11,5002.110000000001,9183.890000000001,-4181.780000000001,5,13,True
1674,2024-12,2892.9318300000004,9874.95183,-6982.02,2,16,True
1674,2025-01,9863.0,12226.619999999999,-2363.62,9,13,True
1675,2024-02,945.44,1727.25,-781.81,1,3,True
1675,2024-03,2727.2400000000002,3636.32,-909.08,3,5,True
1675,2024-04,2475.435,4166.325,-1690.8899999999999,3,7,True
1675,2024-05,1749.1718500000002,1749.1718500000002,0.0,2,2,True
1675,2024-06,12372.95366,14827.47366,-2454.52,13,19,True
1675,2024-07,881.9599999999998,5999.9400000000005,-5117.9800000000005,0,12,True
1675,2024-08,6342.24,8342.220000000001,-1999.98,6,10,True
1675,2024-09,14466.70867,14466.70867,0.0,14,14,True
1675,2024-10,11789.03057,12845.370570000001,-1056.34,11,15,True
1675,2024-11,4394.3523000000005,6291.3023,-1896.95,5,9,True
1675,2024-12,6583.3551800000005,6583.3551800000005,0.0,6,6,True
1675,2025-01,3068.15,5522.68,-2454.5299999999997,3,7,True
1676,2024-02,4038.52018,4038.52018,0.0,5,5,True
1676,2024-03,3818.1400000000003,4636.31,-818.17,4,6,True
1676,2024-04,-323.1399999999999,2999.9700000000003,-3323.1099999999997,-1,7,True
1676,2024-05,2369.42946,3278.5094599999998,-909.08,3,5,True
1676,2024-06,998.9200000000001,4272.67,-3273.75,1,9,True
1676,2024-07,-536.76,2165.88,-2702.6400000000003,1,7,True
1676,2024-08,1181.79,2272.69,-1090.9,2,4,True
1676,2024-09,3139.80526,6230.68526,-3090.88,3,9,True
1676,2024-10,3733.86,4824.76,-1090.9,4,6,True
1676,2024-11,940.52,4828.75,-3888.23,1,9,True
1676,2024-12,4453.11996,5336.44996,-883.33,4,6,True
1676,2025-01,1408.38618,3499.27618,-2090.89,1,5,True
1677,2024-02,5894.9699900000005,8997.61999,-3102.6499999999996,7,15,True
1677,2024-03,6920.01778,11592.68778,-4672.67,7,19,True
1677,2024-04,8358.64744,9240.45744,-881.81,9,11,True
1677,2024-05,4299.95,6209.02,-1909.0700000000002,5,9,True
1677,2024-06,10617.865020000001,20345.01502,-9727.15,13,35,True
1677,2024-07,3500.44,7873.1,-4372.66,3,15,True
1677,2024-08,8443.66818,14163.50818,-5719.84,8,20,True
1677,2024-09,7847.27731,13756.287310000002,-5909.01,7,21,True
1677,2024-10,7272.90775,9738.84775,-2465.94,7,13,True
1677,2024-11,5810.00085,9875.62085,-4065.62,6,14,True
1677,2024-12,3831.25751,8958.70751,-5127.45,4,14,True
1677,2025-01,12767.7808,13858.6808,-1090.9,11,13,True
1678,2024-02,2735.3044,4505.6444,-1770.34,2,8,True
1678,2024-03,5144.1999000000005,5962.3699,-818.17,6,8,True
1678,2024-04,1727.25,4272.67,-2545.42,2,8,True
1678,2024-05,1654.23254,6091.04254,-4436.8099999999995,1,13,True
1678,2024-06,9711.57,14256.97,-4545.4,11,21,True
1678,2024-07,2454.53,6181.76,-3727.23,2,10,True
1678,2024-08,14308.960000000001,17036.2,-2727.2400000000002,14,20,True
1678,2024-09,4983.77897,11593.29897,-6609.52,3,19,True
1678,2024-10,7015.19,10932.98,-3917.79,7,15,True
1678,2024-11,7422.827590000001,13615.49759,-6192.67,7,19,True
1678,2024-12,-18.170000000000073,6363.58,-6381.75,-1,13,True
1678,2025-01,7897.279769999999,13133.39977,-5236.12,7,17,True
1679,2024-02,3852.42536,4590.85536,-738.43,4,6,True
1679,2024-03,1963.62,2781.79,-818.17,2,4,True
1679,2024-04,7696.51508,9423.76508,-1727.25,8,12,True
1679,2024-05,3636.3199999999997,4363.58,-727.26,4,6,True
1679,2024-06,5712.74,11539.94,-5827.2,6,20,True
1679,2024-07,-2717.44211,1865.3178899999998,-4582.76,-2,8,True
1679,2024-08,5999.20097,9817.340970000001,-3818.14,6,14,True
1679,2024-09,7139.77,8685.2,-1545.43,6,10,True
1679,2024-10,1522.6499999999999,5094.88,-3572.23,1,9,True
1679,2024-11,6261.200000000001,6961.1900000000005,-699.99,6,8,True
1679,2024-12,5415.23546,7687.94546,-2272.71,5,9,True
1679,2025-01,619.0999999999995,5909.96,-5290.860000000001,0,10,True
1680,2024-02,3927.23,3927.23,0.0,5,5,True
1680,2024-03,666.66,666.66,0.0,2,2,True
1680,2024-04,2397.82182,3836.31182,-1438.49,3,7,True
1680,2024-05,-281.33978,1591.37022,-1872.71,0,4,True
1680,2024-06,2534.2200000000003,2534.2200000000003,0.0,4,4,True
1680,2024-07,3690.87,4718.13,-1027.26,5,9,True
1680,2024-08,872.7200000000001,3818.1400000000003,-2945.42,0,8,True
1680,2024-09,3509.14,4600.04,-1090.9,4,6,True
1680,2024-10,1818.43818,4476.32818,-2657.89,1,7,True
1680,2024-11,1064.66,2710.09,-1645.4299999999998,1,5,True
1680,2024-12,4905.70886,6814.77886,-1909.0700000000002,4,8,True
1680,2025-01,3454.52,4636.33,-1181.81,3,5,True
1681,2024-02,2636.33,2636.33,0.0,3,3,True
1681,2024-03,1801.22745,2221.21745,-419.99,3,5,True
1681,2024-04,2636.33,2636.33,0.0,3,3,True
1681,2024-05,3241.16494,4150.2449400000005,-909.08,3,5,True
1681,2024-06,4633.2300000000005,4633.2300000000005,0.0,5,5,True
1681,2024-07,5945.400000000001,5945.400000000001,0.0,6,6,True
1681,2024-08,5490.86,7672.66,-2181.8,6,10,True
1681,2024-09,6727.22,6727.22,0.0,6,6,True
1681,2024-10,13909.890000000001,16048.400000000001,-2138.51,13,17,True
1681,2024-11,2524.4441100000004,6865.31411,-4340.87,3,11,True
1681,2024-12,7719.56856,9982.17856,-2262.61,7,11,True
1681,2025-01,-863.6300000000001,1181.81,-2045.44,-1,3,True
1682,2024-02,0.0,0.0,0.0,0,0,False
1682,2024-03,0.0,0.0,0.0,0,0,False
1682,2024-04,0.0,0.0,0.0,0,0,False
1682,2024-05,0.0,0.0,0.0,0,0,False
1682,2024-06,0.0,0.0,0.0,0,0,False
1682,2024-07,0.0,0.0,0.0,0,0,False
1682,2024-08,0.0,0.0,0.0,0,0,False
1682,2024-09,0.0,0.0,0.0,0,0,False
1682,2024-10,0.0,0.0,0.0,0,0,False
1682,2024-11,1757.88,2762.42,-1004.54,2,4,True
1682,2024-12,862.49,1107.94,-245.45,1,3,True
1682,2025-01,4742.15,4742.15,0.0,4,4,True
1683,2024-02,-2090.8900000000003,0.0,-2090.8900000000003,-2,2,True
1683,2024-03,2545.42,2545.42,0.0,3,3,True
1683,2024-04,-818.17,0.0,-818.17,-1,1,True
1683,2024-05,1090.9,1090.9,0.0,1,1,True
1683,2024-06,-999.99,0.0,-999.99,-1,1,True
1683,2024-07,0.0,0.0,0.0,0,0,False
1683,2024-08,0.0,0.0,0.0,0,0,False
1683,2024-09,2999.9700000000003,2999.9700000000003,0.0,3,3,True
1683,2024-10,1910.51,4877.43,-2966.92,2,8,True
1683,2024-11,1689.8400000000001,2689.83,-999.99,2,4,True
1683,2024-12,-749.99,1090.9,-1840.89,-1,3,True
1683,2025-01,963.63,1781.8,-818.17,1,3,True
1684,2024-02,3752.9643,4571.1343,-818.17,5,7,True
1684,2024-03,-311.26120000000014,1761.4288,-2072.69,0,6,True
1684,2024-04,727.26,4272.67,-3545.41,1,9,True
1684,2024-05,1849.0700000000002,2667.2400000000002,-818.17,2,4,True
1684,2024-06,3106.70499,6329.22499,-3222.52,3,11,True
1684,2024-07,2709.07,4872.67,-2163.6,3,9,True
1684,2024-08,1418.17,2236.34,-818.17,2,4,True
1684,2024-09,790.91,3272.7,-2481.79,0,6,True
1684,2024-10,909.08,3909.05,-2999.97,1,7,True
1684,2024-11,2622.6900000000005,5627.21,-3004.52,3,9,True
1684,2024-12,5694.47078,7967.180780000001,-2272.71,5,9,True
1684,2025-01,7568.12,8749.93,-1181.81,7,9,True
1686,2024-02,481.82000000000016,1672.71,-1190.8899999999999,0,4,True
1686,2024-03,5328.88,5710.6900000000005,-381.81,7,9,True
1686,2024-04,2300.84831,2891.74831,-590.9,3,5,True
1686,2024-05,2236.34091,3636.32091,-1399.98,2,6,True
1686,2024-06,5842.19091,6658.51091,-816.32,7,9,True
1686,2024-07,1751.19052,2751.18052,-999.99,2,4,True
1686,2024-08,2754.87518,4727.57518,-1972.7,3,9,True
1686,2024-09,9145.380000000001,9909.01,-763.63,8,10,True
1686,2024-10,4916.83636,7785.90636,-2869.0699999999997,7,13,True
1686,2024-11,7480.80706,9244.42706,-1763.62,9,13,True
1686,2024-12,3952.62,4863.59,-910.97,4,6,True
1686,2025-01,7454.5,7454.5,0.0,7,7,True
1687,2024-02,598.7081100000003,2253.2381100000002,-1654.53,1,5,True
1687,2024-03,10315.83355,10315.83355,0.0,12,12,True
1687,2024-04,7748.01039,9156.98039,-1408.9699999999998,8,12,True
1687,2024-05,6707.19671,8849.41671,-2142.2200000000003,6,12,True
1687,2024-06,22721.95,30594.600000000002,-7872.650000000001,25,41,True
1687,2024-07,7997.221820000001,14336.21182,-6338.99,8,22,True
1687,2024-08,11143.98521,15753.02521,-4609.04,13,23,True
1687,2024-09,22526.86537,30083.31537,-7556.450000000001,22,38,True
1687,2024-10,12917.82581,15737.79581,-2819.9700000000003,13,19,True
1687,2024-11,15006.20692,16051.656920000001,-1045.45,15,17,True
1687,2024-12,9787.72091,10787.71091,-999.99,10,12,True
1687,2025-01,8697.08783,11607.96783,-2910.88,7,13,True
1688,2024-02,2854.51,3636.32,-781.81,3,5,True
1688,2024-03,9222.38543,10676.90543,-1454.52,11,15,True
1688,2024-04,3407.46109,3870.41109,-462.95,3,5,True
1688,2024-05,0.0,0.0,0.0,0,0,False
1688,2024-06,5728.7081100000005,9538.278110000001,-3809.5699999999997,5,15,True
1688,2024-07,2107.69695,5762.18695,-3654.49,2,12,True
1688,2024-08,15696.61,19790.71,-4094.1000000000004,15,25,True
1688,2024-09,27150.88,32814.46,-5663.58,24,36,True
1688,2024-10,25277.79517,32503.56517,-7225.77,23,39,True
1688,2024-11,21325.683670000002,24325.65367,-2999.97,20,26,True
1688,2024-12,11405.56024,19800.36024,-8394.8,8,26,True
1688,2025-01,14070.95013,17116.38013,-3045.43,12,18,True
1689,2024-02,218.35190000000011,1712.4019,-1494.05,0,4,True
1689,2024-03,7934.95276,7934.95276,0.0,9,9,True
1689,2024-04,8363.542730000001,9181.71273,-818.17,9,11,True
1689,2024-05,1700.9342,1700.9342,0.0,2,2,True
1689,2024-06,1335.65,3727.23,-2391.58,1,6,True
1689,2024-07,4022.8700000000003,4841.04,-818.17,4,6,True
1689,2024-08,1294.3239899999999,4385.20399,-3090.88,1,7,True
1689,2024-09,6217.94996,8399.749960000001,-2181.8,6,10,True
1689,2024-10,6564.21,10509.0,-3944.79,5,15,True
1689,2024-11,2499.9527900000003,6713.5027900000005,-4213.55,3,11,True
1689,2024-12,8832.0743,9741.1543,-909.08,8,10,True
1689,2025-01,9360.83585,10088.09585,-727.26,8,10,True
1690,2024-02,2190.88,3009.05,-818.17,3,5,True
1690,2024-03,4221.77,4636.31,-414.54,4,6,True
1690,2024-04,4615.68501,4615.68501,0.0,5,5,True
1690,2024-05,272.7199999999999,818.17,-545.45,0,2,True
1690,2024-06,582.1117599999997,5809.34176,-5227.2300000000005,1,11,True
1690,2024-07,1427.25,4790.860000000001,-3363.61,2,8,True
1690,2024-08,-2181.8,0.0,-2181.8,-2,2,True
1690,2024-09,11958.5585,13867.628499999999,-1909.0700000000002,11,15,True
1690,2024-10,10147.36,13238.240000000002,-3090.88,10,16,True
1690,2024-11,7950.57273,9877.82273,-1927.25,8,12,True
1690,2024-12,-1143.7200000000003,4405.33,-5549.05,-1,9,True
1690,2025-01,7181.7699999999995,7181.7699999999995,0.0,6,6,True
1691,2024-02,0.0,0.0,0.0,0,0,False
1691,2024-03,0.0,0.0,0.0,0,0,False
1691,2024-04,0.0,0.0,0.0,0,0,False
1691,2024-05,0.0,0.0,0.0,0,0,False
1691,2024-06,0.0,0.0,0.0,0,0,False
1691,2024-07,0.0,0.0,0.0,0,0,False
1691,2024-08,0.0,0.0,0.0,0,0,False
1691,2024-09,0.0,0.0,0.0,0,0,False
1691,2024-10,0.0,0.0,0.0,0,0,False
1691,2024-11,0.0,0.0,0.0,0,0,False
1691,2024-12,0.0,0.0,0.0,0,0,False
1691,2025-01,1181.81,1181.81,0.0,1,1,True
1692,2024-02,644.4399999999998,2272.7,-1628.2600000000002,1,5,True
1692,2024-03,2798.15,4434.49,-1636.34,3,7,True
1692,2024-04,2364.52,4364.5,-1999.98,3,7,True
1692,2024-05,2454.53,4090.8700000000003,-1636.34,2,6,True
1692,2024-06,177.45000000000005,3745.61,-3568.16,0,8,True
1692,2024-07,2636.33,4363.58,-1727.25,3,7,True
1692,2024-08,5772.534900000001,6863.4349,-1090.9,6,8,True
1692,2024-09,11090.82,11090.82,0.0,10,10,True
1692,2024-10,5114.73,8450.68,-3335.95,5,11,True
1692,2024-11,5059.04,5059.04,0.0,5,5,True
1692,2024-12,1585.45,3636.34,-2050.8900000000003,1,5,True
1692,2025-01,10613.56,10613.56,0.0,9,9,True
1693,2024-02,-727.2599999999996,3636.32,-4363.58,-1,9,True
1693,2024-03,3727.23,4636.31,-909.08,4,6,True
1693,2024-04,3486.32,4856.51,-1370.19,4,8,True
1693,2024-05,674.24,1090.9,-416.66,0,2,True
1693,2024-06,2581.24557,3490.32557,-909.08,3,5,True
1693,2024-07,-921.9300000000001,3599.95,-4521.88,0,10,True
1693,2024-08,3728.01,4637.09,-909.08,4,6,True
1693,2024-09,4063.61,6363.58,-2299.9700000000003,3,9,True
1693,2024-10,5133.53,8245.8,-3112.2700000000004,5,11,True
1693,2024-11,10094.94111,10094.94111,0.0,10,10,True
1693,2024-12,6423.72,7310.07,-886.35,6,8,True
1693,2025-01,4738.12931,5829.02931,-1090.9,4,6,True
1694,2024-02,7906.32623,8906.31623,-999.99,11,13,True
1694,2024-03,9568.44,11404.77,-1836.33,15,21,True
1694,2024-04,7184.46,8875.35,-1690.8899999999999,8,12,True
1694,2024-05,2113.10091,4681.75091,-2568.65,1,11,True
1694,2024-06,15095.09266,24804.08266,-9708.99,20,43,True
1694,2024-07,3770.962700000001,9964.8027,-6193.84,5,23,True
1694,2024-08,15954.62,17572.24,-1617.62,23,29,True
1694,2024-09,17955.99,22640.21,-4684.22,19,36,True
1694,2024-10,17099.010000000002,24175.0,-7075.99,19,36,True
1694,2024-11,7046.05548,12031.61548,-4985.56,8,20,True
1694,2024-12,8727.16,14333.18,-5606.02,12,22,True
1694,2025-01,4570.25376,7849.76376,-3279.51,4,12,True
1695,2024-02,-1090.9,0.0,-1090.9,-1,1,True
1695,2024-03,521.8901399999999,2703.69014,-2181.8,1,5,True
1695,2024-04,-1545.4299999999998,999.99,-2545.42,-2,4,True
1695,2024-05,90.91000000000008,909.08,-818.17,0,2,True
1695,2024-06,2727.24,3545.41,-818.17,3,5,True
1695,2024-07,1949.98,4677.22,-2727.2400000000002,1,9,True
1695,2024-08,3171.07569,3171.07569,0.0,3,3,True
1695,2024-09,8303.43159,9212.51159,-909.08,8,10,True
1695,2024-10,4363.6,4363.6,0.0,4,4,True
1695,2024-11,4143.058940000001,7233.93894,-3090.88,4,10,True
1695,2024-12,4525.16022,4525.16022,0.0,4,4,True
1695,2025-01,215.4899999999999,1181.81,-966.32,0,2,True
1696,2024-02,4265.780000000001,6956.66,-2690.88,4,10,True
1696,2024-03,11281.9548,12100.1248,-818.17,12,14,True
1696,2024-04,4506.30968,7142.63968,-2636.33,5,11,True
1696,2024-05,3299.9500000000003,6999.91,-3699.96,4,12,True
1696,2024-06,-2813.34337,8941.76663,-11755.11,-3,23,True
1696,2024-07,4276.445470000001,6794.59547,-2518.15,5,11,True
1696,2024-08,12833.96909,17143.00909,-4309.04,12,22,True
1696,2024-09,26725.96831,30207.74831,-3481.7799999999997,24,32,True
1696,2024-10,13678.36,16860.15,-3181.79,13,19,True
1696,2024-11,10300.54,12409.61,-2109.0699999999997,10,14,True
1696,2024-12,14889.25267,17752.86267,-2863.61,13,19,True
1696,2025-01,6145.42,16036.25,-9890.83,5,23,True
1697,2024-02,0.0,0.0,0.0,0,0,False
1697,2024-03,0.0,0.0,0.0,0,0,False
1697,2024-04,0.0,0.0,0.0,0,0,False
1697,2024-05,0.0,0.0,0.0,0,0,False
1697,2024-06,0.0,0.0,0.0,0,0,False
1697,2024-07,0.0,0.0,0.0,0,0,False
1697,2024-08,0.0,0.0,0.0,0,0,False
1697,2024-09,0.0,0.0,0.0,0,0,False
1697,2024-10,966.94,966.94,0.0,1,1,True
1697,2024-11,3155.1493,3155.1493,0.0,3,3,True
1697,2024-12,1090.9,1090.9,0.0,1,1,True
1697,2025-01,4554.51,4554.51,0.0,4,4,True
1698,2024-02,0.0,0.0,0.0,0,0,False
1698,2024-03,5113.21792,5113.21792,0.0,6,6,True
1698,2024-04,-818.17,0.0,-818.17,-1,1,True
1698,2024-05,1899.98,2718.15,-818.17,2,4,True
1698,2024-06,3441.93,4441.92,-999.99,4,6,True
1698,2024-07,-745.4499999999999,1818.1599999999999,-2563.6099999999997,-1,5,True
1698,2024-08,4278.14174,4978.131740000001,-699.99,4,6,True
1698,2024-09,-629.08,999.99,-1629.0700000000002,-1,3,True
1698,2024-10,5038.72,5038.72,0.0,5,5,True
1698,2024-11,1090.9,1090.9,0.0,1,1,True
1698,2024-12,1098.1,1861.73,-763.63,1,3,True
1698,2025-01,-307.5892600000001,1157.57074,-1465.1599999999999,-1,3,True
1699,2024-02,2861.31986,5515.83986,-2654.52,4,10,True
1699,2024-03,2636.33,3545.41,-909.08,3,5,True
1699,2024-04,5801.06993,7190.13993,-1389.0700000000002,6,10,True
1699,2024-05,1223.4498899999999,2688.07989,-1464.63,1,5,True
1699,2024-06,8324.44,14451.64,-6127.2,9,23,True
1699,2024-07,5700.99706,9246.40706,-3545.4100000000003,8,16,True
1699,2024-08,7799.6131700000005,12408.64317,-4609.03,9,21,True
1699,2024-09,1166.7199699999996,10114.08997,-8947.37,0,20,True
1699,2024-10,9176.6,13085.65,-3909.05,8,16,True
1699,2024-11,900.4600000000006,8489.23,-7588.77,0,16,True
1699,2024-12,7828.06071,12853.98071,-5025.92,8,18,True
1699,2025-01,5681.8,11068.1,-5386.3,4,16,True
1702,2024-02,0.0,0.0,0.0,0,0,False
1702,2024-03,0.0,0.0,0.0,0,0,False
1702,2024-04,0.0,0.0,0.0,0,0,False
1702,2024-05,0.0,0.0,0.0,0,0,False
1702,2024-06,0.0,0.0,0.0,0,0,False
1702,2024-07,0.0,0.0,0.0,0,0,False
1702,2024-08,0.0,0.0,0.0,0,0,False
1702,2024-09,0.0,0.0,0.0,0,0,False
1702,2024-10,0.0,0.0,0.0,0,0,False
1702,2024-11,4381.780000000001,4381.780000000001,0.0,4,4,True
1702,2024-12,138.28999999999985,1999.98,-1861.69,0,4,True
1702,2025-01,3545.4300000000003,3545.4300000000003,0.0,3,3,True
1704,2024-02,0.0,0.0,0.0,0,0,False
1704,2024-03,6069.02766,6069.02766,0.0,6,6,True
1704,2024-04,0.0,0.0,0.0,0,0,False
1704,2024-05,0.0,0.0,0.0,0,0,False
1704,2024-06,997.51,997.51,0.0,2,2,True
1704,2024-07,2636.34,2636.34,0.0,3,3,True
1704,2024-08,1145.44,1145.44,0.0,2,2,True
1704,2024-09,3934.00638,4506.72638,-572.72,4,6,True
1704,2024-10,1030.84005,1030.84005,0.0,1,1,True
1704,2024-11,4302.92,5434.22,-1131.3,4,6,True
1704,2024-12,71.59000000000015,1090.9,-1019.31,0,2,True
1704,2025-01,2454.5299999999997,2454.5299999999997,0.0,2,2,True
1705,2024-02,0.0,0.0,0.0,0,0,False
1705,2024-03,0.0,0.0,0.0,0,0,False
1705,2024-04,0.0,0.0,0.0,0,0,False
1705,2024-05,0.0,0.0,0.0,0,0,False
1705,2024-06,0.0,0.0,0.0,0,0,False
1705,2024-07,0.0,0.0,0.0,0,0,False
1705,2024-08,0.0,0.0,0.0,0,0,False
1705,2024-09,0.0,0.0,0.0,0,0,False
1705,2024-10,0.0,0.0,0.0,0,0,False
1705,2024-11,0.0,0.0,0.0,0,0,False
1705,2024-12,0.0,0.0,0.0,0,0,False
1705,2025-01,3430.8899,3430.8899,0.0,3,3,True
1706,2024-02,400.00000000000006,909.08,-509.08,0,2,True
1706,2024-03,909.08,909.08,0.0,1,1,True
1706,2024-04,1818.16182,1818.16182,0.0,2,2,True
1706,2024-05,2545.42,2545.42,0.0,3,3,True
1706,2024-06,4636.31,4636.31,0.0,5,5,True
1706,2024-07,2481.79,2481.79,0.0,3,3,True
1706,2024-08,1209.06818,1209.06818,0.0,2,2,True
1706,2024-09,5509.030000000001,7509.01,-1999.98,7,11,True
1706,2024-10,9475.04,11948.7,-2473.66,9,15,True
1706,2024-11,1669.77,2910.41,-1240.6399999999999,1,5,True
1706,2024-12,1090.9,1090.9,0.0,1,1,True
1706,2025-01,203.56997,1129.80997,-926.24,0,2,True
1707,2024-02,0.0,0.0,0.0,0,0,False
1707,2024-03,0.0,0.0,0.0,0,0,False
1707,2024-04,0.0,0.0,0.0,0,0,False
1707,2024-05,0.0,0.0,0.0,0,0,False
1707,2024-06,0.0,0.0,0.0,0,0,False
1707,2024-07,0.0,0.0,0.0,0,0,False
1707,2024-08,0.0,0.0,0.0,0,0,False
1707,2024-09,0.0,0.0,0.0,0,0,False
1707,2024-10,0.0,0.0,0.0,0,0,False
1707,2024-11,0.0,0.0,0.0,0,0,False
1707,2024-12,768.7908,768.7908,0.0,2,2,True
1707,2025-01,2408.72876,2408.72876,0.0,4,4,True
1710,2024-02,909.08,909.08,0.0,1,1,True
1710,2024-03,3009.88,3009.88,0.0,3,3,True
1710,2024-04,818.17,818.17,0.0,1,1,True
1710,2024-05,811.29496,811.29496,0.0,1,1,True
1710,2024-06,1645.4299999999998,1645.4299999999998,0.0,2,2,True
1710,2024-07,0.0,0.0,0.0,0,0,False
1710,2024-08,1572.71,1572.71,0.0,2,2,True
1710,2024-09,4363.6,4363.6,0.0,4,4,True
1710,2024-10,3198.95,3198.95,0.0,3,3,True
1710,2024-11,1689.1599999999999,1689.1599999999999,0.0,2,2,True
1710,2024-12,0.0,0.0,0.0,0,0,False
1710,2025-01,0.0,0.0,0.0,0,0,False
1711,2024-02,1698.19681,1698.19681,0.0,2,2,True
1711,2024-03,840.37273,840.37273,0.0,3,3,True
1711,2024-04,1197.8414500000001,3697.81145,-2499.97,2,8,True
1711,2024-05,-82.5205400000001,826.55946,-909.08,0,2,True
1711,2024-06,1909.0700000000002,1909.0700000000002,0.0,2,2,True
1711,2024-07,572.72,572.72,0.0,1,1,True
1711,2024-08,5154.4800000000005,5154.4800000000005,0.0,6,6,True
1711,2024-09,909.08,1999.98,-1090.9,1,3,True
1711,2024-10,3035.7437800000002,4035.73378,-999.99,4,6,True
1711,2024-11,4575.47,4575.47,0.0,6,6,True
1711,2024-12,0.0,0.0,0.0,0,0,False
1711,2025-01,2703.5676200000003,2703.5676200000003,0.0,3,3,True
1712,2024-02,3613.3170999999998,4395.1271,-781.81,5,7,True
1712,2024-03,3069.04,4723.57,-1654.53,4,8,True
1712,2024-04,862.57974,3898.89974,-3036.3199999999997,1,9,True
1712,2024-05,2022.9346799999998,3932.00468,-1909.0700000000002,3,7,True
1712,2024-06,5436.400000000001,6345.4800000000005,-909.08,6,8,True
1712,2024-07,909.0799999999999,2518.15,-1609.0700000000002,1,5,True
1712,2024-08,2974.49881,5283.65881,-2309.16,3,9,True
1712,2024-09,4309.05,8636.27,-4327.22,4,14,True
1712,2024-10,1075.19,2802.44,-1727.25,1,5,True
1712,2024-11,7811.91401,9410.38401,-1598.47,8,12,True
1712,2024-12,9090.84,9090.84,0.0,8,8,True
1712,2025-01,5999.96,5999.96,0.0,5,5,True
1713,2024-02,1999.98182,2818.15182,-818.17,2,4,True
1713,2024-03,1272.7,2909.04,-1636.34,2,6,True
1713,2024-04,3909.05,4481.77,-572.72,4,6,True
1713,2024-05,2636.33,2636.33,0.0,3,3,True
1713,2024-06,5271.47,5660.35,-388.88,5,7,True
1713,2024-07,0.0,0.0,0.0,0,0,False
1713,2024-08,-1854.5300000000002,0.0,-1854.5300000000002,-2,2,True
1713,2024-09,4272.6900000000005,5036.32,-763.63,4,6,True
1713,2024-10,6997.058480000001,7552.60848,-555.55,7,9,True
1713,2024-11,4581.79,6218.13,-1636.3400000000001,4,8,True
1713,2024-12,1760.71,1760.71,0.0,2,2,True
1713,2025-01,4259.99,5441.8,-1181.81,4,6,True
1714,2024-02,4297.66645,5206.74645,-909.08,5,7,True
1714,2024-03,10223.77563,11132.85563,-909.08,15,17,True
1714,2024-04,11462.74958,13000.02958,-1537.28,16,22,True
1714,2024-05,8560.8,10578.95,-2018.15,10,16,True
1714,2024-06,8758.85,13304.25,-4545.4,12,22,True
1714,2024-07,2006.78,9724.87,-7718.09,5,23,True
1714,2024-08,23901.40423,25510.46423,-1609.06,31,37,True
1714,2024-09,30436.445910000002,35263.66591,-4827.22,35,45,True
1714,2024-10,19401.01724,26067.28724,-6666.2699999999995,26,42,True
1714,2024-11,11136.85212,15265.60212,-4128.75,13,22,True
1714,2024-12,10840.82223,18668.02223,-7827.2,11,27,True
1714,2025-01,14842.52,19342.489999999998,-4499.97,18,25,True
1715,2024-02,479.99,479.99,0.0,1,1,True
1715,2024-03,5754.66772,5754.66772,0.0,7,7,True
1715,2024-04,1545.4400000000003,3181.78,-1636.34,2,6,True
1715,2024-05,1135.9917,1863.2517000000003,-727.26,1,3,True
1715,2024-06,5285.39905,5285.39905,0.0,6,6,True
1715,2024-07,3541.50407,4541.494070000001,-999.99,4,6,True
1715,2024-08,3301.6000000000004,4765.22,-1463.62,4,8,True
1715,2024-09,9833.17365,9833.17365,0.0,10,10,True
1715,2024-10,13579.80229,15501.292290000001,-1921.49,15,19,True
1715,2024-11,10675.33882,10675.33882,0.0,12,12,True
1715,2024-12,8734.45412,10370.80412,-1636.35,8,12,True
1715,2025-01,2636.34091,3636.3309099999997,-999.99,3,5,True
1716,2024-02,3138.29379,3138.29379,0.0,4,4,True
1716,2024-03,0.0,0.0,0.0,0,0,False
1716,2024-04,3597.59,6179.38,-2581.79,4,10,True
1716,2024-05,999.99,999.99,0.0,1,1,True
1716,2024-06,7336.0061000000005,7336.0061000000005,0.0,8,8,True
1716,2024-07,407.34000000000003,1043.69,-636.35,1,3,True
1716,2024-08,6972.66,6972.66,0.0,8,8,True
1716,2024-09,7409.03,10454.45,-3045.42,6,14,True
1716,2024-10,2213.1499999999996,3394.96,-1181.81,2,4,True
1716,2024-11,5098.02,5952.85,-854.83,5,7,True
1716,2024-12,1570.6544999999999,4490.8745,-2920.2200000000003,1,7,True
1716,2025-01,2999.99,4818.15,-1818.1599999999999,2,6,True
1717,2024-02,909.08,909.08,0.0,1,1,True
1717,2024-03,-999.99,0.0,-999.99,-1,1,True
1717,2024-04,795.67003,795.67003,0.0,1,1,True
1717,2024-05,1791.04253,2609.21253,-818.17,2,4,True
1717,2024-06,1071.2599999999998,2636.24,-1564.98,1,5,True
1717,2024-07,1963.6100000000001,1963.6100000000001,0.0,3,3,True
1717,2024-08,0.0,0.0,0.0,0,0,False
1717,2024-09,2303.8498,2303.8498,0.0,2,2,True
1717,2024-10,3254.52,5945.4,-2690.88,3,9,True
1717,2024-11,5134.18,5134.18,0.0,5,5,True
1717,2024-12,3363.61,3363.61,0.0,3,3,True
1717,2025-01,1342.19,2072.71,-730.52,1,3,True
1718,2024-02,814.97895,1510.61895,-695.64,1,3,True
1718,2024-03,3079.10406,3559.0940600000004,-479.99,3,5,True
1718,2024-04,3346.50748,3346.50748,0.0,5,5,True
1718,2024-05,4625.63314,5989.2431400000005,-1363.6100000000001,4,8,True
1718,2024-06,784.4399999999998,3148.05,-2363.61,1,7,True
1718,2024-07,793.1849200000001,2193.16492,-1399.98,1,5,True
1718,2024-08,3574.98187,4665.88187,-1090.9,4,6,True
1718,2024-09,4357.22,5539.030000000001,-1181.81,5,7,True
1718,2024-10,4521.57,7521.54,-2999.9700000000003,5,11,True
1718,2024-11,4349.68881,7404.20881,-3054.5200000000004,4,10,True
1718,2024-12,4363.6,5331.32,-967.72,4,6,True
1718,2025-01,5999.96,7272.68,-1272.72,5,7,True
1719,2024-02,2181.8,2181.8,0.0,2,2,True
1719,2024-03,-564.9300000000001,590.9,-1155.83,-1,3,True
1719,2024-04,1909.0700000000002,1909.0700000000002,0.0,2,2,True
1719,2024-05,2737.70699,2737.70699,0.0,3,3,True
1719,2024-06,0.0,363.63,-363.63,0,2,True
1719,2024-07,0.0,0.0,0.0,0,0,False
1719,2024-08,909.08,909.08,0.0,1,1,True
1719,2024-09,1090.9,1090.9,0.0,1,1,True
1719,2024-10,636.35,636.35,0.0,1,1,True
1719,2024-11,2999.9700000000003,2999.9700000000003,0.0,3,3,True
1719,2024-12,1256.17451,1256.17451,0.0,1,1,True
1719,2025-01,90.90999999999985,1181.81,-1090.9,0,2,True
1720,2024-02,0.0,0.0,0.0,0,0,False
1720,2024-03,0.0,0.0,0.0,0,0,False
1720,2024-04,3345.4100000000003,4163.58,-818.17,4,6,True
1720,2024-05,-818.17,0.0,-818.17,-1,1,True
1720,2024-06,-999.99,0.0,-999.99,-1,1,True
1720,2024-07,-1481.8000000000002,0.0,-1481.8000000000002,-2,2,True
1720,2024-08,3254.49,3827.21,-572.72,5,7,True
1720,2024-09,2454.52,2454.52,0.0,3,3,True
1720,2024-10,0.0,999.99,-999.99,0,2,True
1720,2024-11,909.0800000000002,2090.8900000000003,-1181.81,1,3,True
1720,2024-12,2181.8,2181.8,0.0,2,2,True
1720,2025-01,5999.96,5999.96,0.0,5,5,True
1723,2024-02,785.4426,785.4426,0.0,1,1,True
1723,2024-03,0.0,0.0,0.0,0,0,False
1723,2024-04,0.0,0.0,0.0,0,0,False
1723,2024-05,1090.9,1090.9,0.0,1,1,True
1723,2024-06,1909.0700000000002,1909.0700000000002,0.0,2,2,True
1723,2024-07,1690.89,1690.89,0.0,3,3,True
1723,2024-08,0.0,0.0,0.0,0,0,False
1723,2024-09,909.08,909.08,0.0,1,1,True
1723,2024-10,0.0,0.0,0.0,0,0,False
1723,2024-11,1758.02,1758.02,0.0,2,2,True
1723,2024-12,0.0,0.0,0.0,0,0,False
1723,2025-01,0.0,1181.81,-1181.81,0,2,True
1724,2024-02,0.0,1090.9,-1090.9,0,2,True
1724,2024-03,-1090.9,0.0,-1090.9,-1,1,True
1724,2024-04,781.81,781.81,0.0,1,1,True
1724,2024-05,999.99,999.99,0.0,1,1,True
1724,2024-06,2665.88,2665.88,0.0,3,3,True
1724,2024-07,608.73,608.73,0.0,2,2,True
1724,2024-08,0.0,0.0,0.0,0,0,False
1724,2024-09,-318.17,0.0,-318.17,-1,1,True
1724,2024-10,1970.1599999999999,4242.87,-2272.71,2,6,True
1724,2024-11,3103.91654,3103.91654,0.0,3,3,True
1724,2024-12,-90.90999999999985,1090.9,-1181.81,0,2,True
1724,2025-01,3606.26,4878.98,-1272.72,3,5,True
1732,2024-02,2129.1518699999997,2910.96187,-781.81,3,5,True
1732,2024-03,3399.96,3399.96,0.0,4,4,True
1732,2024-04,3727.23,3727.23,0.0,4,4,True
1732,2024-05,1090.9,1090.9,0.0,1,1,True
1732,2024-06,3600.37,5418.53,-1818.16,4,8,True
1732,2024-07,1699.98,2518.15,-818.17,2,4,True
1732,2024-08,6272.67,6272.67,0.0,6,6,True
1732,2024-09,10737.150000000001,11918.960000000001,-1181.81,10,12,True
1732,2024-10,4264.59,5338.45,-1073.86,4,6,True
1732,2024-11,5432.69058,7569.04058,-2136.35,5,9,True
1732,2024-12,6882.252930000001,6882.252930000001,0.0,6,6,True
1732,2025-01,2584.87,2584.87,0.0,2,2,True
1733,2024-02,-181.82000000000005,909.08,-1090.9,0,2,True
1733,2024-03,1345.43,1345.43,0.0,2,2,True
1733,2024-04,825.6939,825.6939,0.0,2,2,True
1733,2024-05,0.0,0.0,0.0,0,0,False
1733,2024-06,572.72,572.72,0.0,1,1,True
1733,2024-07,1572.71,1572.71,0.0,2,2,True
1733,2024-08,1145.44,1145.44,0.0,2,2,True
1733,2024-09,572.72,572.72,0.0,1,1,True
1733,2024-10,3090.88091,3090.88091,0.0,3,3,True
1733,2024-11,2181.8,2181.8,0.0,2,2,True
1733,2024-12,1691.05026,2872.86026,-1181.81,2,4,True
1733,2025-01,181.81999999999994,1272.72,-1090.9,0,2,True
1734,2024-02,65.46272999999997,1636.3427299999998,-1570.88,-1,5,True
1734,2024-03,6797.11948,8269.82948,-1472.71,10,14,True
1734,2024-04,2759.25486,6213.75486,-3454.5,3,11,True
1734,2024-05,-1090.9081800000001,3909.04182,-4999.950000000001,0,10,True
1734,2024-06,9858.691330000001,13767.74133,-3909.05,12,20,True
1734,2024-07,5109.71,8609.27,-3499.56,5,15,True
1734,2024-08,5246.55771,8910.15771,-3663.6000000000004,9,17,True
1734,2024-09,12086.24,16573.8,-4487.56,14,24,True
1734,2024-10,11220.61364,16096.60364,-4875.99,13,23,True
1734,2024-11,12035.830450000001,14735.80045,-2699.9700000000003,14,20,True
1734,2024-12,9702.15847,13831.36847,-4129.21,11,19,True
1734,2025-01,14645.68332,15736.58332,-1090.9,16,18,True
1739,2024-02,1490.8899999999999,1490.8899999999999,0.0,2,2,True
1739,2024-03,3203.2406199999996,3203.2406199999996,0.0,6,6,True
1739,2024-04,6849.378210000001,6849.378210000001,0.0,8,8,True
1739,2024-05,2855.4116400000003,2855.4116400000003,0.0,4,4,True
1739,2024-06,5348.43,5348.43,0.0,9,9,True
1739,2024-07,572.72,572.72,0.0,1,1,True
1739,2024-08,572.72,572.72,0.0,1,1,True
1739,2024-09,2137.96975,2137.96975,0.0,2,2,True
1739,2024-10,7910.780000000001,7910.780000000001,0.0,8,8,True
1739,2024-11,3521.25,4348.17,-826.92,4,6,True
1739,2024-12,-255.5200000000001,835.38,-1090.9,1,3,True
1739,2025-01,1181.81,1181.81,0.0,1,1,True
1742,2024-02,0.0,0.0,0.0,0,0,False
1742,2024-03,2999.9700000000003,2999.9700000000003,0.0,3,3,True
1742,2024-04,3591.11057,3591.11057,0.0,4,4,True
1742,2024-05,0.0,0.0,0.0,0,0,False
1742,2024-06,999.99,999.99,0.0,1,1,True
1742,2024-07,1181.81,1181.81,0.0,1,1,True
1742,2024-08,-301.23,572.72,-873.95,0,2,True
1742,2024-09,0.0,0.0,0.0,0,0,False
1742,2024-10,3501.82,3501.82,0.0,4,4,True
1742,2024-11,2945.4300000000003,2945.4300000000003,0.0,3,3,True
1742,2024-12,0.0,0.0,0.0,0,0,False
1742,2025-01,2569.0299999999997,2569.0299999999997,0.0,3,3,True
1743,2024-02,-181.82000000000005,1727.25,-1909.0700000000002,0,4,True
1743,2024-03,3454.15939,3454.15939,0.0,4,4,True
1743,2024-04,4363.58,4363.58,0.0,5,5,True
1743,2024-05,909.08182,1727.25182,-818.17,1,3,True
1743,2024-06,8272.65,9090.82,-818.17,9,11,True
1743,2024-07,5363.69512,6763.67512,-1399.98,7,11,True
1743,2024-08,9818.09,11772.62,-1954.5300000000002,11,15,True
1743,2024-09,5147.22476,6238.124760000001,-1090.9,5,7,True
1743,2024-10,3781.28,6077.3,-2296.02,3,9,True
1743,2024-11,813.8199999999998,4995.6,-4181.78,1,9,True
1743,2024-12,7683.96877,8683.958770000001,-999.99,7,9,True
1743,2025-01,7509.41,7509.41,0.0,6,6,True
1744,2024-02,-781.81,0.0,-781.81,-1,1,True
1744,2024-03,4041.05445,4841.03445,-799.98,6,10,True
1744,2024-04,-2499.96,909.08,-3409.04,-4,6,True
1744,2024-05,3363.59,3363.59,0.0,4,4,True
1744,2024-06,5526.13334,6769.82334,-1243.69,5,9,True
1744,2024-07,2082.98,3090.88,-1007.9000000000001,1,5,True
1744,2024-08,199.98313999999993,3045.41314,-2845.4300000000003,0,6,True
1744,2024-09,8873.35,12154.45,-3281.1000000000004,7,15,True
1744,2024-10,12901.64333,13801.52333,-899.88,15,17,True
1744,2024-11,4207.08,4207.08,0.0,4,4,True
1744,2024-12,-22.72999999999979,3159.06,-3181.79,0,6,True
1744,2025-01,12036.30003,12036.30003,0.0,11,11,True
1745,2024-02,1727.25,1727.25,0.0,2,2,True
1745,2024-03,-45.439999999999884,1090.9,-1136.34,-1,3,True
1745,2024-04,2467.9300000000003,3286.1,-818.17,3,5,True
1745,2024-05,-818.17,0.0,-818.17,-1,1,True
1745,2024-06,0.0,0.0,0.0,0,0,False
1745,2024-07,1181.81,1181.81,0.0,1,1,True
1745,2024-08,999.99,999.99,0.0,1,1,True
1745,2024-09,999.99,999.99,0.0,1,1,True
1745,2024-10,3213.92,3213.92,0.0,4,4,True
1745,2024-11,0.0,0.0,0.0,0,0,False
1745,2024-12,-763.63,0.0,-763.63,-1,1,True
1745,2025-01,0.0,0.0,0.0,0,0,False
1747,2024-02,2399.9718199999998,2399.9718199999998,0.0,3,3,True
1747,2024-03,2181.79182,2181.79182,0.0,3,3,True
1747,2024-04,4899.06339,4899.06339,0.0,6,6,True
1747,2024-05,-909.08,0.0,-909.08,-1,1,True
1747,2024-06,3890.96,4800.04,-909.08,4,6,True
1747,2024-07,4876.06369,5694.23369,-818.17,6,8,True
1747,2024-08,4963.58,5536.3,-572.72,6,8,True
1747,2024-09,5355.27002,6482.52002,-1127.25,4,8,True
1747,2024-10,5854.919089999999,6854.90909,-999.99,6,8,True
1747,2024-11,8381.14148,8381.14148,0.0,8,8,True
1747,2024-12,5047.74925,6320.46925,-1272.72,5,7,True
1747,2025-01,3272.7,4181.78,-909.08,3,5,True
1748,2024-02,3871.4569,3871.4569,0.0,5,5,True
1748,2024-03,7222.45154,8808.79154,-1586.34,10,14,True
1748,2024-04,2318.15273,3227.23273,-909.08,3,5,True
1748,2024-05,727.26,727.26,0.0,1,1,True
1748,2024-06,909.08,1727.25,-818.17,1,3,True
1748,2024-07,1999.98,1999.98,0.0,2,2,True
1748,2024-08,1663.6200000000001,1663.6200000000001,0.0,2,2,True
1748,2024-09,3135.3900000000003,4226.29,-1090.9,3,5,True
1748,2024-10,7089.360000000001,7089.360000000001,0.0,7,7,True
1748,2024-11,5479.780000000001,6752.5,-1272.72,6,8,True
1748,2024-12,4275.0168699999995,5547.73687,-1272.72,4,6,True
1748,2025-01,0.0,1873.4099999999999,-1873.4099999999999,0,4,True
1750,2024-02,0.0,0.0,0.0,0,0,False
1750,2024-03,0.0,0.0,0.0,0,0,False
1750,2024-04,5406.69946,5406.69946,0.0,6,6,True
1750,2024-05,2546.80388,3183.15388,-636.35,3,5,True
1750,2024-06,2454.5099999999998,2454.5099999999998,0.0,3,3,True
1750,2024-07,3254.5200000000004,3754.51,-499.99,3,5,True
1750,2024-08,5245.38455,6336.28455,-1090.9,7,9,True
1750,2024-09,14519.90999,16092.61999,-1572.71,14,18,True
1750,2024-10,12883.68236,16247.292360000001,-3363.61,13,19,True
1750,2024-11,5649.63842,10104.14842,-4454.51,6,14,True
1750,2024-12,1609.0700000000002,2609.0600000000004,-999.99,2,4,True
1750,2025-01,6471.76909,7653.57909,-1181.81,6,8,True
1751,2024-02,4729.32441,4729.32441,0.0,7,7,True
1751,2024-03,5515.37644,5848.70644,-333.33,8,10,True
1751,2024-04,5501.4,7348.389999999999,-1846.99,6,14,True
1751,2024-05,2035.04499,3869.7249899999997,-1834.6799999999998,1,7,True
1751,2024-06,2279.06,5253.45,-2974.39,2,10,True
1751,2024-07,1177.2599999999998,3177.24,-1999.98,2,6,True
1751,2024-08,4456.05,6396.54,-1940.49,4,10,True
1751,2024-09,3963.9600200000004,6418.49002,-2454.5299999999997,3,9,True
1751,2024-10,2443.91,9689.28,-7245.370000000001,3,19,True
1751,2024-11,3673.5400000000004,7035.12,-3361.58,3,11,True
1751,2024-12,1744.4499999999998,7085.32,-5340.87,3,13,True
1751,2025-01,4545.42,6818.13,-2272.71,4,8,True
1753,2024-02,3672.92978,4245.64978,-572.72,4,6,True
1753,2024-03,1090.9,1090.9,0.0,1,1,True
1753,2024-04,2917.9700000000003,2917.9700000000003,0.0,3,3,True
1753,2024-05,805.17,805.17,0.0,1,1,True
1753,2024-06,0.0,0.0,0.0,0,0,False
1753,2024-07,1845.4299999999998,2390.88,-545.45,2,4,True
1753,2024-08,999.99,1999.98,-999.99,1,3,True
1753,2024-09,2181.8,2181.8,0.0,2,2,True
1753,2024-10,572.73,999.99,-427.26,0,2,True
1753,2024-11,3096.58,3096.58,0.0,3,3,True
1753,2024-12,1609.07,2699.9700000000003,-1090.9,2,4,True
1753,2025-01,3363.6099999999997,3363.6099999999997,0.0,3,3,True
1754,2024-02,818.17,818.17,0.0,1,1,True
1754,2024-03,885.37618,1180.2761799999998,-294.9,1,3,True
1754,2024-04,2980.68541,2980.68541,0.0,5,5,True
1754,2024-05,769.18798,769.18798,0.0,1,1,True
1754,2024-06,1999.98,1999.98,0.0,2,2,True
1754,2024-07,636.35,636.35,0.0,1,1,True
1754,2024-08,3113.64744,3686.36744,-572.72,4,6,True
1754,2024-09,3181.79,3181.79,0.0,3,3,True
1754,2024-10,2127.67,2127.67,0.0,2,2,True
1754,2024-11,2934.9,2934.9,0.0,3,3,True
1754,2024-12,6652.51435,6652.51435,0.0,7,7,True
1754,2025-01,1503.44,1503.44,0.0,2,2,True
1755,2024-02,-581.81,0.0,-581.81,-1,1,True
1755,2024-03,2765.54993,4583.70993,-1818.1599999999999,4,8,True
1755,2024-04,2491.25273,6155.03273,-3663.7799999999997,5,17,True
1755,2024-05,818.17,818.17,0.0,1,1,True
1755,2024-06,2537.02,3909.05,-1372.03,2,6,True
1755,2024-07,663.6300000000001,1481.8000000000002,-818.17,1,3,True
1755,2024-08,1757.41,2858.41,-1101.0,2,6,True
1755,2024-09,3154.51,3727.23,-572.72,3,5,True
1755,2024-10,752.8498099999998,4407.35981,-3654.51,1,9,True
1755,2024-11,1570.81,3109.06,-1538.25,1,5,True
1755,2024-12,-227.26999999999998,1772.71,-1999.98,0,4,True
1755,2025-01,3818.16,3818.16,0.0,4,4,True
1758,2024-02,17465.335460000002,18192.59546,-727.26,20,22,True
1758,2024-03,10238.811380000001,13256.95138,-3018.14,11,19,True
1758,2024-04,9320.24207,14211.59207,-4891.35,10,22,True
1758,2024-05,3593.9476400000003,9058.53764,-5464.59,4,16,True
1758,2024-06,20766.00182,25129.58182,-4363.58,21,31,True
1758,2024-07,10930.76091,13748.90091,-2818.14,12,20,True
1758,2024-08,0.0,0.0,0.0,0,0,False
1758,2024-09,17568.31,21277.36,-3709.05,16,24,True
1758,2024-10,24968.70636,31695.90636,-6727.200000000001,24,38,True
1758,2024-11,16149.019090000002,19280.64909,-3131.63,15,23,True
1758,2024-12,9551.220000000001,14283.52,-4732.3,7,19,True
1758,2025-01,20274.28002,26183.33002,-5909.05,19,29,True
1759,2024-02,5938.62668,6501.86668,-563.24,7,9,True
1759,2024-03,2596.33,2596.33,0.0,4,4,True
1759,2024-04,5026.84,5026.84,0.0,6,6,True
1759,2024-05,2999.9700000000003,2999.9700000000003,0.0,3,3,True
1759,2024-06,833.99,4288.49,-3454.5,1,9,True
1759,2024-07,664.1400000000001,1636.3500000000001,-972.21,0,4,True
1759,2024-08,8519.22354,8519.22354,0.0,9,9,True
1759,2024-09,8233.46613,9960.71613,-1727.25,8,12,True
1759,2024-10,4366.13,8038.820000000001,-3672.69,6,14,True
1759,2024-11,7469.52627,7469.52627,0.0,8,8,True
1759,2024-12,5613.59,5613.59,0.0,5,5,True
1759,2025-01,7396.639999999999,7396.639999999999,0.0,7,7,True
1760,2024-02,6727.200000000001,6727.200000000001,0.0,7,7,True
1760,2024-03,8001.7909,8001.7909,0.0,9,9,True
1760,2024-04,2105.7836399999997,5105.75364,-2999.9700000000003,3,9,True
1760,2024-05,645.4500000000002,2818.15,-2172.7,0,6,True
1760,2024-06,5488.9173900000005,5488.9173900000005,0.0,6,6,True
1760,2024-07,316.55999999999995,2481.79,-2165.23,0,6,True
1760,2024-08,5218.14,6945.39,-1727.25,5,9,True
1760,2024-09,7727.21,9545.37,-1818.16,7,11,True
1760,2024-10,8924.46328,12222.82328,-3298.3599999999997,8,16,True
1760,2024-11,3702.20455,5185.65455,-1483.4499999999998,3,7,True
1760,2024-12,-1670.71,2580.06,-4250.77,-2,8,True
1760,2025-01,11327.32664,11763.67664,-436.35,9,11,True
1761,2024-02,509.0799999999999,1163.62,-654.54,1,3,True
1761,2024-03,745.45,1563.62,-818.17,1,3,True
1761,2024-04,2181.8,4727.22,-2545.42,2,8,True
1761,2024-05,-818.17,818.17,-1636.34,-1,3,True
1761,2024-06,2138.11,2665.88,-527.77,2,4,True
1761,2024-07,90.90999999999997,1999.98,-1909.0700000000002,0,4,True
1761,2024-08,636.35,636.35,0.0,1,1,True
1761,2024-09,3090.88,3090.88,0.0,3,3,True
1761,2024-10,194.3599999999999,4012.5,-3818.14,0,8,True
1761,2024-11,1503.2300000000002,4145.43,-2642.2,1,7,True
1761,2024-12,8.360000000000127,3235.61,-3227.25,0,6,True
1761,2025-01,3735.49314,6099.1131399999995,-2363.62,3,7,True
1762,2024-02,-272.73000000000013,818.17,-1090.9,0,2,True
1762,2024-03,439.99,1258.1599999999999,-818.17,1,3,True
1762,2024-04,2727.2400000000002,2727.2400000000002,0.0,3,3,True
1762,2024-05,0.0,818.17,-818.17,0,2,True
1762,2024-06,3509.04,4090.85,-581.81,4,6,True
1762,2024-07,2663.61,2663.61,0.0,3,3,True
1762,2024-08,1698.43041,2607.51041,-909.08,2,4,True
1762,2024-09,2181.8,3181.79,-999.99,2,4,True
1762,2024-10,3181.79,3181.79,0.0,3,3,True
1762,2024-11,0.0,1090.9,-1090.9,0,2,True
1762,2024-12,7662.50259,8662.49259,-999.99,7,9,True
1762,2025-01,1090.9,1090.9,0.0,1,1,True
1763,2024-02,641.32579,641.32579,0.0,1,1,True
1763,2024-03,2981.78,3636.32,-654.54,3,5,True
1763,2024-04,2060.58,2060.58,0.0,3,3,True
1763,2024-05,2727.24,2727.24,0.0,3,3,True
1763,2024-06,181.82000000000005,909.08,-727.26,0,2,True
1763,2024-07,818.1709099999999,2909.06091,-2090.8900000000003,1,5,True
1763,2024-08,4553.84,5826.56,-1272.72,9,10,True
1763,2024-09,5063.59,5063.59,0.0,5,5,True
1763,2024-10,4609.04,6699.93,-2090.8900000000003,5,9,True
1763,2024-11,2378.34,4396.5,-2018.16,3,7,True
1763,2024-12,3323.60909,4414.5090900000005,-1090.9,3,5,True
1763,2025-01,6317.030000000001,6317.030000000001,0.0,7,7,True
1764,2024-02,2403.1800000000003,3545.41,-1142.23,2,6,True
1764,2024-03,6396.18,7177.99,-781.81,8,10,True
1764,2024-04,265.9899999999998,4181.76,-3915.77,0,10,True
1764,2024-05,4999.950000000001,6545.38,-1545.4299999999998,5,9,True
1764,2024-06,4128.95169,6619.83169,-2490.88,5,11,True
1764,2024-07,2454.5299999999997,5090.860000000001,-2636.33,2,8,True
1764,2024-08,2663.61,3754.51,-1090.9,3,5,True
1764,2024-09,3867.7916800000003,4504.14168,-636.35,4,6,True
1764,2024-10,9882.18,13888.01,-4005.83,10,18,True
1764,2024-11,-174.04999999999995,3964.1000000000004,-4138.15,0,8,True
1764,2024-12,6827.95,7591.58,-763.63,6,8,True
1764,2025-01,409.0899999999999,4545.42,-4136.33,0,8,True
1765,2024-02,3797.24203,3797.24203,0.0,4,4,True
1765,2024-03,2545.42,2545.42,0.0,3,3,True
1765,2024-04,1761.0350400000002,2579.20504,-818.17,2,4,True
1765,2024-05,-90.91000000000008,999.99,-1090.9,0,2,True
1765,2024-06,3929.37152,3929.37152,0.0,4,4,True
1765,2024-07,1881.8,1881.8,0.0,2,2,True
1765,2024-08,1014.38,1014.38,0.0,1,1,True
1765,2024-09,1634.5400000000002,2181.8,-547.26,1,3,True
1765,2024-10,8734.5,11606.880000000001,-2872.38,8,14,True
1765,2024-11,2985.45,3930.9,-945.45,3,5,True
1765,2024-12,445.46000000000004,1272.72,-827.26,0,2,True
1765,2025-01,4755.15,4755.15,0.0,4,4,True
1766,2024-02,2855.53946,4237.33946,-1381.8,3,7,True
1766,2024-03,4636.31,4636.31,0.0,5,5,True
1766,2024-04,5363.57,5363.57,0.0,6,6,True
1766,2024-05,2672.7,2672.7,0.0,3,3,True
1766,2024-06,9239.3,10330.2,-1090.9,11,13,True
1766,2024-07,3097.53,7097.49,-3999.96,5,13,True
1766,2024-08,5381.77,9263.550000000001,-3881.78,6,14,True
1766,2024-09,11818.050000000001,11818.050000000001,0.0,13,13,True
1766,2024-10,-190.2209099999999,3272.69909,-3462.92,-1,7,True
1766,2024-11,4359.84624,5359.8362400000005,-999.99,4,6,True
1766,2024-12,7522.66,7522.66,0.0,7,7,True
1766,2025-01,10296.869999999999,11478.68,-1181.81,10,12,True
1768,2024-02,1672.71,1672.71,0.0,2,2,True
1768,2024-03,1606.07778,1909.10778,-303.03,4,6,True
1768,2024-04,1611.8600000000001,1611.8600000000001,0.0,3,3,True
1768,2024-05,585.31,948.9399999999999,-363.63,1,3,True
1768,2024-06,2424.84,2970.29,-545.45,3,5,True
1768,2024-07,-581.81,0.0,-581.81,-1,1,True
1768,2024-08,909.08,909.08,0.0,2,1,True
1768,2024-09,4703.73,4703.73,0.0,5,5,True
1768,2024-10,4863.06545,4863.06545,0.0,9,9,True
1768,2024-11,0.0,0.0,0.0,0,0,False
1768,2024-12,1518.16,2699.9700000000003,-1181.81,2,4,True
1768,2025-01,2746.39,3129.16,-382.77,3,5,True
1769,2024-02,272.73000000000013,1909.0700000000002,-1636.34,0,4,True
1769,2024-03,2673.15,3491.32,-818.17,3,5,True
1769,2024-04,4711.090700000001,4711.090700000001,0.0,5,5,True
1769,2024-05,2348.5630699999997,4257.63307,-1909.0700000000002,3,7,True
1769,2024-06,5773.56326,5773.56326,0.0,6,6,True
1769,2024-07,3154.48086,4154.47086,-999.99,4,6,True
1769,2024-08,3112.54629,4203.44629,-1090.9,3,5,True
1769,2024-09,8727.2,9727.19,-999.99,8,10,True
1769,2024-10,9432.220000000001,12445.6,-3013.38,9,15,True
1769,2024-11,5363.59,6454.490000000001,-1090.9,5,7,True
1769,2024-12,9810.35662,10599.81662,-789.46,9,11,True
1769,2025-01,8363.58,8363.58,0.0,7,7,True
1770,2024-02,771.44612,771.44612,0.0,1,1,True
1770,2024-03,872.7,872.7,0.0,2,2,True
1770,2024-04,0.0,0.0,0.0,0,0,False
1770,2024-05,0.0,0.0,0.0,0,0,False
1770,2024-06,1636.34,1636.34,0.0,2,2,True
1770,2024-07,1970.83223,1970.83223,0.0,2,2,True
1770,2024-08,1181.81,1181.81,0.0,1,1,True
1770,2024-09,3090.88,3090.88,0.0,3,3,True
1770,2024-10,3762.05,3762.05,0.0,4,4,True
1770,2024-11,1090.9,1090.9,0.0,1,1,True
1770,2024-12,1861.73,1861.73,0.0,2,2,True
1770,2025-01,909.73,909.73,0.0,1,1,True
1775,2024-02,6007.19,7734.44,-1727.25,8,12,True
1775,2024-03,2875.65779,3693.8277900000003,-818.17,3,5,True
1775,2024-04,4872.6764,6509.0164,-1636.34,5,9,True
1775,2024-05,1914.61217,3514.59217,-1599.98,2,6,True
1775,2024-06,8516.59,12243.61,-3727.02,9,19,True
1775,2024-07,3027.6481400000002,7599.458140000001,-4571.81,3,15,True
1775,2024-08,8427.210000000001,11336.27,-2909.06,8,14,True
1775,2024-09,17338.37949,23976.249490000002,-6637.87,15,33,True
1775,2024-10,5633.47498,16994.28498,-11360.81,5,29,True
1775,2024-11,14717.934210000001,16652.304210000002,-1934.37,14,18,True
1775,2024-12,7088.76645,11030.936450000001,-3942.17,6,14,True
1775,2025-01,7635.63249,8817.442490000001,-1181.81,7,9,True
1776,2024-02,0.0,581.81,-581.81,0,2,True
1776,2024-03,5075.41272,5729.95272,-654.54,5,7,True
1776,2024-04,3164.93881,3164.93881,0.0,4,4,True
1776,2024-05,-186.14902000000006,1632.01098,-1818.1599999999999,0,4,True
1776,2024-06,3545.41,3545.41,0.0,4,4,True
1776,2024-07,627.26,1718.16,-1090.9,2,4,True
1776,2024-08,5136.31,5709.030000000001,-572.72,7,9,True
1776,2024-09,1618.5300000000002,2618.52,-999.99,2,4,True
1776,2024-10,5469.07,7650.870000000001,-2181.8,6,10,True
1776,2024-11,1265.62,2356.52,-1090.9,2,4,True
1776,2024-12,4044.70959,4044.70959,0.0,4,4,True
1776,2025-01,2545.43818,3636.3381799999997,-1090.9,2,4,True
1777,2024-02,2381.90158,5581.86158,-3199.96,3,11,True
1777,2024-03,452.2700000000001,2470.42,-2018.15,0,6,True
1777,2024-04,13839.85114,17294.35114,-3454.5,16,24,True
1777,2024-05,-1220.5200000000002,1870.3600000000001,-3090.88,-1,5,True
1777,2024-06,5765.51,11567.710000000001,-5802.2,6,20,True
1777,2024-07,8431.76273,11470.78273,-3039.02,9,17,True
1777,2024-08,3500.4777299999996,7264.07773,-3763.6000000000004,3,11,True
1777,2024-09,10538.19,15099.86,-4561.67,10,20,True
1777,2024-10,4112.56,9084.26,-4971.7,4,14,True
1777,2024-11,10277.49559,12641.115590000001,-2363.62,12,16,True
1777,2024-12,9969.105169999999,12059.99517,-2090.8900000000003,9,13,True
1777,2025-01,4545.42182,6909.0418199999995,-2363.62,4,8,True
1779,2024-02,274.29,274.29,0.0,1,1,True
1779,2024-03,1818.16,1818.16,0.0,2,2,True
1779,2024-04,1727.25,1727.25,0.0,2,2,True
1779,2024-05,-999.99,0.0,-999.99,-1,1,True
1779,2024-06,812.14308,812.14308,0.0,1,1,True
1779,2024-07,181.82000000000005,1090.9,-909.08,0,2,True
1779,2024-08,-1145.44,1090.9,-2236.34,-2,4,True
1779,2024-09,6085.31482,7085.30482,-999.99,6,8,True
1779,2024-10,1811.51142,1811.51142,0.0,2,2,True
1779,2024-11,4282.1322,4282.1322,0.0,4,4,True
1779,2024-12,2356.1750700000002,2356.1750700000002,0.0,2,2,True
1779,2025-01,1156.66419,2338.47419,-1181.81,1,3,True
1780,2024-02,-909.08,0.0,-909.08,-1,1,True
1780,2024-03,4618.20282,5436.3728200000005,-818.17,5,7,True
1780,2024-04,4481.77,4481.77,0.0,5,5,True
1780,2024-05,4341.36083,5159.53083,-818.17,4,6,True
1780,2024-06,-1.1368683772161603e-13,1818.1599999999999,-1818.16,0,4,True
1780,2024-07,663.6300000000001,1663.6200000000001,-999.99,1,3,True
1780,2024-08,5198.03298,6379.842979999999,-1181.81,5,7,True
1780,2024-09,5999.95,7636.3,-1636.3500000000001,5,9,True
1780,2024-10,12324.26091,16046.05091,-3721.79,12,20,True
1780,2024-11,3449.1821,4249.1821,-800.0,3,5,True
1780,2024-12,138.17999999999984,3363.61,-3225.4300000000003,0,6,True
1780,2025-01,3835.36238,4653.53238,-818.17,3,5,True
1781,2024-02,0.0,0.0,0.0,0,0,False
1781,2024-03,818.17,818.17,0.0,1,1,True
1781,2024-04,827.22313,1645.39313,-818.17,1,3,True
1781,2024-05,818.17,818.17,0.0,1,1,True
1781,2024-06,1636.34,1636.34,0.0,2,2,True
1781,2024-07,0.0,0.0,0.0,0,0,False
1781,2024-08,1181.81,1181.81,0.0,1,1,True
1781,2024-09,1090.9,1090.9,0.0,1,1,True
1781,2024-10,847.96,847.96,0.0,1,1,True
1781,2024-11,414.81,414.81,0.0,1,1,True
1781,2024-12,4146.6729,4146.6729,0.0,4,4,True
1781,2025-01,1181.81,1181.81,0.0,1,1,True
1783,2024-02,759.08293,759.08293,0.0,1,1,True
1783,2024-03,818.17,818.17,0.0,1,1,True
1783,2024-04,1505.05824,2323.22824,-818.17,2,4,True
1783,2024-05,0.0,0.0,0.0,0,0,False
1783,2024-06,363.63,363.63,0.0,1,1,True
1783,2024-07,0.0,0.0,0.0,0,0,False
1783,2024-08,0.0,0.0,0.0,0,0,False
1783,2024-09,1073.06007,1073.06007,0.0,1,1,True
1783,2024-10,-590.9,0.0,-590.9,-1,1,True
1783,2024-11,-940.9,749.99,-1690.8899999999999,-1,3,True
1783,2024-12,0.0,1272.72,-1272.72,0,2,True
1783,2025-01,2299.73,2299.73,0.0,2,2,True
1784,2024-02,0.0,581.81,-581.81,0,2,True
1784,2024-03,0.0,0.0,0.0,0,0,False
1784,2024-04,1962.92089,2781.09089,-818.17,2,4,True
1784,2024-05,2545.4400000000005,3272.7000000000003,-727.26,2,4,True
1784,2024-06,1090.9,2181.8,-1090.9,1,3,True
1784,2024-07,636.35,636.35,0.0,1,1,True
1784,2024-08,1699.98,1699.98,0.0,2,2,True
1784,2024-09,3090.88,3090.88,0.0,3,3,True
1784,2024-10,-2115.8,804.87,-2920.67,-2,4,True
1784,2024-11,3891.94,3891.94,0.0,4,4,True
1784,2024-12,749.99,749.99,0.0,1,1,True
1784,2025-01,0.0,0.0,0.0,0,0,False
1785,2024-02,1090.9,1090.9,0.0,1,1,True
1785,2024-03,1428.5160500000002,1428.5160500000002,0.0,3,3,True
1785,2024-04,802.17,802.17,0.0,1,1,True
1785,2024-05,-90.91000000000008,999.99,-1090.9,0,2,True
1785,2024-06,818.17,818.17,0.0,1,1,True
1785,2024-07,1690.89,1690.89,0.0,3,2,True
1785,2024-08,0.0,0.0,0.0,0,0,False
1785,2024-09,3181.79,3181.79,0.0,3,3,True
1785,2024-10,123.88999999999999,1887.51,-1763.62,0,4,True
1785,2024-11,1836.34,2927.24,-1090.9,2,4,True
1785,2024-12,0.0,0.0,0.0,0,0,False
1785,2025-01,5999.96,7181.7699999999995,-1181.81,5,7,True
1787,2024-02,0.0,1090.9,-1090.9,0,2,True
1787,2024-03,0.0,0.0,0.0,0,0,False
1787,2024-04,0.0,0.0,0.0,0,0,False
1787,2024-05,0.0,0.0,0.0,0,0,False
1787,2024-06,181.82000000000005,1090.9,-909.08,0,2,True
1787,2024-07,1572.71,1572.71,0.0,2,2,True
1787,2024-08,999.99,999.99,0.0,1,1,True
1787,2024-09,0.0,0.0,0.0,0,0,False
1787,2024-10,-322.1311700000001,768.76883,-1090.9,0,2,True
1787,2024-11,0.0,1181.81,-1181.81,0,2,True
1787,2024-12,1090.9,1090.9,0.0,1,1,True
1787,2025-01,4714.02749,4714.02749,0.0,4,4,True
1788,2024-02,0.0,799.08,-799.08,0,2,True
1788,2024-03,1818.1599999999999,1818.1599999999999,0.0,2,2,True
1788,2024-04,2506.4101,2506.4101,0.0,3,3,True
1788,2024-05,999.99,1818.1599999999999,-818.17,1,3,True
1788,2024-06,2836.17933,2836.17933,0.0,3,3,True
1788,2024-07,1145.44,1145.44,0.0,2,2,True
1788,2024-08,3236.33,3236.33,0.0,4,4,True
1788,2024-09,5727.2300000000005,8727.2,-2999.9700000000003,5,11,True
1788,2024-10,3430.1800000000003,5523.35,-2093.17,3,9,True
1788,2024-11,4890.700000000001,4890.700000000001,0.0,5,5,True
1788,2024-12,2223.52463,2223.52463,0.0,2,2,True
1788,2025-01,1536.36,4636.33,-3099.9700000000003,1,7,True
1789,2024-02,5339.24292,6911.41292,-1572.17,7,11,True
1789,2024-03,6129.77168,8038.85168,-1909.08,8,14,True
1789,2024-04,2409.06,2409.06,0.0,3,3,True
1789,2024-05,192.72000000000003,2454.51,-2261.79,0,6,True
1789,2024-06,1955.48753,3682.7375300000003,-1727.25,2,6,True
1789,2024-07,-1818.16,0.0,-1818.16,-2,2,True
1789,2024-08,11736.25,11736.25,0.0,12,12,True
1789,2024-09,5420.3763,7329.4463,-1909.0700000000002,6,10,True
1789,2024-10,2920.43,4598.28,-1677.8500000000001,3,7,True
1789,2024-11,5938.07559,6544.125590000001,-606.05,7,9,True
1789,2024-12,9866.84,9866.84,0.0,12,12,True
1789,2025-01,6500.9400000000005,8432.74,-1931.8,7,13,True
1790,2024-02,868.74325,1868.73325,-999.99,1,3,True
1790,2024-03,787.67505,787.67505,0.0,1,1,True
1790,2024-04,1742.0100000000002,2870.2000000000003,-1128.19,2,6,True
1790,2024-05,1135.13339,1135.13339,0.0,2,2,True
1790,2024-06,1475.34,1475.34,0.0,3,3,True
1790,2024-07,-539.0,890.8900000000001,-1429.89,0,4,True
1790,2024-08,1854.5300000000002,1854.5300000000002,0.0,2,2,True
1790,2024-09,1045.48806,1045.48806,0.0,1,1,True
1790,2024-10,4443.56,4443.56,0.0,4,4,True
1790,2024-11,3977.2300000000005,4977.22,-999.99,4,6,True
1790,2024-12,3454.52,3454.52,0.0,3,3,True
1790,2025-01,844.2299499999999,1935.12995,-1090.9,1,3,True
1791,2024-02,1727.25,1727.25,0.0,2,2,True
1791,2024-03,1090.9,1090.9,0.0,1,1,True
1791,2024-04,0.0,0.0,0.0,0,0,False
1791,2024-05,1630.57997,1630.57997,0.0,2,2,True
1791,2024-06,5130.3956,6766.7356,-1636.34,5,9,True
1791,2024-07,6365.60411,8732.42411,-2366.8199999999997,8,14,True
1791,2024-08,4332.33992,4332.33992,0.0,5,5,True
1791,2024-09,1402.15991,1402.15991,0.0,2,2,True
1791,2024-10,2427.25,2999.9700000000003,-572.72,2,4,True
1791,2024-11,1238.95,2868.15,-1629.2,1,5,True
1791,2024-12,1198.16512,1198.16512,0.0,1,1,True
1791,2025-01,4727.24,4727.24,0.0,4,4,True
1792,2024-02,0.0,0.0,0.0,0,0,False
1792,2024-03,909.08,909.08,0.0,1,1,True
1792,2024-04,916.19157,916.19157,0.0,2,2,True
1792,2024-05,1727.25,1727.25,0.0,2,2,True
1792,2024-06,871.76,1571.75,-699.99,1,3,True
1792,2024-07,936.35,936.35,0.0,2,2,True
1792,2024-08,0.0,0.0,0.0,0,0,False
1792,2024-09,1672.71,2454.52,-781.81,2,4,True
1792,2024-10,1136.35,1136.35,0.0,2,2,True
1792,2024-11,2134.98,2134.98,0.0,2,2,True
1792,2024-12,0.0,0.0,0.0,0,0,False
1792,2025-01,1181.81,1181.81,0.0,1,1,True
1801,2024-02,4328.9743100000005,8419.83431,-4090.86,5,15,True
1801,2024-03,6548.9899700000005,8112.60997,-1563.62,7,11,True
1801,2024-04,6447.06799,6447.06799,0.0,7,7,True
1801,2024-05,354.5500000000002,3536.32,-3181.77,0,8,True
1801,2024-06,2944.36,3853.4400000000005,-909.08,3,5,True
1801,2024-07,5175.62473,6302.884730000001,-1127.26,5,9,True
1801,2024-08,11029.29406,11029.29406,0.0,11,11,True
1801,2024-09,13102.15407,15283.95407,-2181.8,12,16,True
1801,2024-10,14132.56287,15805.27287,-1672.71,13,17,True
1801,2024-11,3763.6727600000004,7061.102760000001,-3297.4300000000003,4,10,True
1801,2024-12,8999.40904,10181.21904,-1181.81,8,10,True
1801,2025-01,4202.53315,7667.95315,-3465.42,3,11,True
1802,2024-02,3826.03746,4426.02746,-599.99,4,6,True
1802,2024-03,-153.4599800000001,3210.13002,-3363.59,0,8,True
1802,2024-04,2000.97518,3728.22518,-1727.25,3,7,True
1802,2024-05,2227.2400000000002,2227.2400000000002,0.0,3,3,True
1802,2024-06,2907.93779,5544.26779,-2636.33,4,10,True
1802,2024-07,5915.1,7490.83,-1575.73,6,10,True
1802,2024-08,2909.07,4272.6900000000005,-1363.62,2,6,True
1802,2024-09,1422.11749,7003.877490000001,-5581.76,0,12,True
1802,2024-10,4678.63921,7678.6092100000005,-2999.97,5,11,True
1802,2024-11,5975.26,8056.120000000001,-2080.86,6,10,True
1802,2024-12,1807.9949499999998,4398.87495,-2590.88,1,7,True
1802,2025-01,6378.042579999999,7623.47258,-1245.4299999999998,5,9,True
1803,2024-02,3935.30425,9026.14425,-5090.84,5,17,True
1803,2024-03,1545.4500000000003,4090.8700000000003,-2545.42,1,7,True
1803,2024-04,6387.44704,9596.49704,-3209.05,7,15,True
1803,2024-05,2909.06,2909.06,0.0,3,3,True
1803,2024-06,7520.96951,11948.18951,-4427.22,9,19,True
1803,2024-07,992.5600000000002,5273.65,-4281.09,2,12,True
1803,2024-08,17097.99998,19861.59998,-2763.6,19,27,True
1803,2024-09,26034.44975,27825.33975,-1790.89,24,28,True
1803,2024-10,22957.61909,26321.22909,-3363.61,23,29,True
1803,2024-11,12677.20418,21280.854180000002,-8603.65,10,30,True
1803,2024-12,8813.93,12632.09,-3818.16,8,14,True
1803,2025-01,6198.42303,9675.67303,-3477.25,5,11,True
1804,2024-02,1436.3500000000001,2818.15,-1381.8,1,5,True
1804,2024-03,818.17,1636.34,-818.17,1,3,True
1804,2024-04,8262.473750000001,8262.473750000001,0.0,9,9,True
1804,2024-05,3468.00983,3468.00983,0.0,4,4,True
1804,2024-06,2966.21555,3784.38555,-818.17,3,5,True
1804,2024-07,2290.87,2863.59,-572.72,3,5,True
1804,2024-08,5558.405820000001,7140.205820000001,-1581.8,5,9,True
1804,2024-09,5636.320000000001,6545.400000000001,-909.08,5,7,True
1804,2024-10,260.11,3636.65,-3376.54,0,8,True
1804,2024-11,4050.0424900000003,4050.0424900000003,0.0,4,4,True
1804,2024-12,2195.44,7318.120000000001,-5122.68,2,12,True
1804,2025-01,3884.33,3884.33,0.0,4,4,True
1806,2024-02,6952.150000000001,9752.61,-2800.46,7,15,True
1806,2024-03,12710.99682,16723.05682,-4012.06,14,24,True
1806,2024-04,10624.18533,16211.66533,-5587.48,12,26,True
1806,2024-05,6109.03,8908.98,-2799.95,6,14,True
1806,2024-06,18485.78741,27160.28741,-8674.5,19,39,True
1806,2024-07,6036.580000000001,14207.380000000001,-8170.8,4,24,True
1806,2024-08,-737.3499999999997,11418.07,-12155.42,-2,26,True
1806,2024-09,38066.92419,49303.16419,-11236.24,34,58,True
1806,2024-10,16670.010000000002,23688.13,-7018.12,14,28,True
1806,2024-11,16721.05,20806.760000000002,-4085.71,16,24,True
1806,2024-12,4474.730560000001,14553.51056,-10078.78,4,24,True
1806,2025-01,18455.40442,24682.62442,-6227.219999999999,15,27,True
1807,2024-02,8581.720000000001,10999.87,-2418.15,9,15,True
1807,2024-03,11692.49907,12990.65907,-1298.1599999999999,13,17,True
1807,2024-04,7652.525180000001,10288.85518,-2636.33,9,15,True
1807,2024-05,3548.0,7181.7300000000005,-3633.73,4,12,True
1807,2024-06,2272.4199999999996,12924.58,-10652.16,2,26,True
1807,2024-07,3897.9500000000003,6327.21,-2429.26,4,10,True
1807,2024-08,20617.98,23799.77,-3181.79,22,28,True
1807,2024-09,16880.05,20862.83,-3982.7799999999997,14,24,True
1807,2024-10,4136.2989,10469.6289,-6333.33,3,17,True
1807,2024-11,8956.61,13156.57,-4199.96,9,17,True
1807,2024-12,7390.86,11181.73,-3790.87,6,14,True
1807,2025-01,7955.81005,13528.50005,-5572.6900000000005,7,17,True
1810,2024-02,4902.21,4902.21,0.0,6,6,True
1810,2024-03,6964.67945,8473.74945,-1509.07,8,12,True
1810,2024-04,12111.68,14838.92,-2727.2400000000002,13,19,True
1810,2024-05,4352.43091,4897.88091,-545.45,5,7,True
1810,2024-06,12633.949999999999,17252.079999999998,-4618.13,13,23,True
1810,2024-07,336.3700000000001,3790.87,-3454.5,0,8,True
1810,2024-08,6699.9400000000005,8972.64,-2272.7000000000003,6,12,True
1810,2024-09,13439.43331,16803.04331,-3363.61,13,19,True
1810,2024-10,6396.11,7487.01,-1090.9,6,8,True
1810,2024-11,3846.5299999999997,8848.1,-5001.57,4,14,True
1810,2024-12,4595.3921,9231.7221,-4636.33,5,13,True
1810,2025-01,3340.8799999999997,4431.78,-1090.9,3,5,True
1811,2024-02,6807.13673,7625.30673,-818.17,8,10,True
1811,2024-03,4948.57054,6948.55054,-1999.98,6,10,True
1811,2024-04,9091.75278,10600.82278,-1509.07,10,14,True
1811,2024-05,3687.7413,6433.1713,-2745.4300000000003,4,10,True
1811,2024-06,13963.281350000001,16187.64135,-2224.36,14,20,True
1811,2024-07,2027.2400000000002,5390.84,-3363.6000000000004,4,12,True
1811,2024-08,7027.200000000001,7727.1900000000005,-699.99,7,9,True
1811,2024-09,15239.23973,19420.99973,-4181.76,13,23,True
1811,2024-10,18283.850290000002,21255.69029,-2971.84,18,24,True
1811,2024-11,11544.789420000001,12817.50942,-1272.72,11,13,True
1811,2024-12,6970.45915,12158.09915,-5187.64,6,16,True
1811,2025-01,11201.283609999999,14573.98361,-3372.7,10,16,True
1812,2024-02,4029.03996,4029.03996,0.0,5,5,True
1812,2024-03,3999.96273,7272.64273,-3272.68,4,12,True
1812,2024-04,2999.9700000000003,3727.23,-727.26,3,5,True
1812,2024-05,4013.67,4013.67,0.0,5,5,True
1812,2024-06,4529.76727,6438.83727,-1909.0700000000002,6,10,True
1812,2024-07,3579.05,5360.85,-1781.8,4,8,True
1812,2024-08,3890.96,4981.860000000001,-1090.9,4,6,True
1812,2024-09,2495.42,9040.82,-6545.4,3,15,True
1812,2024-10,1909.07091,3999.9609100000002,-2090.89,2,6,True
1812,2024-11,2187.71,5187.68,-2999.9700000000003,2,8,True
1812,2024-12,1386.3600000000001,4022.6899999999996,-2636.33,1,7,True
1812,2025-01,8185.19673,8185.19673,0.0,7,7,True
1813,2024-02,-1636.34,909.08,-2545.42,-2,4,True
1813,2024-03,3314.43098,5587.12098,-2272.69,4,10,True
1813,2024-04,4459.27273,6090.83273,-1631.56,5,9,True
1813,2024-05,3090.88,4818.13,-1727.25,3,7,True
1813,2024-06,10463.34965,15265.09965,-4801.75,10,22,True
1813,2024-07,2390.88,4209.04,-1818.16,3,7,True
1813,2024-08,11118.81978,11118.81978,0.0,11,11,True
1813,2024-09,22453.119000000002,24998.539,-2545.42,22,28,True
1813,2024-10,10504.94,19732.12,-9227.18,11,29,True
1813,2024-11,7866.530000000001,11866.5,-3999.9700000000003,8,16,True
1813,2024-12,3028.33455,5755.58455,-2727.25,3,9,True
1813,2025-01,7754.89206,12004.86206,-4249.97,7,15,True
1814,2024-02,1808.1894800000005,7252.89948,-5444.71,1,15,True
1814,2024-03,6413.38273,9049.71273,-2636.33,7,13,True
1814,2024-04,-1083.68226,5007.14774,-6090.83,-1,13,True
1814,2024-05,5762.85,8217.36,-2454.5099999999998,6,12,True
1814,2024-06,16108.46852,17108.45852,-999.99,18,20,True
1814,2024-07,6029.105680000001,12429.42568,-6400.32,5,23,True
1814,2024-08,5736.33,13399.880000000001,-7663.55,4,22,True
1814,2024-09,15522.24377,19522.20377,-3999.96,14,22,True
1814,2024-10,12094.78,17842.22,-5747.4400000000005,10,24,True
1814,2024-11,1510.6600000000003,8711.93,-7201.27,2,16,True
1814,2024-12,4396.79,7317.71,-2920.92,4,10,True
1814,2025-01,8067.599999999999,12949.369999999999,-4881.77,6,16,True
1817,2024-02,1090.9,1909.0700000000002,-818.17,1,3,True
1817,2024-03,2693.57333,3511.7433300000002,-818.17,3,5,True
1817,2024-04,6197.39375,6197.39375,0.0,7,7,True
1817,2024-05,962.0952900000001,1871.1752900000001,-909.08,1,3,True
1817,2024-06,4496.99,6187.88,-1690.8899999999999,5,9,True
1817,2024-07,-715.7500000000001,1699.98,-2415.7300000000005,-1,5,True
1817,2024-08,2181.8,4363.6,-2181.8,2,6,True
1817,2024-09,6454.490000000001,8545.380000000001,-2090.8900000000003,6,10,True
1817,2024-10,7476.65172,8424.00172,-947.35,7,9,True
1817,2024-11,3288.7900000000004,6078.120000000001,-2789.33,3,9,True
1817,2024-12,3477.25,4113.6,-636.35,3,5,True
1817,2025-01,2363.62,2363.62,0.0,2,2,True
1818,2024-02,2509.0600000000004,4596.3,-2087.24,3,9,True
1818,2024-03,3545.41,3545.41,0.0,7,7,True
1818,2024-04,5569.23,6260.4,-691.1700000000001,9,13,True
1818,2024-05,636.3499999999999,3363.59,-2727.24,1,7,True
1818,2024-06,4249.648609999999,9278.58861,-5028.9400000000005,5,19,True
1818,2024-07,612.2800000000001,7363.54,-6751.26,1,17,True
1818,2024-08,8219.72,10124.65,-1904.9300000000003,12,18,True
1818,2024-09,4690.87,5690.860000000001,-999.99,5,7,True
1818,2024-10,7584.6,10281.89,-2697.29,9,15,True
1818,2024-11,6557.84,6557.84,0.0,8,8,True
1818,2024-12,4541.89326,9075.473259999999,-4533.58,4,14,True
1818,2025-01,5681.78,7236.299999999999,-1554.52,5,9,True
1820,2024-02,6652.693160000001,7234.50316,-581.81,7,9,True
1820,2024-03,709.99,709.99,0.0,1,1,True
1820,2024-04,1864.34695,3337.05695,-1472.71,2,6,True
1820,2024-05,718.1699999999998,2390.88,-1672.71,1,5,True
1820,2024-06,4181.439469999999,7426.84947,-3245.41,5,13,True
1820,2024-07,8423.26979,8423.26979,0.0,11,11,True
1820,2024-08,7316.31984,9316.29984,-1999.98,8,12,True
1820,2024-09,13692.13952,16055.75952,-2363.62,13,17,True
1820,2024-10,8233.89495,10324.78495,-2090.8900000000003,9,13,True
1820,2024-11,10169.42818,12363.768180000001,-2194.34,10,14,True
1820,2024-12,2534.05955,6170.39955,-3636.34,3,9,True
1820,2025-01,15775.57711,15775.57711,0.0,14,14,True
1822,2024-02,4946.82563,7274.06563,-2327.24,5,11,True
1822,2024-03,9144.50144,12362.64144,-3218.14,10,18,True
1822,2024-04,6800.82182,8437.16182,-1636.34,8,12,True
1822,2024-05,1479.8871900000004,5116.20719,-3636.3199999999997,2,10,True
1822,2024-06,10538.12182,12913.51182,-2375.39,11,17,True
1822,2024-07,201.47305999999992,3748.66306,-3547.19,1,9,True
1822,2024-08,7842.66,11660.800000000001,-3818.14,8,16,True
1822,2024-09,4690.870000000001,7909.030000000001,-3218.16,4,10,True
1822,2024-10,11625.018250000001,15970.80825,-4345.79,11,21,True
1822,2024-11,5888.17,8605.34,-2717.17,6,12,True
1822,2024-12,8159.03,9159.02,-999.99,7,9,True
1822,2025-01,7045.41,10499.93,-3454.52,6,12,True
1823,2024-02,3707.23182,4616.31182,-909.08,4,6,True
1823,2024-03,8358.81564,9949.70564,-1590.8899999999999,9,13,True
1823,2024-04,3737.34311,7319.12311,-3581.78,5,13,True
1823,2024-05,1818.16091,6181.7409099999995,-4363.58,2,12,True
1823,2024-06,10472.43411,12108.77411,-1636.3400000000001,11,15,True
1823,2024-07,5336.31,8236.28,-2899.9700000000003,5,13,True
1823,2024-08,5821.49,7730.56,-1909.0700000000002,6,10,True
1823,2024-09,14813.10987,20123.15987,-5310.05,12,24,True
1823,2024-10,11739.62219,15907.07219,-4167.45,11,21,True
1823,2024-11,8922.2,13808.51,-4886.31,9,19,True
1823,2024-12,6583.1527399999995,12794.382740000001,-6211.2300000000005,5,17,True
1823,2025-01,6925.9583299999995,11107.73833,-4181.78,6,14,True
1824,2024-02,1958.87221,1958.87221,0.0,2,2,True
1824,2024-03,3090.88,3090.88,0.0,3,3,True
1824,2024-04,3727.23,4818.13,-1090.9,4,6,True
1824,2024-05,3949.28874,4477.05874,-527.77,4,6,True
1824,2024-06,4640.5008100000005,4640.5008100000005,0.0,5,5,True
1824,2024-07,3454.51,4363.59,-909.08,4,6,True
1824,2024-08,5181.77,5181.77,0.0,5,5,True
1824,2024-09,4705.10641,5796.00641,-1090.9,4,6,True
1824,2024-10,6477.12028,8372.51028,-1895.39,6,10,True
1824,2024-11,4678.86625,5504.85618,-825.98993,5,7,True
1824,2024-12,-1714.52,966.32,-2680.84,-2,4,True
1824,2025-01,9783.119999999999,9783.119999999999,0.0,9,9,True
1825,2024-02,3559.04,4363.58,-804.54,4,6,True
1825,2024-03,8235.28664,13198.84664,-4963.5599999999995,9,23,True
1825,2024-04,127.27364000000011,3454.50364,-3327.23,0,8,True
1825,2024-05,5123.4484,6668.8784,-1545.4299999999998,6,10,True
1825,2024-06,2754.90931,8573.02931,-5818.120000000001,4,16,True
1825,2024-07,7312.97687,7312.97687,0.0,9,9,True
1825,2024-08,7644.9466,9399.4766,-1754.53,9,13,True
1825,2024-09,17999.84,21517.99,-3518.15,17,25,True
1825,2024-10,11189.45597,19898.47597,-8709.02,11,27,True
1825,2024-11,11098.80512,15035.88512,-3937.08,11,19,True
1825,2024-12,6615.893,12556.753,-5940.86,6,18,True
1825,2025-01,10857.89678,15539.68678,-4681.79,10,18,True
1826,2024-02,4097.90826,6851.50826,-2753.6,4,12,True
1826,2024-03,4820.36207,5638.53207,-818.17,6,8,True
1826,2024-04,1727.39988,4915.44988,-3188.05,2,10,True
1826,2024-05,3480.57214,3480.57214,0.0,4,4,True
1826,2024-06,8990.255,13353.835,-4363.58,9,21,True
1826,2024-07,663.6300000000001,1663.6200000000001,-999.99,1,3,True
1826,2024-08,8880.45006,13853.13006,-4972.68,11,21,True
1826,2024-09,18354.38626,20536.186260000002,-2181.8,18,22,True
1826,2024-10,1535.57582,8775.05582,-7239.48,2,18,True
1826,2024-11,5714.910000000001,9660.33,-3945.42,6,14,True
1826,2024-12,9768.08818,10195.34818,-427.26,10,12,True
1826,2025-01,13017.61633,16457.13633,-3439.52,13,19,True
1828,2024-02,6081.10979,7535.62979,-1454.52,6,10,True
1828,2024-03,6545.38,8272.630000000001,-1727.25,7,11,True
1828,2024-04,3380.77528,8017.08528,-4636.31,5,15,True
1828,2024-05,6310.84,8317.54,-2006.6999999999998,6,12,True
1828,2024-06,14354.433990000001,17788.52399,-3434.09,15,23,True
1828,2024-07,8002.1,10483.89,-2481.79,9,15,True
1828,2024-08,6061.57182,10336.27182,-4274.7,5,15,True
1828,2024-09,19868.25182,29413.62182,-9545.37,19,37,True
1828,2024-10,25406.25102,28625.47102,-3219.2200000000003,24,30,True
1828,2024-11,14204.890000000001,18019.24,-3814.3500000000004,13,21,True
1828,2024-12,6784.23424,9056.94424,-2272.71,6,10,True
1828,2025-01,9465.75,14136.72,-4670.969999999999,8,16,True
1829,2024-02,2399.9700000000003,2399.9700000000003,0.0,3,3,True
1829,2024-03,0.0,909.08,-909.08,0,2,True
1829,2024-04,1690.8899999999999,2509.06,-818.17,2,4,True
1829,2024-05,3090.88,3909.05,-818.17,3,5,True
1829,2024-06,4690.82474,8250.11474,-3559.29,5,13,True
1829,2024-07,3943.59,4999.93,-1056.34,4,8,True
1829,2024-08,763.63,763.63,0.0,1,1,True
1829,2024-09,7236.31,8636.29,-1399.98,6,10,True
1829,2024-10,11050.91,11467.57,-416.66,10,12,True
1829,2024-11,-1727.25,1090.9,-2818.15,-2,4,True
1829,2024-12,3454.52,4545.42,-1090.9,3,5,True
1829,2025-01,3421.4700000000003,4694.1900000000005,-1272.72,3,5,True
1831,2024-02,818.17,818.17,0.0,1,1,True
1831,2024-03,1636.34,1636.34,0.0,2,2,True
1831,2024-04,2818.15,2818.15,0.0,3,3,True
1831,2024-05,1355.21,3636.32,-2281.11,1,7,True
1831,2024-06,1681.6,2609.06,-927.46,2,4,True
1831,2024-07,1816.15,4154.5,-2338.35,2,8,True
1831,2024-08,999.99,999.99,0.0,1,1,True
1831,2024-09,11706.35776,12615.43776,-909.08,11,13,True
1831,2024-10,4108.610000000001,11149.73,-7041.12,3,17,True
1831,2024-11,5323.59,7505.39,-2181.8,5,9,True
1831,2024-12,1181.81,2454.5299999999997,-1272.72,1,3,True
1831,2025-01,1069.81,3433.43,-2363.62,1,5,True
1832,2024-02,885.08,2521.42,-1636.34,1,5,True
1832,2024-03,-818.17,909.08,-1727.25,-1,3,True
1832,2024-04,3966.90273,4636.31273,-669.41,4,6,True
1832,2024-05,0.0,818.17,-818.17,0,2,True
1832,2024-06,4727.22,5545.39,-818.17,5,7,True
1832,2024-07,209.08000000000004,1209.0700000000002,-999.99,1,3,True
1832,2024-08,2255.35666,3346.25666,-1090.9,3,5,True
1832,2024-09,4011.31,4011.31,0.0,4,4,True
1832,2024-10,5505.52444,5505.52444,0.0,6,6,True
1832,2024-11,4530.41,6234.9400000000005,-1704.53,4,8,True
1832,2024-12,311.49084,1766.01084,-1454.52,1,5,True
1832,2025-01,3545.43,3545.43,0.0,3,3,True
1833,2024-02,2820.56,2820.56,0.0,3,3,True
1833,2024-03,2545.42,2545.42,0.0,3,3,True
1833,2024-04,2951.61805,2951.61805,0.0,3,3,True
1833,2024-05,-381.82000000000005,618.17,-999.99,0,2,True
1833,2024-06,1581.8489599999998,2581.83896,-999.99,2,4,True
1833,2024-07,2818.1600000000003,4181.780000000001,-1363.62,2,6,True
1833,2024-08,1636.34,2818.1499999999996,-1181.81,2,4,True
1833,2024-09,3790.88,7363.570000000001,-3572.69,3,11,True
1833,2024-10,4413.84,7791.93,-3378.09,4,12,True
1833,2024-11,1849.98,2940.88,-1090.9,2,4,True
1833,2024-12,2490.8999999999996,3318.16,-827.26,2,4,True
1833,2025-01,-2454.5299999999997,0.0,-2454.5299999999997,-2,2,True
1834,2024-02,1674.1599999999999,2674.15,-999.99,2,4,True
1834,2024-03,909.08,1727.25,-818.17,1,3,True
1834,2024-04,3064.7900000000004,3973.8700000000003,-909.08,3,5,True
1834,2024-05,3090.88,3090.88,0.0,3,3,True
1834,2024-06,2342.4799999999996,5615.18,-3272.7000000000003,3,9,True
1834,2024-07,1418.1800000000003,2754.5200000000004,-1336.3400000000001,1,5,True
1834,2024-08,5127.2300000000005,5945.400000000001,-818.17,5,7,True
1834,2024-09,11908.99,14999.87,-3090.88,11,17,True
1834,2024-10,11313.94,14404.82,-3090.88,11,17,True
1834,2024-11,7103.17729,11947.95729,-4844.780000000001,7,17,True
1834,2024-12,-914.0,0.0,-914.0,-1,1,True
1834,2025-01,0.0,0.0,0.0,0,0,False
1835,2024-02,1821.44303,2603.25303,-781.81,2,4,True
1835,2024-03,5531.6476999999995,6440.7277,-909.08,6,8,True
1835,2024-04,3599.96,4690.860000000001,-1090.9,4,6,True
1835,2024-05,1272.72,3818.14,-2545.42,1,7,True
1835,2024-06,5248.470240000001,6248.46024,-999.99,6,8,True
1835,2024-07,4341.0326700000005,4977.38267,-636.35,6,8,True
1835,2024-08,8369.68494,9369.67494,-999.99,8,10,True
1835,2024-09,11215.40046,15251.73046,-4036.33,10,18,True
1835,2024-10,4117.0795100000005,6935.22951,-2818.15,4,10,True
1835,2024-11,8696.378410000001,8696.378410000001,0.0,9,9,True
1835,2024-12,2020.03421,4474.5642100000005,-2454.53,2,6,True
1835,2025-01,2716.44081,3625.52081,-909.08,2,4,True
1836,2024-02,781.81,781.81,0.0,1,1,True
1836,2024-03,0.0018199999998387284,2818.15182,-2818.15,0,6,True
1836,2024-04,1990.74918,4445.25918,-2454.51,2,8,True
1836,2024-05,818.17,818.17,0.0,1,1,True
1836,2024-06,3361.39182,4361.38182,-999.99,4,6,True
1836,2024-07,1272.7200000000003,4909.040000000001,-3636.32,1,9,True
1836,2024-08,999.9899999999999,2999.9700000000003,-1999.9800000000002,0,6,True
1836,2024-09,5649.35948,6467.52948,-818.17,6,8,True
1836,2024-10,9227.43499,9227.43499,0.0,9,9,True
1836,2024-11,4184.07423,6831.10423,-2647.03,5,11,True
1836,2024-12,7167.87003,8349.68003,-1181.81,7,9,True
1836,2025-01,3727.25,4727.24,-999.99,3,5,True
1837,2024-02,5341.76,8254.45,-2912.6899999999996,6,13,True
1837,2024-03,7143.3287900000005,7797.86879,-654.54,8,10,True
1837,2024-04,1899.47091,3245.41091,-1345.94,2,6,True
1837,2024-05,5291.07745,7018.32745,-1727.25,6,10,True
1837,2024-06,4846.450000000001,11264.560000000001,-6418.110000000001,5,19,True
1837,2024-07,3456.31545,7427.18545,-3970.87,4,14,True
1837,2024-08,6636.300000000001,8236.28,-1599.98,7,11,True
1837,2024-09,8127.200000000001,9218.1,-1090.9,8,10,True
1837,2024-10,11373.20364,16282.24364,-4909.04,10,20,True
1837,2024-11,2225.5480399999997,9530.11804,-7304.57,2,16,True
1837,2024-12,2511.5599999999995,9954.47,-7442.91,2,16,True
1837,2025-01,8459.61686,15186.84686,-6727.23,7,19,True
1838,2024-02,6661.750910000001,8170.82091,-1509.07,7,11,True
1838,2024-03,3863.58,5409.01,-1545.43,5,9,True
1838,2024-04,5218.13,7545.37,-2327.24,5,11,True
1838,2024-05,2929.8666700000003,4584.39667,-1654.53,3,7,True
1838,2024-06,6808.75964,9622.74964,-2813.99,7,13,True
1838,2024-07,6834.3,7470.650000000001,-636.35,8,10,True
1838,2024-08,11090.33828,11663.058280000001,-572.72,11,13,True
1838,2024-09,21532.21971,23895.83971,-2363.62,20,24,True
1838,2024-10,14171.52102,21637.371020000002,-7465.85,14,28,True
1838,2024-11,8752.62988,13743.489880000001,-4990.86,8,18,True
1838,2024-12,8099.96,10327.2,-2227.24,6,12,True
1838,2025-01,12500.94767,14773.65767,-2272.71,11,15,True
1839,2024-02,6751.09,7660.17,-909.08,8,10,True
1839,2024-03,5815.7406,6961.1706,-1145.43,6,10,True
1839,2024-04,4194.61449,4894.60449,-699.99,5,7,True
1839,2024-05,8899.91817,8899.91817,0.0,10,10,True
1839,2024-06,8509.65,11082.970000000001,-2573.32,9,15,True
1839,2024-07,4996.87661,6569.58661,-1572.71,5,9,True
1839,2024-08,4844.48455,6844.464550000001,-1999.98,5,9,True
1839,2024-09,3056.79,4965.860000000001,-1909.0700000000002,3,7,True
1839,2024-10,11793.02995,13611.18995,-1818.1599999999999,11,15,True
1839,2024-11,9627.19,11899.900000000001,-2272.71,9,13,True
1839,2024-12,3066.3664500000004,4157.26645,-1090.9,3,5,True
1839,2025-01,4439.42,4439.42,0.0,4,4,True
1840,2024-02,429.09000000000003,1999.98,-1570.89,0,4,True
1840,2024-03,1022.63489,4835.50489,-3812.87,1,11,True
1840,2024-04,6272.65,7090.82,-818.17,7,9,True
1840,2024-05,3727.23,3727.23,0.0,4,4,True
1840,2024-06,6345.66,8527.460000000001,-2181.8,7,11,True
1840,2024-07,9305.21984,10396.11984,-1090.9,11,13,True
1840,2024-08,5345.400000000001,8172.64,-2827.2400000000002,7,13,True
1840,2024-09,5481.77,12608.98,-7127.21,5,19,True
1840,2024-10,6268.83,12956.45,-6687.620000000001,7,21,True
1840,2024-11,866.8599999999998,2779.97,-1913.1100000000001,1,5,True
1840,2024-12,5715.05931,7387.09931,-1672.04,5,9,True
1840,2025-01,2647.2599999999998,6727.219999999999,-4079.96,2,10,True
1842,2024-02,3092.68273,4874.48273,-1781.8,4,8,True
1842,2024-03,5810.79842,5810.79842,0.0,7,7,True
1842,2024-04,3636.32,7272.64,-3636.32,4,12,True
1842,2024-05,2999.9700000000003,3818.1400000000003,-818.17,3,5,True
1842,2024-06,7344.7805,9162.9405,-1818.16,8,12,True
1842,2024-07,3327.2400000000002,4418.14,-1090.9,4,6,True
1842,2024-08,3272.7000000000003,4363.6,-1090.9,3,5,True
1842,2024-09,7751.9400000000005,8479.2,-727.26,7,9,True
1842,2024-10,4757.70861,9854.24861,-5096.54,5,15,True
1842,2024-11,7607.66,8562.2,-954.54,7,9,True
1842,2024-12,11696.42,11696.42,0.0,10,10,True
1842,2025-01,7272.68,7272.68,0.0,6,6,True
1843,2024-02,-718.3999999999999,1699.75,-2418.1499999999996,-1,5,True
1843,2024-03,1727.25,1727.25,0.0,2,2,True
1843,2024-04,4039.96,6476.29,-2436.33,4,10,True
1843,2024-05,-909.08,1636.34,-2545.42,-1,5,True
1843,2024-06,1739.47182,5613.56182,-3874.09,3,11,True
1843,2024-07,5810.3,8719.36,-2909.0600000000004,7,13,True
1843,2024-08,958.04,2881.79,-1923.75,0,6,True
1843,2024-09,4272.6900000000005,6636.31,-2363.62,4,8,True
1843,2024-10,7563.85984,10836.55984,-3272.7,8,14,True
1843,2024-11,4176.82147,7250.74147,-3073.92,5,11,True
1843,2024-12,8003.878650000001,9094.77865,-1090.9,7,9,True
1843,2025-01,6813.59,6813.59,0.0,6,6,True
1844,2024-02,-2359.96,2898.1400000000003,-5258.1,-4,12,True
1844,2024-03,4227.3,6645.45,-2418.1499999999996,5,11,True
1844,2024-04,2318.2645500000003,6409.11455,-4090.85,2,12,True
1844,2024-05,0.0,0.0,0.0,0,0,False
1844,2024-06,11708.41271,22071.94271,-10363.53,13,35,True
1844,2024-07,9999.890000000001,13872.57,-3872.6800000000003,11,21,True
1844,2024-08,7895.82979,12804.86979,-4909.04,9,19,True
1844,2024-09,13283.77729,16374.657290000001,-3090.88,13,19,True
1844,2024-10,4405.81,11590.8,-7184.99,4,18,True
1844,2024-11,7797.30219,11823.912190000001,-4026.61,8,16,True
1844,2024-12,10310.35348,13492.14348,-3181.79,9,15,True
1844,2025-01,9471.44227,10653.252269999999,-1181.81,8,10,True
1845,2024-02,5301.47546,5301.47546,0.0,7,7,True
1845,2024-03,6445.77161,6445.77161,0.0,7,7,True
1845,2024-04,8118.45279,9754.79279,-1636.34,9,13,True
1845,2024-05,10978.96455,12706.21455,-1727.25,12,16,True
1845,2024-06,11340.56697,16705.95697,-5365.39,12,24,True
1845,2024-07,7098.96182,9189.85182,-2090.89,7,13,True
1845,2024-08,20618.19171,20618.19171,0.0,20,20,True
1845,2024-09,32551.53674,40187.83674,-7636.3,30,44,True
1845,2024-10,17385.61148,25733.47148,-8347.86,18,34,True
1845,2024-11,12603.32341,14705.12341,-2101.8,12,16,True
1845,2024-12,7970.58,11916.9,-3946.32,7,15,True
1845,2025-01,13015.64798,15705.22798,-2689.58,11,17,True
1847,2024-02,0.0,0.0,0.0,0,0,False
1847,2024-03,1818.16,2636.33,-818.17,2,4,True
1847,2024-04,7170.9299900000005,7170.9299900000005,0.0,8,8,True
1847,2024-05,-1472.71,1090.9,-2563.61,-2,4,True
1847,2024-06,5715.68,6415.67,-699.99,6,8,True
1847,2024-07,4875.6900000000005,7866.56,-2990.87,5,13,True
1847,2024-08,3875.19336,5447.90336,-1572.71,5,9,True
1847,2024-09,9809.01,11690.810000000001,-1881.8,9,13,True
1847,2024-10,7908.31,7908.31,0.0,8,8,True
1847,2024-11,5929.03,5929.03,0.0,6,6,True
1847,2024-12,4784.59,4784.59,0.0,5,5,True
1847,2025-01,8142.122789999999,8142.122789999999,0.0,7,7,True
1848,2024-02,181.82272999999998,2909.06273,-2727.2400000000002,0,6,True
1848,2024-03,2727.2400000000002,5363.57,-2636.33,3,9,True
1848,2024-04,3475.92463,5748.61463,-2272.69,4,10,True
1848,2024-05,7507.75942,10834.98942,-3327.23,8,16,True
1848,2024-06,4629.47497,6356.72497,-1727.25,5,9,True
1848,2024-07,4895.49629,6440.92629,-1545.4299999999998,5,9,True
1848,2024-08,5663.58,6754.4800000000005,-1090.9,6,8,True
1848,2024-09,9460.48,10551.380000000001,-1090.9,9,11,True
1848,2024-10,8070.45091,11833.40091,-3762.95,8,16,True
1848,2024-11,9649.810000000001,11513.43,-1863.62,9,13,True
1848,2024-12,4353.82661,7210.31661,-2856.49,4,10,True
1848,2025-01,9376.779999999999,11831.31,-2454.5299999999997,9,13,True
1849,2024-02,-1963.6100000000001,581.81,-2545.42,-2,4,True
1849,2024-03,3454.50273,4363.58273,-909.08,4,6,True
1849,2024-04,7409.37,7409.37,0.0,8,8,True
1849,2024-05,1486.81977,2395.89977,-909.08,2,4,True
1849,2024-06,6313.61,8131.77,-1818.16,7,11,True
1849,2024-07,2334.51,7736.27,-5401.76,3,15,True
1849,2024-08,1332.38187,4359.61187,-3027.23,1,9,True
1849,2024-09,10363.56,11090.82,-727.26,9,11,True
1849,2024-10,-1042.3200000000002,5866.7,-6909.02,-1,13,True
1849,2024-11,3862.46,3862.46,0.0,4,4,True
1849,2024-12,3706.2000000000003,5843.68,-2137.48,3,9,True
1849,2025-01,1377.27,5772.69,-4395.42,1,9,True
1850,2024-02,1909.07273,2727.24273,-818.17,2,4,True
1850,2024-03,742.78821,1560.95821,-818.17,1,3,True
1850,2024-04,5727.21,5727.21,0.0,6,6,True
1850,2024-05,909.0827300000001,3818.14273,-2909.06,1,7,True
1850,2024-06,2350.16,3168.33,-818.17,3,5,True
1850,2024-07,62.23610999999994,765.92611,-703.69,0,2,True
1850,2024-08,1172.72,2845.4300000000003,-1672.71,1,5,True
1850,2024-09,3181.79,6363.58,-3181.79,3,9,True
1850,2024-10,4902.59,7084.39,-2181.8,5,9,True
1850,2024-11,5062.72,6062.71,-999.99,5,7,True
1850,2024-12,2351.25932,2351.25932,0.0,2,2,True
1850,2025-01,3028.61,3028.61,0.0,3,3,True
1851,2024-02,-698.17,0.0,-698.17,-1,1,True
1851,2024-03,2148.06091,2148.06091,0.0,4,4,True
1851,2024-04,1154.3400000000001,3636.32,-2481.98,1,8,True
1851,2024-05,2265.29159,2265.29159,0.0,3,3,True
1851,2024-06,364.05999999999995,964.05,-599.99,0,2,True
1851,2024-07,1390.8900000000003,3481.78,-2090.89,2,6,True
1851,2024-08,4783.02744,4783.02744,0.0,6,6,True
1851,2024-09,-2727.2400000000002,1999.98,-4727.22,-3,7,True
1851,2024-10,1191.3600000000001,2881.7799999999997,-1690.42,1,7,True
1851,2024-11,1943.61975,1943.61975,0.0,2,2,True
1851,2024-12,4771.03,5952.84,-1181.81,7,9,True
1851,2025-01,-1090.9,0.0,-1090.9,-1,1,True
1852,2024-02,3298.1500000000005,4389.04,-1090.8899999999999,3,7,True
1852,2024-03,2090.8900000000003,3636.32,-1545.4299999999998,2,6,True
1852,2024-04,6318.32193,8045.57193,-1727.25,7,11,True
1852,2024-05,2553.5296,3644.4296000000004,-1090.9,3,5,True
1852,2024-06,2832.88,7378.280000000001,-4545.4,3,13,True
1852,2024-07,5912.56,8503.44,-2590.88,7,13,True
1852,2024-08,5163.6,6345.41,-1181.81,5,7,True
1852,2024-09,19876.68715,23967.55715,-4090.87,18,26,True
1852,2024-10,5151.87311,9785.163110000001,-4633.29,4,14,True
1852,2024-11,2290.8900000000003,3109.0600000000004,-818.17,2,4,True
1852,2024-12,3150.1499999999996,7650.12,-4499.97,3,11,True
1852,2025-01,3161.24711,4252.14711,-1090.9,3,5,True
1853,2024-02,999.9900000000001,1818.16,-818.17,1,3,True
1853,2024-03,4219.38974,4219.38974,0.0,5,5,True
1853,2024-04,8989.74985,10207.90985,-1218.1599999999999,10,14,True
1853,2024-05,1727.25,2636.33,-909.08,2,4,True
1853,2024-06,5201.25364,6201.243640000001,-999.99,5,7,True
1853,2024-07,1181.81,1999.98,-818.17,1,3,True
1853,2024-08,6609.01,7181.7300000000005,-572.72,7,9,True
1853,2024-09,1007.2598900000003,3352.6798900000003,-2345.42,1,7,True
1853,2024-10,578.6000000000001,2005.8500000000001,-1427.25,0,4,True
1853,2024-11,3861.05,4951.95,-1090.9,4,6,True
1853,2024-12,5695.41176,6786.3117600000005,-1090.9,5,7,True
1853,2025-01,2908.5699999999997,3436.34,-527.77,2,4,True
1854,2024-02,1709.99,1709.99,0.0,2,2,True
1854,2024-03,1602.74,1602.74,0.0,2,2,True
1854,2024-04,781.49938,3321.24938,-2539.75,2,8,True
1854,2024-05,746.3681799999999,746.3681799999999,0.0,2,2,True
1854,2024-06,2854.20043,2854.20043,0.0,5,5,True
1854,2024-07,1663.6200000000001,1663.6200000000001,0.0,2,2,True
1854,2024-08,-52.98000000000002,636.35,-689.33,0,2,True
1854,2024-09,4745.24685,6990.66685,-2245.42,4,10,True
1854,2024-10,4424.89091,6333.96091,-1909.0700000000002,7,11,True
1854,2024-11,2854.36,3945.26,-1090.9,3,5,True
1854,2024-12,3491.61978,4855.24978,-1363.63,6,8,True
1854,2025-01,4818.15,6181.78,-1363.63,4,6,True
1855,2024-02,4222.6900000000005,5859.030000000001,-1636.34,4,8,True
1855,2024-03,6478.58175,8078.561750000001,-1599.98,7,11,True
1855,2024-04,4763.6,8636.27,-3872.67,4,14,True
1855,2024-05,-272.7099999999998,4818.13,-5090.84,-1,11,True
1855,2024-06,14175.35551,18489.39551,-4314.04,15,25,True
1855,2024-07,7872.64,11327.140000000001,-3454.5,10,18,True
1855,2024-08,4119.06,9119.01,-4999.950000000001,4,14,True
1855,2024-09,12874.486420000001,19060.79642,-6186.31,12,24,True
1855,2024-10,10610.47,17337.670000000002,-6727.200000000001,10,24,True
1855,2024-11,7553.42,10631.0,-3077.58,7,13,True
1855,2024-12,8121.448490000001,8121.448490000001,0.0,8,8,True
1855,2025-01,8652.70296,13734.97296,-5082.27,6,18,True
1856,2024-02,2970.88,5298.12,-2327.24,3,9,True
1856,2024-03,3628.82237,3628.82237,0.0,4,4,True
1856,2024-04,3045.42,3727.23,-681.81,3,5,True
1856,2024-05,3818.1400000000003,3818.1400000000003,0.0,4,4,True
1856,2024-06,4858.80132,8465.48132,-3606.6800000000003,5,15,True
1856,2024-07,4663.57,8327.17,-3663.6000000000004,6,14,True
1856,2024-08,6594.17,9230.5,-2636.33,6,12,True
1856,2024-09,10199.649089999999,13381.43909,-3181.79,9,15,True
1856,2024-10,10177.720000000001,11177.710000000001,-999.99,10,12,True
1856,2024-11,9397.45154,13767.11154,-4369.66,10,18,True
1856,2024-12,2886.33,4068.1400000000003,-1181.81,3,5,True
1856,2025-01,14318.64,17418.61,-3099.9700000000003,12,18,True
1857,2024-02,581.81,1399.98,-818.17,1,3,True
1857,2024-03,1909.0700000000002,1909.0700000000002,0.0,2,2,True
1857,2024-04,1309.0800000000002,4636.31,-3327.23,1,9,True
1857,2024-05,2610.95965,3429.12965,-818.17,3,5,True
1857,2024-06,4422.58,5240.75,-818.17,5,7,True
1857,2024-07,5030.32434,7670.804340000001,-2640.48,6,12,True
1857,2024-08,13299.561450000001,14481.37145,-1181.81,14,16,True
1857,2024-09,8511.380000000001,9602.28,-1090.9,8,10,True
1857,2024-10,14903.1,16935.1,-2032.0,14,18,True
1857,2024-11,6941.11996,8032.0199600000005,-1090.9,7,9,True
1857,2024-12,3805.59971,4896.49971,-1090.9,4,6,True
1857,2025-01,6358.45,8805.03,-2446.58,6,10,True
1858,2024-02,2409.0499999999997,2409.0499999999997,0.0,4,4,True
1858,2024-03,614.1265000000001,1268.6665,-654.54,1,3,True
1858,2024-04,1983.4318200000002,2565.24182,-581.81,2,4,True
1858,2024-05,288.73706999999996,703.27707,-414.54,0,2,True
1858,2024-06,-232.78098,1524.11902,-1756.9,0,4,True
1858,2024-07,-809.9942,1708.1558,-2518.15,-1,5,True
1858,2024-08,-1536.77,318.17,-1854.94,-1,3,True
1858,2024-09,181.82000000000005,1090.9,-909.08,0,2,True
1858,2024-10,6501.15091,7056.7009100000005,-555.55,7,9,True
1858,2024-11,3876.7229,4810.5329,-933.81,4,6,True
1858,2024-12,818.17,1818.1599999999999,-999.99,1,3,True
1858,2025-01,2181.8,2181.8,0.0,2,2,True
1860,2024-02,4041.06386,4041.06386,0.0,5,5,True
1860,2024-03,90.91000000000008,909.08,-818.17,0,2,True
1860,2024-04,5783.45655,8451.34655,-2667.8900000000003,5,13,True
1860,2024-05,2222.5099999999998,2222.5099999999998,0.0,3,3,True
1860,2024-06,4001.8700000000003,6910.93,-2909.06,4,10,True
1860,2024-07,286.5300000000001,1909.0700000000002,-1622.54,0,4,True
1860,2024-08,2945.4300000000003,6372.66,-3427.23,3,11,True
1860,2024-09,4792.12,5492.110000000001,-699.99,4,6,True
1860,2024-10,14430.05,14430.05,0.0,14,14,True
1860,2024-11,3363.61,3363.61,0.0,3,3,True
1860,2024-12,1022.68932,2113.58932,-1090.9,1,3,True
1860,2025-01,3403.3699499999993,6676.06995,-3272.7000000000003,3,9,True
1861,2024-02,1563.62,1563.62,0.0,2,2,True
1861,2024-03,1737.39029,1737.39029,0.0,2,2,True
1861,2024-04,818.17,818.17,0.0,1,1,True
1861,2024-05,-414.54,0.0,-414.54,-1,1,True
1861,2024-06,1101.8115400000002,2701.79154,-1599.98,1,5,True
1861,2024-07,-2181.78,0.0,-2181.78,-3,3,True
1861,2024-08,3999.9500000000003,3999.9500000000003,0.0,5,5,True
1861,2024-09,9648.6074,9648.6074,0.0,9,9,True
1861,2024-10,1981.8000000000002,2981.79,-999.99,2,4,True
1861,2024-11,1417.7000000000003,3690.4100000000003,-2272.71,2,6,True
1861,2024-12,4554.09,5397.05,-842.96,4,6,True
1861,2025-01,4666.484640000001,5848.29464,-1181.81,4,6,True
1863,2024-02,897.1316800000001,1715.30168,-818.17,1,3,True
1863,2024-03,4277.44106,4277.44106,0.0,5,5,True
1863,2024-04,4725.31,5454.48,-729.17,5,7,True
1863,2024-05,999.9872699999999,2090.88727,-1090.9,1,3,True
1863,2024-06,11212.32176,13121.39176,-1909.0700000000002,12,16,True
1863,2024-07,-946.55,2053.42,-2999.9700000000003,0,6,True
1863,2024-08,4463.59,5190.85,-727.26,5,7,True
1863,2024-09,1727.25,4999.95,-3272.7000000000003,2,8,True
1863,2024-10,4316.7916000000005,6953.1216,-2636.33,4,10,True
1863,2024-11,4874.9100100000005,7670.330010000001,-2795.42,5,11,True
1863,2024-12,1181.81,1181.81,0.0,1,1,True
1863,2025-01,3822.7,7727.21,-3904.51,3,11,True
1864,2024-02,5607.210000000001,5607.210000000001,0.0,6,6,True
1864,2024-03,6243.73545,11087.30545,-4843.57,6,18,True
1864,2024-04,5393.63914,12520.809140000001,-7127.17,5,23,True
1864,2024-05,5094.49976,8258.08976,-3163.59,5,13,True
1864,2024-06,2921.2291600000003,13922.75916,-11001.53,3,27,True
1864,2024-07,5133.01942,9678.41942,-4545.400000000001,6,16,True
1864,2024-08,8236.65263,14663.852630000001,-6427.200000000001,9,23,True
1864,2024-09,21597.81,29236.12,-7638.31,19,35,True
1864,2024-10,10087.776460000001,21622.54646,-11534.77,8,34,True
1864,2024-11,14301.79096,18405.200960000002,-4103.41,13,21,True
1864,2024-12,9756.4583,15644.828300000001,-5888.37,8,20,True
1864,2025-01,10097.88998,10097.88998,0.0,9,9,True
1867,2024-02,843.25667,2832.53667,-1989.2799999999997,1,7,True
1867,2024-03,2956.18161,2956.18161,0.0,4,4,True
1867,2024-04,3181.77,6181.74,-2999.9700000000003,4,10,True
1867,2024-05,763.64,4272.67,-3509.0299999999997,0,10,True
1867,2024-06,3109.6100000000006,6980.660000000001,-3871.05,3,11,True
1867,2024-07,3025.6500000000005,6854.4800000000005,-3828.83,3,11,True
1867,2024-08,10445.34,12936.220000000001,-2490.88,12,18,True
1867,2024-09,5627.2300000000005,10990.82,-5363.59,5,15,True
1867,2024-10,3454.13382,9508.62382,-6054.49,4,16,True
1867,2024-11,5262.36973,8158.889730000001,-2896.52,5,11,True
1867,2024-12,3114.17,5591.41,-2477.24,2,8,True
1867,2025-01,9954.9708,11227.6908,-1272.72,9,11,True
1869,2024-02,1090.9,1090.9,0.0,1,1,True
1869,2024-03,2545.42,2545.42,0.0,3,3,True
1869,2024-04,-636.3499999999999,999.99,-1636.34,-1,3,True
1869,2024-05,2545.42,2545.42,0.0,3,3,True
1869,2024-06,181.81999999999994,3818.14,-3636.32,0,8,True
1869,2024-07,1165.4,4347.18,-3181.78,2,10,True
1869,2024-08,1789.08,3698.14,-1909.06,1,7,True
1869,2024-09,978.8348100000001,3278.80481,-2299.9700000000003,0,6,True
1869,2024-10,2037.7800000000002,3909.05,-1871.27,2,6,True
1869,2024-11,1339.74,3339.7200000000003,-1999.98,1,5,True
1869,2024-12,3272.7,3272.7,0.0,3,3,True
1869,2025-01,2173.62,3355.43,-1181.81,2,4,True
1870,2024-02,5031.516439999999,5031.516439999999,0.0,7,7,True
1870,2024-03,1294.71,2294.7,-999.99,2,4,True
1870,2024-04,2045.4299999999998,3545.41,-1499.98,2,6,True
1870,2024-05,206.12984999999992,1842.46985,-1636.3400000000001,0,4,True
1870,2024-06,11084.91,15283.79,-4198.88,11,21,True
1870,2024-07,7867.69732,9457.29732,-1589.6,9,13,True
1870,2024-08,1618.5100000000004,8813.17,-7194.66,1,17,True
1870,2024-09,20360.90234,25038.13234,-4677.2300000000005,19,29,True
1870,2024-10,21507.59268,26003.67268,-4496.08,21,29,True
1870,2024-11,3958.78025,8322.38025,-4363.6,4,12,True
1870,2024-12,10454.470000000001,11636.28,-1181.81,9,11,True
1870,2025-01,9526.529999999999,12890.14,-3363.61,9,15,True
1871,2024-02,9928.31446,10456.08446,-527.77,12,14,True
1871,2024-03,2417.42,4235.58,-1818.16,3,7,True
1871,2024-04,8449.36182,10176.61182,-1727.25,9,13,True
1871,2024-05,1987.82285,5351.41285,-3363.59,3,11,True
1871,2024-06,8612.85545,13769.355450000001,-5156.5,9,21,True
1871,2024-07,2756.0400000000004,8563.54,-5807.5,3,17,True
1871,2024-08,9090.800000000001,11363.51,-2272.71,11,15,True
1871,2024-09,14537.673190000001,19419.43319,-4881.76,13,25,True
1871,2024-10,11568.19977,19305.69977,-7737.5,11,27,True
1871,2024-11,14030.99,15940.06,-1909.0700000000002,14,18,True
1871,2024-12,17097.36,18188.260000000002,-1090.9,16,18,True
1871,2025-01,11212.19809,13575.81809,-2363.62,10,14,True
1872,2024-02,2522.64808,3002.63808,-479.99,3,5,True
1872,2024-03,4331.14668,4331.14668,0.0,6,6,True
1872,2024-04,3338.16733,3959.36733,-621.2,3,7,True
1872,2024-05,1934.98,1934.98,0.0,2,2,True
1872,2024-06,2090.8900000000003,2090.8900000000003,0.0,2,2,True
1872,2024-07,-160.82000000000005,1481.8000000000002,-1642.6200000000001,0,4,True
1872,2024-08,935.6500000000001,1908.3700000000001,-972.72,2,4,True
1872,2024-09,2681.79,2681.79,0.0,3,3,True
1872,2024-10,7727.21,7727.21,0.0,7,7,True
1872,2024-11,3547.7698899999996,6729.55989,-3181.79,4,10,True
1872,2024-12,-338.8499999999999,842.96,-1181.81,0,2,True
1872,2025-01,6272.66909,8545.37909,-2272.71,7,11,True
1873,2024-02,1389.65182,3898.71182,-2509.06,2,8,True
1873,2024-03,9704.39731,11894.597310000001,-2190.2,11,17,True
1873,2024-04,3477.01271,7531.50271,-4054.49,4,14,True
1873,2024-05,2779.96,5143.57,-2363.61,3,9,True
1873,2024-06,9512.6,12585.300000000001,-3072.7,10,16,True
1873,2024-07,2418.1645500000004,6718.11455,-4299.95,3,13,True
1873,2024-08,12908.980000000001,15727.130000000001,-2818.15,12,18,True
1873,2024-09,18672.57,20854.37,-2181.8,18,22,True
1873,2024-10,13224.08832,17668.658320000002,-4444.57,12,22,True
1873,2024-11,13937.019620000001,17118.80962,-3181.79,14,20,True
1873,2024-12,4572.4946199999995,12106.13462,-7533.64,4,18,True
1873,2025-01,9679.27992,15133.77992,-5454.5,9,19,True
1874,2024-02,5495.53593,6536.01593,-1040.48,5,9,True
1874,2024-03,4545.4,4545.4,0.0,5,5,True
1874,2024-04,4443.435210000001,6825.2252100000005,-2381.79,5,11,True
1874,2024-05,3968.035,3968.035,0.0,4,4,True
1874,2024-06,5256.94297,6656.92297,-1399.98,5,9,True
1874,2024-07,0.0,0.0,0.0,0,0,False
1874,2024-08,1518.1800000000003,3945.42,-2427.24,1,7,True
1874,2024-09,2463.62,5636.3099999999995,-3172.69,2,10,True
1874,2024-10,5751.42,10769.560000000001,-5018.14,6,16,True
1874,2024-11,6761.3,7647.65,-886.35,6,8,True
1874,2024-12,6636.6611,10727.5311,-4090.8700000000003,6,14,True
1874,2025-01,4517.87198,5699.681979999999,-1181.81,4,6,True
1877,2024-02,1490.8899999999999,1490.8899999999999,0.0,2,2,True
1877,2024-03,4490.860000000001,4490.860000000001,0.0,5,5,True
1877,2024-04,1795.0578200000002,3431.39782,-1636.34,2,6,True
1877,2024-05,0.0,0.0,0.0,0,0,False
1877,2024-06,5698.1191,7607.1891,-1909.0700000000002,6,10,True
1877,2024-07,1926.88996,4472.31996,-2545.4300000000003,2,8,True
1877,2024-08,6690.83,6690.83,0.0,8,8,True
1877,2024-09,-74.81560999999999,1506.98439,-1581.8,0,4,True
1877,2024-10,3799.1400000000003,4562.77,-763.63,3,5,True
1877,2024-11,999.99,999.99,0.0,1,1,True
1877,2024-12,0.0,1090.9,-1090.9,0,2,True
1877,2025-01,4099.96,5463.59,-1363.63,4,6,True
1878,2024-02,909.08,909.08,0.0,1,1,True
1878,2024-03,2255.33,2255.33,0.0,3,3,True
1878,2024-04,4549.23638,4549.23638,0.0,5,5,True
1878,2024-05,1090.9,1090.9,0.0,1,1,True
1878,2024-06,-15.50183000000004,711.75817,-727.26,0,2,True
1878,2024-07,1572.71,1572.71,0.0,2,2,True
1878,2024-08,2031.92,2572.7,-540.78,2,4,True
1878,2024-09,4441.33,5077.68,-636.35,4,6,True
1878,2024-10,-1361.0,1803.62,-3164.62,-1,5,True
1878,2024-11,1210.54,1210.54,0.0,1,1,True
1878,2024-12,2181.8,2181.8,0.0,2,2,True
1878,2025-01,0.0,0.0,0.0,0,0,False
1879,2024-02,2112.7000000000003,3109.05,-996.3499999999999,2,6,True
1879,2024-03,4610.78741,6453.8574100000005,-1843.07,5,11,True
1879,2024-04,2870.15,6181.74,-3311.59,3,11,True
1879,2024-05,1636.34,2636.33,-999.99,2,4,True
1879,2024-06,6257.26,11620.83,-5363.57,7,19,True
1879,2024-07,3908.04,5389.84,-1481.8000000000002,6,10,True
1879,2024-08,5745.410000000001,7836.290000000001,-2090.88,6,12,True
1879,2024-09,8511.39,11147.72,-2636.33,8,14,True
1879,2024-10,5691.7377,9873.5177,-4181.780000000001,6,14,True
1879,2024-11,2917.59,5190.3,-2272.71,3,7,True
1879,2024-12,4915.38422,6945.664220000001,-2030.28,4,8,True
1879,2025-01,1636.36,4999.97,-3363.61,1,7,True
1880,2024-02,-818.17,0.0,-818.17,-1,1,True
1880,2024-03,794.0954,1612.2654,-818.17,1,3,True
1880,2024-04,-818.17,0.0,-818.17,-1,1,True
1880,2024-05,0.0,0.0,0.0,0,0,False
1880,2024-06,4706.72052,4706.72052,0.0,5,5,True
1880,2024-07,1663.6200000000001,2536.34,-872.72,2,4,True
1880,2024-08,5272.68,5272.68,0.0,5,5,True
1880,2024-09,3790.88,5427.22,-1636.34,4,7,True
1880,2024-10,3004.9127500000004,3004.9127500000004,0.0,3,3,True
1880,2024-11,-509.09000000000003,763.63,-1272.72,0,2,True
1880,2024-12,1221.66064,1221.66064,0.0,1,1,True
1880,2025-01,-1078.6383700000001,2103.15163,-3181.79,-1,5,True
1881,2024-02,727.26,727.26,0.0,1,1,True
1881,2024-03,805.17,805.17,0.0,1,1,True
1881,2024-04,2463.38008,5296.0700799999995,-2832.69,2,10,True
1881,2024-05,2545.42,4272.67,-1727.25,3,7,True
1881,2024-06,2158.72658,4513.94658,-2355.2200000000003,3,9,True
1881,2024-07,1333.5652,4615.3452,-3281.78,2,10,True
1881,2024-08,-518.1800000000001,572.72,-1090.9,0,2,True
1881,2024-09,0.0,0.0,0.0,0,0,False
1881,2024-10,684.48,1957.2,-1272.72,1,3,True
1881,2024-11,1381.8200000000002,1381.8200000000002,0.0,2,2,True
1881,2024-12,1090.9,1090.9,0.0,1,1,True
1881,2025-01,-233.33999999999992,827.26,-1060.6,0,2,True
1882,2024-02,90.91000000000008,909.08,-818.17,0,2,True
1882,2024-03,1345.44,1999.98,-654.54,1,3,True
1882,2024-04,5090.860000000001,6545.38,-1454.52,5,9,True
1882,2024-05,818.17,1636.34,-818.17,1,3,True
1882,2024-06,5049.18,6049.17,-999.99,6,8,True
1882,2024-07,3572.68455,4272.67455,-699.99,5,7,True
1882,2024-08,3993.24,4363.6,-370.36,3,5,True
1882,2024-09,10384.27,12475.16,-2090.8900000000003,10,14,True
1882,2024-10,14104.61096,16286.41096,-2181.8,14,18,True
1882,2024-11,5320.15984,8597.40984,-3277.25,6,12,True
1882,2024-12,6286.805689999999,6286.805689999999,0.0,6,6,True
1882,2025-01,2878.3099999999995,5999.96,-3121.65,2,8,True
1883,2024-02,1054.53,1636.34,-581.81,1,3,True
1883,2024-03,2615.25973,3433.42973,-818.17,4,6,True
1883,2024-04,4336.96682,5427.86682,-1090.9,6,8,True
1883,2024-05,-1290.8899999999999,999.99,-2290.88,-2,4,True
1883,2024-06,-1963.6,999.99,-2963.59,-3,5,True
1883,2024-07,2390.88,3481.78,-1090.9,3,5,True
1883,2024-08,9848.717410000001,9848.717410000001,0.0,11,11,True
1883,2024-09,8599.2,9599.19,-999.99,8,10,True
1883,2024-10,7389.60818,8662.32818,-1272.72,7,9,True
1883,2024-11,11246.42,14047.68,-2801.26,11,17,True
1883,2024-12,5148.1900000000005,7090.860000000001,-1942.67,4,8,True
1883,2025-01,4589.48218,4589.48218,0.0,4,4,True
1884,2024-02,0.0,1909.0700000000002,-1909.0700000000002,0,4,True
1884,2024-03,5417.96127,5417.96127,0.0,6,6,True
1884,2024-04,5213.66,6122.74,-909.08,6,8,True
1884,2024-05,-909.0799999999999,1090.9,-1999.98,-1,3,True
1884,2024-06,4467.3888,4467.3888,0.0,6,6,True
1884,2024-07,-700.9100000000001,871.8,-1572.71,0,4,True
1884,2024-08,3063.62,7209.03,-4145.41,2,12,True
1884,2024-09,5338.87,9118.09,-3779.2200000000003,6,14,True
1884,2024-10,2395.97,3850.5,-1454.5300000000002,2,6,True
1884,2024-11,1624.62077,3970.04077,-2345.42,1,7,True
1884,2024-12,1763.63,2272.71,-509.08,1,3,True
1884,2025-01,-1018.1700000000001,1181.81,-2199.98,-1,3,True
1885,2024-02,6818.50403,7516.67403,-698.17,8,10,True
1885,2024-03,4517.15682,7244.39682,-2727.24,5,11,True
1885,2024-04,5363.57546,8181.72546,-2818.15,6,12,True
1885,2024-05,9291.36288,11483.25288,-2191.89,9,15,True
1885,2024-06,6777.04032,13504.24032,-6727.2,7,21,True
1885,2024-07,6294.12,9802.25,-3508.13,7,17,True
1885,2024-08,5703.12,7403.1,-1699.98,6,10,True
1885,2024-09,9089.02,15999.86,-6910.84,8,22,True
1885,2024-10,16929.47262,21947.60262,-5018.13,16,26,True
1885,2024-11,10515.89227,12281.48227,-1765.5900000000001,11,15,True
1885,2024-12,2308.43,4272.05,-1963.62,2,6,True
1885,2025-01,8480.39052,11844.00052,-3363.61,8,14,True
1886,2024-02,2368.27061,2848.26061,-479.99,3,5,True
1886,2024-03,-909.0799999999999,909.08,-1818.1599999999999,-1,3,True
1886,2024-04,2909.06,3727.23,-818.17,3,5,True
1886,2024-05,-1090.9,1636.34,-2727.2400000000002,-1,5,True
1886,2024-06,-90.91000000000008,1818.1599999999999,-1909.0700000000002,0,4,True
1886,2024-07,2918.58333,2918.58333,0.0,4,4,True
1886,2024-08,0.0,0.0,0.0,0,0,False
1886,2024-09,3663.61,5363.59,-1699.98,3,7,True
1886,2024-10,6035.02,7035.01,-999.99,6,8,True
1886,2024-11,-2163.62,927.26,-3090.88,-2,4,True
1886,2024-12,-1741.25,1112.81,-2854.06,-2,4,True
1886,2025-01,3338.38903,4338.37903,-999.99,3,5,True
1887,2024-02,0.0,0.0,0.0,0,0,False
1887,2024-03,2078.49561,2987.57561,-909.08,2,4,True
1887,2024-04,1909.0700000000002,1909.0700000000002,0.0,2,2,True
1887,2024-05,1090.9,1090.9,0.0,1,1,True
1887,2024-06,5727.21,5727.21,0.0,6,6,True
1887,2024-07,990.9100000000001,2090.8900000000003,-1099.98,0,4,True
1887,2024-08,3124.22,3124.22,0.0,3,3,True
1887,2024-09,3454.52,3454.52,0.0,3,3,True
1887,2024-10,2758.55,2758.55,0.0,3,3,True
1887,2024-11,4087.55,7423.89,-3336.34,4,10,True
1887,2024-12,1090.9,2181.8,-1090.9,1,3,True
1887,2025-01,3318.16,4409.0599999999995,-1090.9,3,5,True
1888,2024-02,1090.9,1090.9,0.0,1,1,True
1888,2024-03,1727.2527300000002,1727.2527300000002,0.0,2,2,True
1888,2024-04,0.0,0.0,0.0,0,0,False
1888,2024-05,0.0,0.0,0.0,0,0,False
1888,2024-06,2454.52,2818.15,-363.63,2,4,True
1888,2024-07,1626.2013900000002,1626.2013900000002,0.0,2,2,True
1888,2024-08,4602.55213,5238.90213,-636.35,4,6,True
1888,2024-09,2181.8,2181.8,0.0,2,2,True
1888,2024-10,4229.16909,4229.16909,0.0,4,4,True
1888,2024-11,2272.71,3272.7,-999.99,2,4,True
1888,2024-12,2824.02593,3914.9259300000003,-1090.9,3,5,True
1888,2025-01,1181.81,1181.81,0.0,1,1,True
1889,2024-02,1969.46427,1969.46427,0.0,2,2,True
1889,2024-03,5160.8535,5160.8535,0.0,6,6,True
1889,2024-04,1090.9,4727.22,-3636.32,1,9,True
1889,2024-05,-181.82000000000005,909.08,-1090.9,0,2,True
1889,2024-06,3399.96,3399.96,0.0,4,4,True
1889,2024-07,725.09804,725.09804,0.0,1,1,True
1889,2024-08,2673.7146599999996,4310.05466,-1636.3400000000001,3,7,True
1889,2024-09,7299.950000000001,7999.9400000000005,-699.99,6,8,True
1889,2024-10,2145.95,3973.29,-1827.3400000000001,2,6,True
1889,2024-11,6131.76,7131.75,-999.99,6,8,True
1889,2024-12,3237.8602199999996,5215.1102200000005,-1977.25,3,7,True
1889,2025-01,4136.34,7181.77,-3045.43,3,9,True
1892,2024-02,4818.13,4818.13,0.0,5,5,True
1892,2024-03,5016.06043,6016.05043,-999.99,6,8,True
1892,2024-04,2636.33728,4272.67728,-1636.34,3,7,True
1892,2024-05,2145.43,3418.14,-1272.71,2,6,True
1892,2024-06,8494.09908,10903.159080000001,-2409.06,9,15,True
1892,2024-07,4625.50091,6919.56091,-2294.0600000000004,5,11,True
1892,2024-08,3545.4300000000003,6727.22,-3181.79,3,9,True
1892,2024-09,9691.19,12427.52,-2736.33,9,15,True
1892,2024-10,12098.68,16180.460000000001,-4081.7799999999997,12,20,True
1892,2024-11,12553.37,14514.390000000001,-1961.02,12,16,True
1892,2024-12,6881.34306,11789.04306,-4907.7,5,17,True
1892,2025-01,6999.95,6999.95,0.0,6,6,True
1893,2024-02,1755.16,1755.16,0.0,2,2,True
1893,2024-03,-909.08,0.0,-909.08,-1,1,True
1893,2024-04,-555.55,909.08,-1464.63,-1,3,True
1893,2024-05,1090.9,1090.9,0.0,1,1,True
1893,2024-06,3090.88,3090.88,0.0,3,3,True
1893,2024-07,860.89963,860.89963,0.0,1,1,True
1893,2024-08,0.0,0.0,0.0,0,0,False
1893,2024-09,0.0,0.0,0.0,0,0,False
1893,2024-10,1181.81,1999.98,-818.17,1,3,True
1893,2024-11,999.9900000000002,2181.8,-1181.81,1,3,True
1893,2024-12,2181.8,2181.8,0.0,2,2,True
1893,2025-01,2072.71,2072.71,0.0,2,2,True
1894,2024-02,3003.01815,3003.01815,0.0,4,4,True
1894,2024-03,9363.96453,9363.96453,0.0,12,12,True
1894,2024-04,5493.79169,5493.79169,0.0,6,6,True
1894,2024-05,3155.26215,3791.61215,-636.35,3,5,True
1894,2024-06,9052.769970000001,9052.769970000001,0.0,9,9,True
1894,2024-07,4716.1900000000005,5609.040000000001,-892.85,5,7,True
1894,2024-08,12611.16,13338.42,-727.26,13,15,True
1894,2024-09,13325.26176,18297.94176,-4972.68,14,24,True
1894,2024-10,5730.10046,8003.41046,-2273.31,5,11,True
1894,2024-11,9590.68,11504.3,-1913.62,9,13,True
1894,2024-12,3659.05,4931.77,-1272.72,4,6,True
1894,2025-01,6932.68,6932.68,0.0,6,6,True
1895,2024-02,2475.13406,2475.13406,0.0,3,3,True
1895,2024-03,4406.3172700000005,5406.30727,-999.99,5,7,True
1895,2024-04,1636.34,1636.34,0.0,2,2,True
1895,2024-05,-2035.9800800000003,782.16992,-2818.15,-2,4,True
1895,2024-06,1753.8600000000001,1753.8600000000001,0.0,2,2,True
1895,2024-07,715.7499999999999,1421.07,-705.32,1,3,True
1895,2024-08,5754.490000000001,6936.3,-1181.81,6,8,True
1895,2024-09,4181.780000000001,4181.780000000001,0.0,4,4,True
1895,2024-10,7072.240000000001,7072.240000000001,0.0,7,7,True
1895,2024-11,-999.99,0.0,-999.99,-1,1,True
1895,2024-12,2363.62,3454.5200000000004,-1090.9,2,4,True
1895,2025-01,3345.4300000000003,3345.4300000000003,0.0,3,3,True
1896,2024-02,5400.36196,6736.70196,-1336.34,6,10,True
1896,2024-03,4451.5445,6906.0545,-2454.5099999999998,6,12,True
1896,2024-04,3338.02,4156.1900000000005,-818.17,4,6,True
1896,2024-05,4954.5,6409.02,-1454.52,5,9,True
1896,2024-06,4454.5,5454.490000000001,-999.99,5,7,True
1896,2024-07,5572.67,5572.67,0.0,6,6,True
1896,2024-08,2727.24,3818.14,-1090.9,3,5,True
1896,2024-09,10406.18266,15442.50266,-5036.320000000001,10,20,True
1896,2024-10,2446.6600000000003,6979.4400000000005,-4532.78,3,11,True
1896,2024-11,10414.86,11342.12,-927.26,10,12,True
1896,2024-12,7290.81127,8199.89127,-909.08,6,8,True
1896,2025-01,5888.429340000001,9132.92934,-3244.5,5,11,True
1897,2024-02,0.0,0.0,0.0,0,0,False
1897,2024-03,-999.99,909.08,-1909.0700000000002,-1,3,True
1897,2024-04,4438.49273,5347.57273,-909.08,5,7,True
1897,2024-05,0.0,0.0,0.0,0,0,False
1897,2024-06,3516.55818,4243.81818,-727.26,4,6,True
1897,2024-07,1181.81,1181.81,0.0,1,1,True
1897,2024-08,6636.31,6636.31,0.0,6,6,True
1897,2024-09,3936.33,3936.33,0.0,4,4,True
1897,2024-10,6120.07,6120.07,0.0,6,6,True
1897,2024-11,1175.2400000000002,2179.78,-1004.54,1,3,True
1897,2024-12,2227.89933,3227.88933,-999.99,2,4,True
1897,2025-01,2235.02,2235.02,0.0,2,2,True
1898,2024-02,1985.8918200000003,2804.06182,-818.17,2,4,True
1898,2024-03,3588.32,3588.32,0.0,4,4,True
1898,2024-04,2737.70617,4464.95617,-1727.25,3,7,True
1898,2024-05,909.08,1727.25,-818.17,1,3,True
1898,2024-06,-909.08,999.99,-1909.0700000000002,-1,3,True
1898,2024-07,1663.6200000000001,1663.6200000000001,0.0,2,2,True
1898,2024-08,2881.79,3454.51,-572.72,3,5,True
1898,2024-09,8909.02,8909.02,0.0,8,8,True
1898,2024-10,9209.42,10118.5,-909.08,9,11,True
1898,2024-11,7584.71,8628.34,-1043.63,7,9,True
1898,2024-12,2669.98,3283.6099999999997,-613.63,2,4,True
1898,2025-01,3683.91659,3683.91659,0.0,3,3,True
1900,2024-02,0.0,0.0,0.0,0,0,False
1900,2024-03,799.8548,799.8548,0.0,1,1,True
1900,2024-04,2090.8900000000003,2999.9700000000003,-909.08,2,4,True
1900,2024-05,818.17,818.17,0.0,1,1,True
1900,2024-06,818.17,818.17,0.0,1,1,True
1900,2024-07,1209.0700000000002,1209.0700000000002,0.0,2,2,True
1900,2024-08,4663.59,5445.4,-781.81,5,7,True
1900,2024-09,999.99,3272.7,-2272.71,1,5,True
1900,2024-10,1182.91,3237.44,-2054.5299999999997,1,5,True
1900,2024-11,3840.81,3840.81,0.0,4,4,True
1900,2024-12,2316.95328,2316.95328,0.0,2,2,True
1900,2025-01,90.91000000000008,1363.63,-1272.72,0,2,True
1901,2024-02,0.0,0.0,0.0,0,0,False
1901,2024-03,0.0,0.0,0.0,0,0,False
1901,2024-04,0.0,0.0,0.0,0,0,False
1901,2024-05,0.0,0.0,0.0,0,0,False
1901,2024-06,4913.708,4913.708,0.0,2,2,True
1901,2024-07,0.0,0.0,0.0,0,0,False
1901,2024-08,0.0,0.0,0.0,0,0,False
1901,2024-09,2860.11,2860.11,0.0,1,1,True
1901,2024-10,0.0,0.0,0.0,0,0,False
1901,2024-11,0.0,0.0,0.0,0,0,False
1901,2024-12,1187.34525,1187.34525,0.0,1,1,True
1901,2025-01,0.0,0.0,0.0,0,0,False
1906,2024-02,1913.99987,4641.23987,-2727.24,2,8,True
1906,2024-03,3909.05,5636.3,-1727.25,4,8,True
1906,2024-04,1781.79,3272.68,-1490.8899999999999,2,6,True
1906,2024-05,5390.85,6209.02,-818.17,6,8,True
1906,2024-06,5895.71,8804.77,-2909.06,6,12,True
1906,2024-07,2858.05,5322.67,-2464.62,3,9,True
1906,2024-08,3818.1400000000003,5909.030000000001,-2090.8900000000003,4,8,True
1906,2024-09,12444.34,16181.68,-3737.34,11,19,True
1906,2024-10,7688.77,13470.53,-5781.76,7,19,True
1906,2024-11,7439.04432,9826.644320000001,-2387.6,7,13,True
1906,2024-12,5678.66719,9787.73719,-4109.07,6,14,True
1906,2025-01,5979.55252,6797.72252,-818.17,5,7,True
1907,2024-02,3472.69,3472.69,0.0,4,4,True
1907,2024-03,2920.06558,2920.06558,0.0,4,4,True
1907,2024-04,-1090.9,0.0,-1090.9,-1,1,True
1907,2024-05,1090.9,1090.9,0.0,1,1,True
1907,2024-06,2999.9700000000003,2999.9700000000003,0.0,3,3,True
1907,2024-07,1208.0700000000002,1763.62,-555.55,1,3,True
1907,2024-08,-142.84545000000014,5245.40455,-5388.25,1,11,True
1907,2024-09,6545.4,6545.4,0.0,6,6,True
1907,2024-10,5269.32945,6360.229450000001,-1090.9,5,7,True
1907,2024-11,5499.96,6439.8099999999995,-939.85,5,7,True
1907,2024-12,1854.7237800000003,4309.25378,-2454.5299999999997,2,6,True
1907,2025-01,4772.7,5954.51,-1181.81,4,6,True
1908,2024-02,2890.88,3399.96,-509.08,3,5,True
1908,2024-03,909.08,909.08,0.0,1,1,True
1908,2024-04,1909.0700000000002,2727.24,-818.17,2,4,True
1908,2024-05,1090.9,1090.9,0.0,1,1,True
1908,2024-06,1762.45011,3671.5201100000004,-1909.0700000000002,2,6,True
1908,2024-07,3418.15,5418.13,-1999.98,4,8,True
1908,2024-08,6538.71,7175.06,-636.35,6,8,True
1908,2024-09,4799.94901,5799.93901,-999.99,5,7,True
1908,2024-10,3118.9100000000003,4900.71,-1781.8,3,7,True
1908,2024-11,90.91000000000008,1090.9,-999.99,0,2,True
1908,2024-12,2181.80091,2181.80091,0.0,2,2,True
1908,2025-01,-45.450000000000045,954.54,-999.99,0,2,True
1909,2024-02,-1670.85,818.17,-2489.02,-2,4,True
1909,2024-03,6545.38,6545.38,0.0,7,7,True
1909,2024-04,1636.3400000000001,4454.49,-2818.15,2,8,True
1909,2024-05,-1520.18,0.0,-1520.18,-2,2,True
1909,2024-06,8362.57,9271.65,-909.08,10,12,True
1909,2024-07,-1145.9099999999999,1272.71,-2418.62,-1,5,True
1909,2024-08,3309.07,5127.23,-1818.16,3,7,True
1909,2024-09,8527.2,9709.01,-1181.81,8,10,True
1909,2024-10,5562.47561,7898.80561,-2336.33,5,11,True
1909,2024-11,5893.17,7586.33,-1693.1599999999999,6,10,True
1909,2024-12,4797.83,8338.18,-3540.35,4,12,True
1909,2025-01,5181.79,5999.96,-818.17,4,6,True
1910,2024-02,3901.42575,3901.42575,0.0,5,5,True
1910,2024-03,4440.95141,6168.20141,-1727.25,5,9,True
1910,2024-04,3727.23,3727.23,0.0,4,4,True
1910,2024-05,1818.1599999999999,2727.2400000000002,-909.08,2,4,True
1910,2024-06,2762.64105,3580.8110500000003,-818.17,3,5,True
1910,2024-07,1762.98,4335.68,-2572.7000000000003,2,8,True
1910,2024-08,8080.64796,9598.80796,-1518.1599999999999,8,12,True
1910,2024-09,8999.93,11363.55,-2363.62,8,12,True
1910,2024-10,11921.61984,17843.27984,-5921.66,11,23,True
1910,2024-11,3614.21893,6150.55893,-2536.34,3,9,True
1910,2024-12,4470.26139,5652.07139,-1181.81,4,6,True
1910,2025-01,151.64,2242.5299999999997,-2090.89,0,4,True
1911,2024-02,2334.5200000000004,3243.6000000000004,-909.08,3,5,True
1911,2024-03,2711.30784,3529.47784,-818.17,3,5,True
1911,2024-04,909.0799999999999,4272.67,-3363.59,1,9,True
1911,2024-05,1742.47587,3442.45587,-1699.98,2,6,True
1911,2024-06,9215.02,11033.18,-1818.1599999999999,10,14,True
1911,2024-07,7800.500000000001,10899.890000000001,-3099.39,8,16,True
1911,2024-08,5054.49,6963.56,-1909.0700000000002,6,10,True
1911,2024-09,12849.1965,13667.3665,-818.17,12,14,True
1911,2024-10,4068.14,7249.93,-3181.79,4,10,True
1911,2024-11,10543.50181,11664.18181,-1120.68,10,12,True
1911,2024-12,7556.72364,7556.72364,0.0,7,7,True
1911,2025-01,4568.15,5295.41,-727.26,4,6,True
1912,2024-02,1909.0700000000002,1909.0700000000002,0.0,2,2,True
1912,2024-03,3608.32,3608.32,0.0,4,4,True
1912,2024-04,4830.94,5921.84,-1090.9,6,8,True
1912,2024-05,-3062.32305,1755.8069500000001,-4818.13,-3,7,True
1912,2024-06,2287.65,6901.360000000001,-4613.71,2,12,True
1912,2024-07,2769.50907,5224.01907,-2454.51,3,9,True
1912,2024-08,1599.9700000000003,3509.04,-1909.07,3,7,True
1912,2024-09,7636.3,9818.1,-2181.8,7,11,True
1912,2024-10,7835.36,8435.35,-599.99,8,10,True
1912,2024-11,2051.9700000000003,2908.48,-856.51,2,4,True
1912,2024-12,4657.731540000001,5612.27154,-954.54,4,6,True
1912,2025-01,7454.5,8636.31,-1181.81,6,8,True
1913,2024-02,7751.51958,10660.57958,-2909.06,9,15,True
1913,2024-03,-113.7299999999999,3122.59,-3236.3199999999997,0,8,True
1913,2024-04,2545.42,4363.58,-1818.16,3,7,True
1913,2024-05,-754.8644999999999,2954.5155,-3709.38,-2,8,True
1913,2024-06,8320.89272,10684.49272,-2363.6,9,15,True
1913,2024-07,2649.4500000000003,4464.77,-1815.3200000000002,3,7,True
1913,2024-08,763.6400000000001,3181.79,-2418.15,0,6,True
1913,2024-09,13436.24,14527.14,-1090.9,13,15,True
1913,2024-10,5357.8,13641.41,-8283.61,4,22,True
1913,2024-11,5976.30451,10904.56451,-4928.26,5,17,True
1913,2024-12,8945.17,9763.34,-818.17,8,10,True
1913,2025-01,8724.14105,11905.931050000001,-3181.79,7,13,True
1914,2024-02,1141.8000000000002,2869.05,-1727.25,2,6,True
1914,2024-03,2090.8900000000003,2818.15,-727.26,2,4,True
1914,2024-04,1936.9799600000001,2755.1499599999997,-818.17,2,4,True
1914,2024-05,1090.9,2818.15,-1727.25,1,5,True
1914,2024-06,10951.65884,12613.218840000001,-1661.56,11,15,True
1914,2024-07,3054.51,4872.67,-1818.1599999999999,4,8,True
1914,2024-08,8671.90493,8671.90493,0.0,9,9,True
1914,2024-09,16411.04,18074.66,-1663.6200000000001,15,19,True
1914,2024-10,12062.24,13789.49,-1727.25,12,16,True
1914,2024-11,1788.94818,4708.46818,-2919.52,2,8,True
1914,2024-12,3410.83,6999.95,-3589.12,2,10,True
1914,2025-01,3340.88,4431.78,-1090.9,3,5,True
1915,2024-02,7738.98847,8393.528470000001,-654.54,8,10,True
1915,2024-03,5875.02781,8682.25781,-2807.23,6,14,True
1915,2024-04,2262.87853,6590.09853,-4327.22,3,13,True
1915,2024-05,2882.20705,7518.51705,-4636.3099999999995,3,13,True
1915,2024-06,6647.5671999999995,11465.6972,-4818.13,8,18,True
1915,2024-07,-481.81909,3118.14091,-3599.96,0,8,True
1915,2024-08,3873.9812699999998,10601.181270000001,-6727.2,3,17,True
1915,2024-09,9067.2822,15067.2222,-5999.9400000000005,8,20,True
1915,2024-10,17123.00183,23245.00183,-6122.0,16,30,True
1915,2024-11,14184.341820000001,18071.381820000002,-3887.04,14,22,True
1915,2024-12,4392.16457,12668.53457,-8276.37,3,19,True
1915,2025-01,19979.68,23772.57,-3792.8900000000003,16,24,True
1917,2024-02,3563.59,3563.59,0.0,5,5,True
1917,2024-03,1729.99287,2428.16287,-698.17,2,3,True
1917,2024-04,1999.98,1999.98,0.0,2,2,True
1917,2024-05,-1090.9,0.0,-1090.9,-1,1,True
1917,2024-06,2181.79,2999.96,-818.17,3,5,True
1917,2024-07,4254.48818,4254.48818,0.0,6,6,True
1917,2024-08,3641.28,5613.99,-1972.71,6,10,True
1917,2024-09,9938.75,9938.75,0.0,12,12,True
1917,2024-10,3752.37,4129.14,-376.77,4,6,True
1917,2024-11,4833.76909,5761.02909,-927.26,5,7,True
1917,2024-12,801.7800000000001,1562.64,-760.86,1,3,True
1917,2025-01,5818.14,6909.04,-1090.9,5,7,True
1918,2024-02,2608.42301,2608.42301,0.0,3,3,True
1918,2024-03,2239.3666700000003,2239.3666700000003,0.0,3,3,True
1918,2024-04,2170.54462,2170.54462,0.0,3,3,True
1918,2024-05,-1369.0800000000002,363.63,-1732.71,-2,4,True
1918,2024-06,954.54,1318.17,-363.63,1,3,True
1918,2024-07,2922.34,2922.34,0.0,7,7,True
1918,2024-08,1668.8100000000002,1668.8100000000002,0.0,3,3,True
1918,2024-09,2390.8900000000003,2663.61,-272.72,2,4,True
1918,2024-10,2467.25,3558.15,-1090.9,3,5,True
1918,2024-11,1642.13,2733.03,-1090.9,2,4,True
1918,2024-12,-1530.02,0.0,-1530.02,-2,2,True
1918,2025-01,0.0,0.0,0.0,0,0,False
1919,2024-02,1703.1200000000003,2799.06,-1095.94,1,5,True
1919,2024-03,1303.2505,3715.0005,-2411.75,0,8,True
1919,2024-04,8418.03272,9236.202720000001,-818.17,10,12,True
1919,2024-05,3818.14,3818.14,0.0,4,4,True
1919,2024-06,6545.38,8181.72,-1636.3400000000001,7,11,True
1919,2024-07,-565.4999999999999,2560.17,-3125.67,-1,7,True
1919,2024-08,1380.81182,6690.83182,-5310.02,2,14,True
1919,2024-09,8690.83,9781.73,-1090.9,9,11,True
1919,2024-10,1357.49046,6448.350460000001,-5090.860000000001,1,11,True
1919,2024-11,5237.51878,6087.50878,-849.99,5,7,True
1919,2024-12,5868.73818,9818.09818,-3949.36,5,13,True
1919,2025-01,6909.04,7999.9400000000005,-1090.9,6,8,True
1920,2024-02,4386.16422,6022.50422,-1636.34,5,9,True
1920,2024-03,3715.05605,3715.05605,0.0,4,4,True
1920,2024-04,4273.39042,5182.47042,-909.08,5,7,True
1920,2024-05,3146.42,4041.87,-895.45,3,5,True
1920,2024-06,5638.11644,6547.19644,-909.08,6,8,True
1920,2024-07,2581.79,4881.76,-2299.9700000000003,3,9,True
1920,2024-08,4627.2300000000005,5718.13,-1090.9,5,7,True
1920,2024-09,9518.328000000001,10427.408,-909.08,9,11,True
1920,2024-10,135.10430000000008,4044.1543,-3909.05,0,8,True
1920,2024-11,181.82000000000016,2181.8,-1999.98,0,4,True
1920,2024-12,6516.78881,6516.78881,0.0,6,6,True
1920,2025-01,4570.62809,5752.43809,-1181.81,4,6,True
1921,2024-02,1982.92738,2801.09738,-818.17,2,4,True
1921,2024-03,2545.42,2545.42,0.0,3,3,True
1921,2024-04,801.32789,2437.6678899999997,-1636.34,1,5,True
1921,2024-05,460.6385,2457.0785,-1996.44,1,7,True
1921,2024-06,4816.77,7114.72,-2297.95,5,11,True
1921,2024-07,390.25043000000016,3899.3004300000002,-3509.05,1,9,True
1921,2024-08,1589.75482,3052.6948199999997,-1462.94,1,5,True
1921,2024-09,4825.64016,10680.13016,-5854.49,4,16,True
1921,2024-10,3443.07,6988.49,-3545.42,3,11,True
1921,2024-11,8410.91,8410.91,0.0,8,8,True
1921,2024-12,2454.5299999999997,4454.51,-1999.98,2,6,True
1921,2025-01,5679.41809,6224.86809,-545.45,4,6,True
1922,2024-02,7643.54273,9370.79273,-1727.25,9,13,True
1922,2024-03,7216.12,10241.53,-3025.41,9,17,True
1922,2024-04,13460.02842,18732.68842,-5272.66,16,28,True
1922,2024-05,776.1800000000002,7181.73,-6405.55,-1,17,True
1922,2024-06,5981.71926,15127.06926,-9145.35,7,27,True
1922,2024-07,5169.63,10575.67,-5406.04,5,19,True
1922,2024-08,0.0,0.0,0.0,0,0,False
1922,2024-09,10839.07969,11475.42969,-636.35,10,12,True
1922,2024-10,13056.23,28476.670000000002,-15420.44,11,43,True
1922,2024-11,11365.57808,22329.90808,-10964.33,10,32,True
1922,2024-12,15314.50476,17167.30476,-1852.8000000000002,14,18,True
1922,2025-01,14103.122019999999,16648.56202,-2545.44,13,17,True
1923,2024-02,3790.58418,3790.58418,0.0,5,5,True
1923,2024-03,3218.1400000000003,5272.66,-2054.52,3,9,True
1923,2024-04,3028.18359,6671.06359,-3642.88,3,13,True
1923,2024-05,1392.53,3483.41,-2090.88,1,7,True
1923,2024-06,8127.653990000001,13491.22399,-5363.57,9,21,True
1923,2024-07,-306.1947499999999,6176.66525,-6482.86,-2,16,True
1923,2024-08,7296.250000000001,12090.79,-4794.54,6,18,True
1923,2024-09,11658.25792,21076.34792,-9418.09,10,30,True
1923,2024-10,6774.0599999999995,15805.79,-9031.73,6,24,True
1923,2024-11,-3163.5575799999997,9477.89242,-12641.45,-4,22,True
1923,2024-12,7965.54604,15567.28604,-7601.74,6,22,True
1923,2025-01,10226.42824,13749.11824,-3522.69,8,16,True
1924,2024-02,0.0,0.0,0.0,0,0,False
1924,2024-03,2363.6,2363.6,0.0,3,3,True
1924,2024-04,818.17,818.17,0.0,1,1,True
1924,2024-05,-818.17,0.0,-818.17,-1,1,True
1924,2024-06,2181.8,2181.8,0.0,2,2,True
1924,2024-07,2090.8900000000003,2090.8900000000003,0.0,2,2,True
1924,2024-08,1663.6200000000001,1663.6200000000001,0.0,2,2,True
1924,2024-09,5272.68,5272.68,0.0,5,5,True
1924,2024-10,7480.19717,7480.19717,0.0,7,7,True
1924,2024-11,1943.11125,3124.92125,-1181.81,2,4,True
1924,2024-12,1181.81,1181.81,0.0,1,1,True
1924,2025-01,1181.81,1181.81,0.0,1,1,True
1925,2024-02,2127.25,3818.1400000000003,-1690.8899999999999,2,6,True
1925,2024-03,2040.9,2859.07,-818.17,2,4,True
1925,2024-04,909.08,909.08,0.0,1,1,True
1925,2024-05,2843.06,2843.06,0.0,3,3,True
1925,2024-06,6261.28,6261.28,0.0,7,7,True
1925,2024-07,2227.25,4572.68,-2345.4300000000003,2,8,True
1925,2024-08,1999.98,3572.69,-1572.71,2,6,True
1925,2024-09,6234.67,8325.560000000001,-2090.8900000000003,6,10,True
1925,2024-10,5384.72,8497.52,-3112.8,5,13,True
1925,2024-11,8963.78,8963.78,0.0,9,9,True
1925,2024-12,4553.2592700000005,4553.2592700000005,0.0,4,4,True
1925,2025-01,3349.07172,4349.06172,-999.99,3,5,True
1926,2024-02,0.0,818.17,-818.17,0,2,True
1926,2024-03,1264.10373,3809.52373,-2545.42,1,7,True
1926,2024-04,4438.01455,5347.09455,-909.08,5,7,True
1926,2024-05,3056.1356100000003,3710.6756100000002,-654.54,3,5,True
1926,2024-06,6996.52,9408.74,-2412.22,7,13,True
1926,2024-07,1600.4700000000003,4199.95,-2599.48,2,10,True
1926,2024-08,4599.96,4599.96,0.0,5,5,True
1926,2024-09,4454.51,5454.5,-999.99,4,6,True
1926,2024-10,3916.12766,8925.50766,-5009.38,4,14,True
1926,2024-11,5101.53676,6101.526760000001,-999.99,5,7,True
1926,2024-12,1278.48886,2187.56886,-909.08,1,3,True
1926,2025-01,1818.1799999999998,2454.5299999999997,-636.35,1,3,True
1927,2024-02,1997.02754,2815.19754,-818.17,2,4,True
1927,2024-03,4230.11836,4230.11836,0.0,5,5,True
1927,2024-04,2545.42,2545.42,0.0,3,3,True
1927,2024-05,1541.34,3450.41,-1909.0700000000002,2,6,True
1927,2024-06,1781.09308,3690.1630800000003,-1909.0700000000002,2,6,True
1927,2024-07,-909.0799999999999,1818.16,-2727.24,-1,5,True
1927,2024-08,1181.8100000000002,2181.8,-999.99,1,3,True
1927,2024-09,4823.05,5823.04,-999.99,5,7,True
1927,2024-10,1838.36,5292.88,-3454.52,2,8,True
1927,2024-11,1191.3700000000001,4100.43,-2909.06,1,7,True
1927,2024-12,4751.04677,6669.206770000001,-1918.16,5,9,True
1927,2025-01,2454.5299999999997,4909.0599999999995,-2454.5299999999997,2,6,True
1929,2024-02,-581.81,0.0,-581.81,-1,1,True
1929,2024-03,1727.25,1727.25,0.0,2,2,True
1929,2024-04,4433.86637,4433.86637,0.0,5,5,True
1929,2024-05,0.0,0.0,0.0,0,0,False
1929,2024-06,1090.9,1090.9,0.0,1,1,True
1929,2024-07,309.09000000000015,1090.9,-781.81,0,2,True
1929,2024-08,1363.63,2272.71,-909.08,1,3,True
1929,2024-09,1181.81,1181.81,0.0,1,1,True
1929,2024-10,5652.650000000001,5652.650000000001,0.0,6,6,True
1929,2024-11,2106.4700000000003,3966.9,-1860.43,2,6,True
1929,2024-12,4361.50336,5316.04336,-954.54,4,6,True
1929,2025-01,3676.25,3676.25,0.0,3,3,True
1930,2024-02,3098.14,3825.3999999999996,-727.26,4,6,True
1930,2024-03,-42.0,-42.0,0.0,1,1,True
1930,2024-04,5898.06984,7414.40984,-1516.34,6,10,True
1930,2024-05,3783.6915500000005,3783.6915500000005,0.0,4,4,True
1930,2024-06,2612.76,3636.32,-1023.56,3,5,True
1930,2024-07,-154.55000000000018,3609.05,-3763.6000000000004,0,8,True
1930,2024-08,-118.17000000000019,2181.8,-2299.9700000000003,-1,5,True
1930,2024-09,2957.9700000000003,2957.9700000000003,0.0,3,3,True
1930,2024-10,2325.35,4218.15,-1892.8000000000002,2,6,True
1930,2024-11,9350.26516,10132.07516,-781.81,8,10,True
1930,2024-12,4204.51091,4204.51091,0.0,4,4,True
1930,2025-01,1209.0800000000002,4318.15,-3109.0699999999997,1,7,True
1931,2024-02,2379.5099999999998,2379.5099999999998,0.0,3,3,True
1931,2024-03,4804.13,6622.29,-1818.16,5,9,True
1931,2024-04,7577.08,8486.16,-909.08,9,11,True
1931,2024-05,2545.42,5636.3,-3090.88,3,9,True
1931,2024-06,5074.41,7299.84,-2225.4300000000003,5,11,True
1931,2024-07,-1336.35,3699.96,-5036.31,-2,10,True
1931,2024-08,-52.00002000000018,3129.78998,-3181.79,0,6,True
1931,2024-09,4799.96,7181.75,-2381.79,4,10,True
1931,2024-10,5716.91992,7600.53992,-1883.6200000000001,6,10,True
1931,2024-11,1661.5550000000003,4025.175,-2363.62,2,6,True
1931,2024-12,6809.35422,7318.60422,-509.25,6,8,True
1931,2025-01,1886.3400000000001,1886.3400000000001,0.0,2,2,True
1932,2024-02,818.17,818.17,0.0,1,1,True
1932,2024-03,3727.23,6181.74,-2454.51,4,10,True
1932,2024-04,1236.23036,4145.29036,-2909.06,2,8,True
1932,2024-05,3815.50813,5451.84813,-1636.34,4,8,True
1932,2024-06,11114.32777,11932.49777,-818.17,12,14,True
1932,2024-07,1090.9,2090.8900000000003,-999.99,1,3,True
1932,2024-08,3463.59,6163.56,-2699.9700000000003,6,12,True
1932,2024-09,10303.561150000001,12485.36115,-2181.8,11,15,True
1932,2024-10,4843.58,8807.18,-3963.6,5,13,True
1932,2024-11,13094.300000000001,14021.560000000001,-927.26,12,14,True
1932,2024-12,8490.73887,8490.73887,0.0,8,8,True
1932,2025-01,10375.93,12466.82,-2090.89,9,12,True
1933,2024-02,999.99,1909.0700000000002,-909.08,1,3,True
1933,2024-03,966.9,966.9,0.0,1,1,True
1933,2024-04,1606.34,1606.34,0.0,2,2,True
1933,2024-05,1636.34,1636.34,0.0,2,2,True
1933,2024-06,1339.72,1819.71,-479.99,1,3,True
1933,2024-07,663.6300000000001,1663.6200000000001,-999.99,1,3,True
1933,2024-08,5327.22,5327.22,0.0,6,6,True
1933,2024-09,1663.6200000000001,2754.5200000000004,-1090.9,2,4,True
1933,2024-10,4415.950000000001,5454.5,-1038.55,4,6,True
1933,2024-11,1272.72,1272.72,0.0,1,1,True
1933,2024-12,-909.08,0.0,-909.08,-1,1,True
1933,2025-01,0.0,0.0,0.0,0,0,False
1934,2024-02,909.08,909.08,0.0,1,1,True
1934,2024-03,818.17,818.17,0.0,1,1,True
1934,2024-04,1090.9,1090.9,0.0,1,1,True
1934,2024-05,0.0,0.0,0.0,0,0,False
1934,2024-06,909.08,2509.0600000000004,-1599.98,1,5,True
1934,2024-07,2209.06,3118.14,-909.08,3,5,True
1934,2024-08,-636.36,1272.71,-1909.0700000000002,0,4,True
1934,2024-09,-999.99,1090.9,-2090.8900000000003,-1,3,True
1934,2024-10,4505.56357,7960.083570000001,-3454.52,5,11,True
1934,2024-11,2092.55,2092.55,0.0,2,2,True
1934,2024-12,0.0,999.99,-999.99,0,2,True
1934,2025-01,1272.72,2363.62,-1090.9,1,3,True
1935,2024-02,3727.23,3727.23,0.0,4,4,True
1935,2024-03,2363.62636,6454.476360000001,-4090.85,2,12,True
1935,2024-04,9205.84923,10024.01923,-818.17,10,12,True
1935,2024-05,2508.90923,3417.98923,-909.08,3,5,True
1935,2024-06,11832.88268,20608.10268,-8775.22,13,33,True
1935,2024-07,7625.135200000001,9979.655200000001,-2354.52,11,17,True
1935,2024-08,3119.90325,6822.93325,-3703.03,5,15,True
1935,2024-09,1790.9000000000003,7818.120000000001,-6027.22,1,13,True
1935,2024-10,7984.22,8597.85,-613.63,7,9,True
1935,2024-11,10919.67296,12776.17296,-1856.5,10,14,True
1935,2024-12,8373.61565,9555.425650000001,-1181.81,10,12,True
1935,2025-01,9557.29009,14593.61009,-5036.32,8,18,True
1936,2024-02,3272.7009100000005,4090.87091,-818.17,3,5,True
1936,2024-03,7572.39571,8186.02571,-613.63,8,10,True
1936,2024-04,999.9900000000001,2636.33,-1636.34,1,5,True
1936,2024-05,4063.58,5790.83,-1727.25,5,9,True
1936,2024-06,10424.13364,11242.30364,-818.17,11,13,True
1936,2024-07,4926.55694,7312.80694,-2386.25,6,12,True
1936,2024-08,10241.49358,14332.363580000001,-4090.8700000000003,12,20,True
1936,2024-09,16765.50921,23856.339210000002,-7090.83,15,31,True
1936,2024-10,2314.35829,9588.66829,-7274.31,2,18,True
1936,2024-11,10937.89415,14455.774150000001,-3517.88,10,18,True
1936,2024-12,11208.9969,15818.036900000001,-4609.04,10,20,True
1936,2025-01,9927.97458,11837.04458,-1909.0700000000002,9,13,True
1937,2024-02,1727.25,1727.25,0.0,2,2,True
1937,2024-03,1282.71514,2682.69514,-1399.98,1,5,True
1937,2024-04,1181.8100000000002,1999.98,-818.17,1,3,True
1937,2024-05,909.0799999999999,2636.33,-1727.25,1,5,True
1937,2024-06,6865.75957,8865.73957,-1999.98,8,12,True
1937,2024-07,672.7200000000001,1854.5300000000002,-1181.81,1,3,True
1937,2024-08,2410.72753,3501.62753,-1090.9,3,5,True
1937,2024-09,3545.4300000000003,5363.59,-1818.16,3,7,True
1937,2024-10,2090.8900000000003,2090.8900000000003,0.0,2,2,True
1937,2024-11,6364.39545,6364.39545,0.0,7,7,True
1937,2024-12,1482.21,2454.5299999999997,-972.32,1,3,True
1937,2025-01,5623.12269,5623.12269,0.0,5,5,True
1938,2024-02,577.9999999999999,2941.6,-2363.6,1,7,True
1938,2024-03,4069.51641,4669.50641,-599.99,4,6,True
1938,2024-04,1090.9,3545.41,-2454.5099999999998,1,7,True
1938,2024-05,0.0,999.99,-999.99,0,2,True
1938,2024-06,3539.3,5615.030000000001,-2075.73,3,9,True
1938,2024-07,727.2600000000001,2290.88,-1563.62,2,6,True
1938,2024-08,5245.40091,8427.190910000001,-3181.79,6,12,True
1938,2024-09,8818.11,9818.1,-999.99,8,10,True
1938,2024-10,7229.59,8911.39,-1681.8000000000002,7,11,True
1938,2024-11,4529.500260000001,7441.760260000001,-2912.26,5,11,True
1938,2024-12,3521.08214,3521.08214,0.0,3,3,True
1938,2025-01,3194.25,4557.88,-1363.63,3,5,True
1939,2024-02,1036.35,2636.33,-1599.98,1,5,True
1939,2024-03,1727.2500000000002,4545.4,-2818.15,2,8,True
1939,2024-04,6595.650000000001,8231.99,-1636.34,7,11,True
1939,2024-05,2655.81,4992.14,-2336.33,2,8,True
1939,2024-06,1684.9899999999998,10230.35,-8545.36,2,20,True
1939,2024-07,6170.39,9170.36,-2999.9700000000003,7,13,True
1939,2024-08,10090.83,11090.82,-999.99,9,11,True
1939,2024-09,14406.44,19333.66,-4927.22,13,23,True
1939,2024-10,20947.59488,29573.12488,-8625.53,20,38,True
1939,2024-11,9104.96448,12705.09448,-3600.13,8,16,True
1939,2024-12,13334.551950000001,14516.36195,-1181.81,13,15,True
1939,2025-01,17572.91,20472.57,-2899.66,15,21,True
1940,2024-02,-818.17,818.17,-1636.34,-1,3,True
1940,2024-03,4454.49,4454.49,0.0,5,5,True
1940,2024-04,4191.49794,5282.39794,-1090.9,5,7,True
1940,2024-05,1727.25,1727.25,0.0,2,2,True
1940,2024-06,2246.75653,3883.0965300000003,-1636.34,2,6,True
1940,2024-07,2054.53818,4418.13818,-2363.6,2,8,True
1940,2024-08,1233.19285,1233.19285,0.0,2,2,True
1940,2024-09,4108.780000000001,5290.59,-1181.81,4,6,True
1940,2024-10,6402.74,9402.71,-2999.97,6,12,True
1940,2024-11,4085.59603,5085.58603,-999.99,4,6,True
1940,2024-12,2204.5299999999997,2204.5299999999997,0.0,2,2,True
1940,2025-01,4727.24,4727.24,0.0,4,4,True
1941,2024-02,509.09000000000015,1090.9,-581.81,0,2,True
1941,2024-03,6953.493060000001,6953.493060000001,0.0,7,7,True
1941,2024-04,3256.81432,6620.40432,-3363.59,4,12,True
1941,2024-05,4056.67,4612.22,-555.55,4,6,True
1941,2024-06,-1098.8646800000001,3612.12532,-4710.99,-1,9,True
1941,2024-07,1963.6100000000001,1963.6100000000001,0.0,3,3,True
1941,2024-08,1481.8100000000002,5945.4,-4463.59,1,11,True
1941,2024-09,4645.39624,9213.52624,-4568.13,3,13,True
1941,2024-10,6471.77,8235.39,-1763.62,6,10,True
1941,2024-11,1256.8100000000002,3956.78,-2699.9700000000003,1,7,True
1941,2024-12,-1302.6799999999998,1090.9,-2393.58,-2,4,True
1941,2025-01,7068.129999999999,8068.12,-999.99,6,8,True
